productId,name,brand,price
P00001,원피스 스타일 001,Atelier Blanc,106000
P00002,원피스 스타일 002,Common Days,124000
P00003,원피스 스타일 003,Nord Studio,102000
P00004,원피스 스타일 004,Nord Studio,92000
P00005,원피스 스타일 005,Common Days,84000
P00006,원피스 스타일 006,Urban Loom,115000
P00007,원피스 스타일 007,Studio 8,116000
P00008,원피스 스타일 008,Nord Studio,72000
P00009,원피스 스타일 009,Studio 8,125000
P00010,원피스 스타일 010,Nord Studio,80000
P00011,원피스 스타일 011,Common Days,113000
P00012,원피스 스타일 012,Common Days,126000
P00013,원피스 스타일 013,Petal & Co,105000
P00014,원피스 스타일 014,Petal & Co,61000
P00015,원피스 스타일 015,Common Days,95000
P00016,아우터 스타일 016,Maison Ivy,121000
P00017,아우터 스타일 017,Nord Studio,248000
P00018,아우터 스타일 018,Urban Loom,152000
P00019,아우터 스타일 019,Petal & Co,231000
P00020,아우터 스타일 020,Nine Stitch,271000
P00021,아우터 스타일 021,Nine Stitch,133000
P00022,아우터 스타일 022,Petal & Co,173000
P00023,아우터 스타일 023,Common Days,221000
P00024,아우터 스타일 024,Urban Loom,178000
P00025,아우터 스타일 025,Haus Mono,132000
P00026,아우터 스타일 026,Atelier Blanc,104000
P00027,아우터 스타일 027,Nine Stitch,176000
P00028,아우터 스타일 028,Common Days,222000
P00029,아우터 스타일 029,Common Days,208000
P00030,아우터 스타일 030,Atelier Blanc,128000
P00031,코트 스타일 031,Haus Mono,228000
P00032,코트 스타일 032,Nord Studio,210000
P00033,코트 스타일 033,Studio 8,189000
P00034,코트 스타일 034,Maison Ivy,289000
P00035,코트 스타일 035,Nord Studio,197000
P00036,코트 스타일 036,Common Days,247000
P00037,코트 스타일 037,Nine Stitch,332000
P00038,코트 스타일 038,Maison Ivy,247000
P00039,코트 스타일 039,Atelier Blanc,264000
P00040,코트 스타일 040,Nord Studio,145000
P00041,코트 스타일 041,Urban Loom,168000
P00042,코트 스타일 042,Common Days,151000
P00043,코트 스타일 043,Petal & Co,297000
P00044,코트 스타일 044,Le Chat,312000
P00045,코트 스타일 045,Common Days,170000
P00046,가디건 스타일 046,Nord Studio,76000
P00047,가디건 스타일 047,Maison Ivy,84000
P00048,가디건 스타일 048,Maison Ivy,106000
P00049,가디건 스타일 049,Nord Studio,108000
P00050,가디건 스타일 050,Studio 8,113000
P00051,가디건 스타일 051,Le Chat,131000
P00052,가디건 스타일 052,Common Days,82000
P00053,가디건 스타일 053,Le Chat,111000
P00054,가디건 스타일 054,Common Days,103000
P00055,가디건 스타일 055,Common Days,83000
P00056,가디건 스타일 056,Studio 8,131000
P00057,가디건 스타일 057,Urban Loom,66000
P00058,가디건 스타일 058,Haus Mono,115000
P00059,가디건 스타일 059,Atelier Blanc,117000
P00060,가디건 스타일 060,Le Chat,132000
P00061,니트 스타일 061,Common Days,85000
P00062,니트 스타일 062,Studio 8,71000
P00063,니트 스타일 063,Urban Loom,106000
P00064,니트 스타일 064,Nine Stitch,102000
P00065,니트 스타일 065,Urban Loom,84000
P00066,니트 스타일 066,Studio 8,102000
P00067,니트 스타일 067,Studio 8,67000
P00068,니트 스타일 068,Nine Stitch,90000
P00069,니트 스타일 069,Studio 8,109000
P00070,니트 스타일 070,Haus Mono,71000
P00071,니트 스타일 071,Le Chat,82000
P00072,니트 스타일 072,Petal & Co,115000
P00073,니트 스타일 073,Le Chat,104000
P00074,니트 스타일 074,Le Chat,111000
P00075,니트 스타일 075,Common Days,75000
P00076,청바지 스타일 076,Common Days,108000
P00077,청바지 스타일 077,Urban Loom,58000
P00078,청바지 스타일 078,Atelier Blanc,80000
P00079,청바지 스타일 079,Nine Stitch,77000
P00080,청바지 스타일 080,Le Chat,96000
P00081,청바지 스타일 081,Le Chat,103000
P00082,청바지 스타일 082,Urban Loom,92000
P00083,청바지 스타일 083,Petal & Co,86000
P00084,청바지 스타일 084,Atelier Blanc,74000
P00085,청바지 스타일 085,Nord Studio,79000
P00086,청바지 스타일 086,Nord Studio,79000
P00087,청바지 스타일 087,Studio 8,50000
P00088,청바지 스타일 088,Nord Studio,79000
P00089,청바지 스타일 089,Atelier Blanc,100000
P00090,청바지 스타일 090,Petal & Co,91000
P00091,신발 스타일 091,Nord Studio,146000
P00092,신발 스타일 092,Urban Loom,101000
P00093,신발 스타일 093,Atelier Blanc,117000
P00094,신발 스타일 094,Petal & Co,62000
P00095,신발 스타일 095,Atelier Blanc,101000
P00096,신발 스타일 096,Le Chat,111000
P00097,신발 스타일 097,Common Days,87000
P00098,신발 스타일 098,Atelier Blanc,62000
P00099,신발 스타일 099,Atelier Blanc,134000
P00100,신발 스타일 100,Petal & Co,106000
P00101,신발 스타일 101,Atelier Blanc,104000
P00102,신발 스타일 102,Haus Mono,86000
P00103,신발 스타일 103,Common Days,118000
P00104,신발 스타일 104,Studio 8,107000
P00105,신발 스타일 105,Common Days,111000
P00106,가방 스타일 106,Petal & Co,179000
P00107,가방 스타일 107,Atelier Blanc,70000
P00108,가방 스타일 108,Common Days,241000
P00109,가방 스타일 109,Atelier Blanc,82000
P00110,가방 스타일 110,Urban Loom,154000
P00111,가방 스타일 111,Maison Ivy,108000
P00112,가방 스타일 112,Urban Loom,168000
P00113,가방 스타일 113,Urban Loom,122000
P00114,가방 스타일 114,Le Chat,232000
P00115,가방 스타일 115,Studio 8,144000
P00116,가방 스타일 116,Nord Studio,190000
P00117,가방 스타일 117,Atelier Blanc,116000
P00118,가방 스타일 118,Petal & Co,72000
P00119,가방 스타일 119,Haus Mono,145000
P00120,가방 스타일 120,Studio 8,170000
P00121,액세서리 스타일 121,Urban Loom,44000
P00122,액세서리 스타일 122,Nine Stitch,76000
P00123,액세서리 스타일 123,Maison Ivy,60000
P00124,액세서리 스타일 124,Studio 8,78000
P00125,액세서리 스타일 125,Maison Ivy,33000
P00126,액세서리 스타일 126,Petal & Co,65000
P00127,액세서리 스타일 127,Nord Studio,50000
P00128,액세서리 스타일 128,Studio 8,54000
P00129,액세서리 스타일 129,Le Chat,78000
P00130,액세서리 스타일 130,Haus Mono,56000
P00131,액세서리 스타일 131,Urban Loom,72000
P00132,액세서리 스타일 132,Nord Studio,61000
P00133,액세서리 스타일 133,Petal & Co,23000
P00134,액세서리 스타일 134,Nine Stitch,59000
P00135,액세서리 스타일 135,Studio 8,45000
P00136,스커트 스타일 136,Common Days,94000
P00137,스커트 스타일 137,Haus Mono,87000
P00138,스커트 스타일 138,Urban Loom,45000
P00139,스커트 스타일 139,Haus Mono,47000
P00140,스커트 스타일 140,Nord Studio,43000
P00141,스커트 스타일 141,Haus Mono,68000
P00142,스커트 스타일 142,Maison Ivy,43000
P00143,스커트 스타일 143,Common Days,82000
P00144,스커트 스타일 144,Haus Mono,72000
P00145,스커트 스타일 145,Urban Loom,89000
P00146,스커트 스타일 146,Haus Mono,55000
P00147,스커트 스타일 147,Haus Mono,70000
P00148,스커트 스타일 148,Haus Mono,46000
P00149,스커트 스타일 149,Atelier Blanc,92000
P00150,스커트 스타일 150,Urban Loom,49000
P00151,셔츠 스타일 151,Nine Stitch,44000
P00152,셔츠 스타일 152,Urban Loom,49000
P00153,셔츠 스타일 153,Atelier Blanc,79000
P00154,셔츠 스타일 154,Nine Stitch,44000
P00155,셔츠 스타일 155,Atelier Blanc,69000
P00156,셔츠 스타일 156,Atelier Blanc,76000
P00157,셔츠 스타일 157,Haus Mono,76000
P00158,셔츠 스타일 158,Maison Ivy,48000
P00159,셔츠 스타일 159,Urban Loom,42000
P00160,셔츠 스타일 160,Le Chat,61000
P00161,셔츠 스타일 161,Petal & Co,49000
P00162,셔츠 스타일 162,Petal & Co,73000
P00163,셔츠 스타일 163,Maison Ivy,56000
P00164,셔츠 스타일 164,Atelier Blanc,61000
P00165,셔츠 스타일 165,Maison Ivy,44000
P00166,스포츠웨어 스타일 166,Le Chat,73000
P00167,스포츠웨어 스타일 167,Atelier Blanc,50000
P00168,스포츠웨어 스타일 168,Atelier Blanc,79000
P00169,스포츠웨어 스타일 169,Studio 8,43000
P00170,스포츠웨어 스타일 170,Nord Studio,97000
P00171,스포츠웨어 스타일 171,Maison Ivy,80000
P00172,스포츠웨어 스타일 172,Common Days,49000
P00173,스포츠웨어 스타일 173,Studio 8,39000
P00174,스포츠웨어 스타일 174,Petal & Co,59000
P00175,스포츠웨어 스타일 175,Common Days,48000
P00176,스포츠웨어 스타일 176,Nine Stitch,52000
P00177,스포츠웨어 스타일 177,Le Chat,91000
P00178,스포츠웨어 스타일 178,Petal & Co,75000
P00179,스포츠웨어 스타일 179,Nine Stitch,49000
P00180,스포츠웨어 스타일 180,Haus Mono,72000
