상품ID_A,상품ID_B,동시조회_횟수,카테고리_A,카테고리_B
P00065,P00071,27,니트,니트
P00006,P00009,27,원피스,원피스
P00005,P00011,26,원피스,원피스
P00002,P00006,25,원피스,원피스
P00001,P00012,25,원피스,원피스
P00005,P00009,25,원피스,원피스
P00065,P00070,25,니트,니트
P00008,P00012,25,원피스,원피스
P00002,P00011,25,원피스,원피스
P00007,P00008,24,원피스,원피스
P00111,P00115,24,가방,가방
P00061,P00071,24,니트,니트
P00009,P00013,24,원피스,원피스
P00063,P00071,24,니트,니트
P00002,P00013,23,원피스,원피스
P00003,P00011,23,원피스,원피스
P00008,P00011,23,원피스,원피스
P00006,P00015,23,원피스,원피스
P00008,P00015,23,원피스,원피스
P00112,P00115,23,가방,가방
P00004,P00008,23,원피스,원피스
P00106,P00113,23,가방,가방
P00004,P00005,22,원피스,원피스
P00002,P00015,22,원피스,원피스
P00004,P00015,22,원피스,원피스
P00008,P00013,22,원피스,원피스
P00009,P00011,22,원피스,원피스
P00003,P00009,22,원피스,원피스
P00003,P00010,22,원피스,원피스
P00006,P00008,22,원피스,원피스
P00002,P00012,22,원피스,원피스
P00065,P00067,22,니트,니트
P00003,P00013,22,원피스,원피스
P00122,P00133,21,액세서리,액세서리
P00001,P00006,21,원피스,원피스
P00005,P00015,21,원피스,원피스
P00012,P00013,21,원피스,원피스
P00001,P00002,21,원피스,원피스
P00003,P00012,21,원피스,원피스
P00003,P00015,21,원피스,원피스
P00001,P00013,21,원피스,원피스
P00005,P00008,21,원피스,원피스
P00154,P00160,21,셔츠,셔츠
P00006,P00014,21,원피스,원피스
P00006,P00013,20,원피스,원피스
P00003,P00005,20,원피스,원피스
P00063,P00075,20,니트,니트
P00002,P00005,20,원피스,원피스
P00063,P00070,20,니트,니트
P00070,P00071,20,니트,니트
P00063,P00065,20,니트,니트
P00004,P00013,20,원피스,원피스
P00069,P00074,20,니트,니트
P00004,P00006,20,원피스,원피스
P00001,P00011,20,원피스,원피스
P00008,P00009,20,원피스,원피스
P00014,P00015,20,원피스,원피스
P00001,P00008,20,원피스,원피스
P00114,P00120,20,가방,가방
P00002,P00003,20,원피스,원피스
P00076,P00086,20,청바지,청바지
P00005,P00006,20,원피스,원피스
P00002,P00008,19,원피스,원피스
P00063,P00074,19,니트,니트
P00003,P00014,19,원피스,원피스
P00010,P00012,19,원피스,원피스
P00106,P00111,19,가방,가방
P00002,P00007,19,원피스,원피스
P00003,P00004,19,원피스,원피스
P00115,P00119,19,가방,가방
P00004,P00007,19,원피스,원피스
P00007,P00012,19,원피스,원피스
P00106,P00114,19,가방,가방
P00106,P00118,19,가방,가방
P00004,P00014,19,원피스,원피스
P00002,P00010,19,원피스,원피스
P00013,P00015,19,원피스,원피스
P00128,P00131,19,액세서리,액세서리
P00156,P00165,19,셔츠,셔츠
P00077,P00078,19,청바지,청바지
P00070,P00074,19,니트,니트
P00078,P00079,19,청바지,청바지
P00071,P00075,19,니트,니트
P00002,P00014,19,원피스,원피스
P00129,P00131,19,액세서리,액세서리
P00065,P00075,19,니트,니트
P00111,P00118,19,가방,가방
P00009,P00015,19,원피스,원피스
P00106,P00120,18,가방,가방
P00065,P00074,18,니트,니트
P00157,P00165,18,셔츠,셔츠
P00064,P00065,18,니트,니트
P00071,P00073,18,니트,니트
P00076,P00078,18,청바지,청바지
P00087,P00088,18,청바지,청바지
P00111,P00119,18,가방,가방
P00004,P00012,18,원피스,원피스
P00140,P00145,18,스커트,스커트
P00009,P00014,18,원피스,원피스
P00005,P00007,18,원피스,원피스
P00007,P00015,18,원피스,원피스
P00122,P00131,18,액세서리,액세서리
P00076,P00079,18,청바지,청바지
P00005,P00013,18,원피스,원피스
P00076,P00084,18,청바지,청바지
P00152,P00162,18,셔츠,셔츠
P00008,P00010,18,원피스,원피스
P00138,P00146,18,스커트,스커트
P00140,P00147,18,스커트,스커트
P00107,P00110,18,가방,가방
P00121,P00123,18,액세서리,액세서리
P00157,P00160,18,셔츠,셔츠
P00078,P00090,18,청바지,청바지
P00155,P00161,17,셔츠,셔츠
P00156,P00160,17,셔츠,셔츠
P00114,P00117,17,가방,가방
P00126,P00131,17,액세서리,액세서리
P00067,P00071,17,니트,니트
P00117,P00120,17,가방,가방
P00010,P00011,17,원피스,원피스
P00001,P00010,17,원피스,원피스
P00007,P00011,17,원피스,원피스
P00009,P00010,17,원피스,원피스
P00137,P00147,17,스커트,스커트
P00081,P00090,17,청바지,청바지
P00063,P00069,17,니트,니트
P00061,P00063,17,니트,니트
P00064,P00071,17,니트,니트
P00111,P00116,17,가방,가방
P00113,P00120,17,가방,가방
P00109,P00111,17,가방,가방
P00106,P00108,17,가방,가방
P00004,P00009,17,원피스,원피스
P00063,P00068,17,니트,니트
P00061,P00070,17,니트,니트
P00152,P00156,17,셔츠,셔츠
P00069,P00070,17,니트,니트
P00011,P00012,17,원피스,원피스
P00003,P00008,17,원피스,원피스
P00071,P00072,17,니트,니트
P00010,P00015,17,원피스,원피스
P00002,P00009,17,원피스,원피스
P00077,P00086,17,청바지,청바지
P00013,P00014,17,원피스,원피스
P00109,P00115,17,가방,가방
P00012,P00015,17,원피스,원피스
P00010,P00013,17,원피스,원피스
P00085,P00087,17,청바지,청바지
P00107,P00111,17,가방,가방
P00007,P00014,17,원피스,원피스
P00001,P00007,17,원피스,원피스
P00067,P00070,17,니트,니트
P00062,P00064,16,니트,니트
P00157,P00161,16,셔츠,셔츠
P00141,P00150,16,스커트,스커트
P00136,P00147,16,스커트,스커트
P00086,P00087,16,청바지,청바지
P00067,P00075,16,니트,니트
P00106,P00115,16,가방,가방
P00076,P00090,16,청바지,청바지
P00106,P00107,16,가방,가방
P00003,P00006,16,원피스,원피스
P00136,P00149,16,스커트,스커트
P00138,P00141,16,스커트,스커트
P00007,P00013,16,원피스,원피스
P00160,P00162,16,셔츠,셔츠
P00004,P00011,16,원피스,원피스
P00134,P00135,16,액세서리,액세서리
P00110,P00115,16,가방,가방
P00065,P00068,16,니트,니트
P00002,P00004,16,원피스,원피스
P00070,P00073,16,니트,니트
P00084,P00086,16,청바지,청바지
P00006,P00007,16,원피스,원피스
P00078,P00084,16,청바지,청바지
P00122,P00123,16,액세서리,액세서리
P00079,P00086,16,청바지,청바지
P00128,P00133,16,액세서리,액세서리
P00118,P00120,16,가방,가방
P00101,P00104,16,신발,신발
P00069,P00072,16,니트,니트
P00106,P00117,16,가방,가방
P00142,P00150,16,스커트,스커트
P00085,P00086,16,청바지,청바지
P00112,P00116,16,가방,가방
P00078,P00087,16,청바지,청바지
P00145,P00149,16,스커트,스커트
P00117,P00118,16,가방,가방
P00005,P00012,16,원피스,원피스
P00069,P00071,16,니트,니트
P00078,P00083,16,청바지,청바지
P00080,P00088,16,청바지,청바지
P00063,P00064,16,니트,니트
P00061,P00064,16,니트,니트
P00080,P00085,16,청바지,청바지
P00113,P00116,16,가방,가방
P00080,P00090,16,청바지,청바지
P00081,P00086,16,청바지,청바지
P00065,P00066,16,니트,니트
P00109,P00117,16,가방,가방
P00111,P00120,16,가방,가방
P00145,P00147,16,스커트,스커트
P00061,P00068,16,니트,니트
P00144,P00146,15,스커트,스커트
P00064,P00069,15,니트,니트
P00073,P00075,15,니트,니트
P00159,P00164,15,셔츠,셔츠
P00106,P00110,15,가방,가방
P00140,P00148,15,스커트,스커트
P00076,P00083,15,청바지,청바지
P00153,P00155,15,셔츠,셔츠
P00097,P00101,15,신발,신발
P00083,P00086,15,청바지,청바지
P00068,P00071,15,니트,니트
P00061,P00066,15,니트,니트
P00005,P00014,15,원피스,원피스
P00069,P00075,15,니트,니트
P00154,P00157,15,셔츠,셔츠
P00111,P00113,15,가방,가방
P00001,P00005,15,원피스,원피스
P00062,P00065,15,니트,니트
P00156,P00162,15,셔츠,셔츠
P00111,P00114,15,가방,가방
P00076,P00077,15,청바지,청바지
P00088,P00090,15,청바지,청바지
P00077,P00085,15,청바지,청바지
P00063,P00072,15,니트,니트
P00061,P00069,15,니트,니트
P00123,P00131,15,액세서리,액세서리
P00077,P00079,15,청바지,청바지
P00088,P00089,15,청바지,청바지
P00006,P00010,15,원피스,원피스
P00083,P00089,15,청바지,청바지
P00079,P00081,15,청바지,청바지
P00068,P00075,15,니트,니트
P00143,P00150,15,스커트,스커트
P00011,P00015,15,원피스,원피스
P00153,P00157,15,셔츠,셔츠
P00136,P00150,15,스커트,스커트
P00067,P00068,15,니트,니트
P00100,P00103,15,신발,신발
P00077,P00090,15,청바지,청바지
P00011,P00013,15,원피스,원피스
P00107,P00115,15,가방,가방
P00078,P00081,15,청바지,청바지
P00001,P00009,15,원피스,원피스
P00106,P00116,15,가방,가방
P00159,P00160,15,셔츠,셔츠
P00157,P00163,15,셔츠,셔츠
P00080,P00086,15,청바지,청바지
P00119,P00120,14,가방,가방
P00107,P00112,14,가방,가방
P00067,P00074,14,니트,니트
P00079,P00090,14,청바지,청바지
P00065,P00069,14,니트,니트
P00122,P00129,14,액세서리,액세서리
P00138,P00150,14,스커트,스커트
P00113,P00118,14,가방,가방
P00106,P00119,14,가방,가방
P00157,P00164,14,셔츠,셔츠
P00100,P00105,14,신발,신발
P00140,P00141,14,스커트,스커트
P00140,P00150,14,스커트,스커트
P00107,P00113,14,가방,가방
P00101,P00102,14,신발,신발
P00072,P00074,14,니트,니트
P00005,P00010,14,원피스,원피스
P00141,P00144,14,스커트,스커트
P00006,P00012,14,원피스,원피스
P00041,P00044,14,코트,코트
P00112,P00120,14,가방,가방
P00138,P00142,14,스커트,스커트
P00009,P00012,14,원피스,원피스
P00123,P00130,14,액세서리,액세서리
P00163,P00165,14,셔츠,셔츠
P00125,P00130,14,액세서리,액세서리
P00131,P00135,14,액세서리,액세서리
P00062,P00071,14,니트,니트
P00147,P00148,14,스커트,스커트
P00115,P00116,14,가방,가방
P00068,P00070,14,니트,니트
P00112,P00119,14,가방,가방
P00079,P00089,14,청바지,청바지
P00080,P00081,14,청바지,청바지
P00154,P00162,14,셔츠,셔츠
P00143,P00147,14,스커트,스커트
P00004,P00010,14,원피스,원피스
P00010,P00014,14,원피스,원피스
P00110,P00113,14,가방,가방
P00157,P00162,14,셔츠,셔츠
P00109,P00120,14,가방,가방
P00113,P00117,14,가방,가방
P00067,P00073,14,니트,니트
P00061,P00073,14,니트,니트
P00077,P00089,14,청바지,청바지
P00109,P00112,14,가방,가방
P00149,P00150,14,스커트,스커트
P00141,P00142,14,스커트,스커트
P00137,P00150,14,스커트,스커트
P00147,P00150,14,스커트,스커트
P00078,P00089,14,청바지,청바지
P00124,P00127,14,액세서리,액세서리
P00066,P00070,14,니트,니트
P00082,P00083,14,청바지,청바지
P00140,P00142,14,스커트,스커트
P00121,P00135,14,액세서리,액세서리
P00155,P00160,14,셔츠,셔츠
P00121,P00130,14,액세서리,액세서리
P00086,P00090,13,청바지,청바지
P00116,P00120,13,가방,가방
P00061,P00065,13,니트,니트
P00112,P00114,13,가방,가방
P00003,P00007,13,원피스,원피스
P00101,P00103,13,신발,신발
P00145,P00148,13,스커트,스커트
P00140,P00146,13,스커트,스커트
P00155,P00156,13,셔츠,셔츠
P00153,P00156,13,셔츠,셔츠
P00064,P00073,13,니트,니트
P00095,P00104,13,신발,신발
P00085,P00090,13,청바지,청바지
P00061,P00067,13,니트,니트
P00076,P00085,13,청바지,청바지
P00155,P00162,13,셔츠,셔츠
P00136,P00138,13,스커트,스커트
P00122,P00135,13,액세서리,액세서리
P00068,P00073,13,니트,니트
P00155,P00163,13,셔츠,셔츠
P00160,P00161,13,셔츠,셔츠
P00158,P00160,13,셔츠,셔츠
P00156,P00161,13,셔츠,셔츠
P00079,P00080,13,청바지,청바지
P00110,P00111,13,가방,가방
P00064,P00067,13,니트,니트
P00067,P00072,13,니트,니트
P00072,P00075,13,니트,니트
P00093,P00101,13,신발,신발
P00126,P00128,13,액세서리,액세서리
P00031,P00041,13,코트,코트
P00152,P00159,13,셔츠,셔츠
P00084,P00089,13,청바지,청바지
P00144,P00148,13,스커트,스커트
P00100,P00101,13,신발,신발
P00152,P00153,13,셔츠,셔츠
P00151,P00153,13,셔츠,셔츠
P00077,P00080,13,청바지,청바지
P00098,P00101,13,신발,신발
P00076,P00081,13,청바지,청바지
P00142,P00143,13,스커트,스커트
P00077,P00081,13,청바지,청바지
P00081,P00084,13,청바지,청바지
P00061,P00072,13,니트,니트
P00092,P00103,13,신발,신발
P00115,P00117,13,가방,가방
P00114,P00119,13,가방,가방
P00161,P00165,13,셔츠,셔츠
P00011,P00014,13,원피스,원피스
P00141,P00148,13,스커트,스커트
P00125,P00126,13,액세서리,액세서리
P00082,P00088,13,청바지,청바지
P00006,P00011,13,원피스,원피스
P00108,P00109,13,가방,가방
P00110,P00114,13,가방,가방
P00153,P00165,13,셔츠,셔츠
P00130,P00134,13,액세서리,액세서리
P00113,P00114,13,가방,가방
P00084,P00085,13,청바지,청바지
P00152,P00160,13,셔츠,셔츠
P00142,P00149,13,스커트,스커트
P00129,P00134,13,액세서리,액세서리
P00152,P00164,13,셔츠,셔츠
P00116,P00117,13,가방,가방
P00110,P00112,13,가방,가방
P00065,P00072,13,니트,니트
P00136,P00148,13,스커트,스커트
P00144,P00150,13,스커트,스커트
P00112,P00113,13,가방,가방
P00113,P00115,13,가방,가방
P00156,P00159,13,셔츠,셔츠
P00094,P00105,13,신발,신발
P00142,P00147,13,스커트,스커트
P00085,P00089,13,청바지,청바지
P00115,P00120,13,가방,가방
P00078,P00086,13,청바지,청바지
P00136,P00145,13,스커트,스커트
P00154,P00155,13,셔츠,셔츠
P00121,P00129,13,액세서리,액세서리
P00083,P00085,12,청바지,청바지
P00073,P00074,12,니트,니트
P00123,P00125,12,액세서리,액세서리
P00121,P00132,12,액세서리,액세서리
P00123,P00135,12,액세서리,액세서리
P00107,P00120,12,가방,가방
P00152,P00161,12,셔츠,셔츠
P00110,P00119,12,가방,가방
P00138,P00148,12,스커트,스커트
P00126,P00134,12,액세서리,액세서리
P00144,P00147,12,스커트,스커트
P00155,P00157,12,셔츠,셔츠
P00092,P00101,12,신발,신발
P00153,P00160,12,셔츠,셔츠
P00141,P00149,12,스커트,스커트
P00076,P00080,12,청바지,청바지
P00137,P00144,12,스커트,스커트
P00076,P00082,12,청바지,청바지
P00136,P00140,12,스커트,스커트
P00098,P00100,12,신발,신발
P00078,P00085,12,청바지,청바지
P00091,P00095,12,신발,신발
P00123,P00128,12,액세서리,액세서리
P00095,P00101,12,신발,신발
P00152,P00165,12,셔츠,셔츠
P00109,P00116,12,가방,가방
P00109,P00113,12,가방,가방
P00118,P00119,12,가방,가방
P00079,P00084,12,청바지,청바지
P00154,P00161,12,셔츠,셔츠
P00079,P00088,12,청바지,청바지
P00064,P00070,12,니트,니트
P00077,P00084,12,청바지,청바지
P00101,P00105,12,신발,신발
P00112,P00118,12,가방,가방
P00107,P00118,12,가방,가방
P00108,P00115,12,가방,가방
P00084,P00087,12,청바지,청바지
P00094,P00098,12,신발,신발
P00093,P00095,12,신발,신발
P00126,P00135,12,액세서리,액세서리
P00111,P00117,12,가방,가방
P00061,P00074,12,니트,니트
P00139,P00147,12,스커트,스커트
P00093,P00103,12,신발,신발
P00160,P00165,12,셔츠,셔츠
P00007,P00009,12,원피스,원피스
P00121,P00127,12,액세서리,액세서리
P00036,P00045,12,코트,코트
P00084,P00088,12,청바지,청바지
P00083,P00084,12,청바지,청바지
P00123,P00127,12,액세서리,액세서리
P00062,P00070,12,니트,니트
P00079,P00083,12,청바지,청바지
P00092,P00093,12,신발,신발
P00086,P00089,12,청바지,청바지
P00091,P00101,12,신발,신발
P00080,P00083,12,청바지,청바지
P00125,P00134,12,액세서리,액세서리
P00121,P00122,12,액세서리,액세서리
P00066,P00071,12,니트,니트
P00121,P00134,12,액세서리,액세서리
P00115,P00118,12,가방,가방
P00103,P00104,12,신발,신발
P00146,P00148,12,스커트,스커트
P00091,P00103,12,신발,신발
P00146,P00147,12,스커트,스커트
P00129,P00132,12,액세서리,액세서리
P00064,P00068,12,니트,니트
P00146,P00149,12,스커트,스커트
P00161,P00164,12,셔츠,셔츠
P00062,P00068,12,니트,니트
P00096,P00101,12,신발,신발
P00131,P00133,11,액세서리,액세서리
P00158,P00162,11,셔츠,셔츠
P00137,P00148,11,스커트,스커트
P00108,P00110,11,가방,가방
P00114,P00116,11,가방,가방
P00129,P00130,11,액세서리,액세서리
P00077,P00082,11,청바지,청바지
P00080,P00087,11,청바지,청바지
P00077,P00087,11,청바지,청바지
P00128,P00129,11,액세서리,액세서리
P00076,P00088,11,청바지,청바지
P00068,P00069,11,니트,니트
P00031,P00036,11,코트,코트
P00111,P00112,11,가방,가방
P00070,P00075,11,니트,니트
P00079,P00082,11,청바지,청바지
P00126,P00129,11,액세서리,액세서리
P00035,P00040,11,코트,코트
P00039,P00041,11,코트,코트
P00064,P00066,11,니트,니트
P00052,P00057,11,가디건,가디건
P00147,P00149,11,스커트,스커트
P00108,P00120,11,가방,가방
P00139,P00141,11,스커트,스커트
P00122,P00126,11,액세서리,액세서리
P00139,P00142,11,스커트,스커트
P00062,P00066,11,니트,니트
P00108,P00116,11,가방,가방
P00110,P00120,11,가방,가방
P00007,P00010,11,원피스,원피스
P00107,P00119,11,가방,가방
P00122,P00132,11,액세서리,액세서리
P00148,P00149,11,스커트,스커트
P00080,P00089,11,청바지,청바지
P00098,P00103,11,신발,신발
P00065,P00073,11,니트,니트
P00136,P00146,11,스커트,스커트
P00161,P00163,11,셔츠,셔츠
P00079,P00085,11,청바지,청바지
P00094,P00103,11,신발,신발
P00008,P00014,11,원피스,원피스
P00106,P00112,11,가방,가방
P00148,P00150,11,스커트,스커트
P00140,P00144,11,스커트,스커트
P00137,P00140,11,스커트,스커트
P00158,P00161,11,셔츠,셔츠
P00156,P00158,11,셔츠,셔츠
P00097,P00103,11,신발,신발
P00079,P00087,11,청바지,청바지
P00102,P00103,11,신발,신발
P00110,P00118,11,가방,가방
P00072,P00073,11,니트,니트
P00127,P00129,11,액세서리,액세서리
P00155,P00159,11,셔츠,셔츠
P00108,P00119,11,가방,가방
P00154,P00159,11,셔츠,셔츠
P00127,P00130,11,액세서리,액세서리
P00107,P00116,11,가방,가방
P00108,P00114,11,가방,가방
P00001,P00004,11,원피스,원피스
P00138,P00144,11,스커트,스커트
P00063,P00067,11,니트,니트
P00138,P00139,11,스커트,스커트
P00122,P00130,11,액세서리,액세서리
P00153,P00161,11,셔츠,셔츠
P00087,P00090,11,청바지,청바지
P00127,P00128,11,액세서리,액세서리
P00066,P00068,11,니트,니트
P00114,P00118,11,가방,가방
P00107,P00114,11,가방,가방
P00140,P00143,11,스커트,스커트
P00091,P00100,11,신발,신발
P00145,P00150,11,스커트,스커트
P00086,P00088,11,청바지,청바지
P00095,P00102,11,신발,신발
P00108,P00111,11,가방,가방
P00062,P00073,11,니트,니트
P00062,P00072,11,니트,니트
P00064,P00074,11,니트,니트
P00001,P00003,11,원피스,원피스
P00100,P00104,11,신발,신발
P00057,P00060,10,가디건,가디건
P00096,P00105,10,신발,신발
P00062,P00075,10,니트,니트
P00057,P00059,10,가디건,가디건
P00124,P00135,10,액세서리,액세서리
P00146,P00150,10,스커트,스커트
P00158,P00163,10,셔츠,셔츠
P00160,P00163,10,셔츠,셔츠
P00062,P00067,10,니트,니트
P00155,P00158,10,셔츠,셔츠
P00124,P00128,10,액세서리,액세서리
P00082,P00086,10,청바지,청바지
P00141,P00146,10,스커트,스커트
P00154,P00165,10,셔츠,셔츠
P00125,P00127,10,액세서리,액세서리
P00132,P00135,10,액세서리,액세서리
P00042,P00044,10,코트,코트
P00074,P00075,10,니트,니트
P00038,P00045,10,코트,코트
P00123,P00133,10,액세서리,액세서리
P00144,P00149,10,스커트,스커트
P00136,P00137,10,스커트,스커트
P00019,P00026,10,아우터,아우터
P00062,P00069,10,니트,니트
P00096,P00097,10,신발,신발
P00077,P00083,10,청바지,청바지
P00063,P00073,10,니트,니트
P00124,P00129,10,액세서리,액세서리
P00142,P00144,10,스커트,스커트
P00108,P00112,10,가방,가방
P00107,P00108,10,가방,가방
P00143,P00146,10,스커트,스커트
P00092,P00100,10,신발,신발
P00095,P00100,10,신발,신발
P00108,P00113,10,가방,가방
P00089,P00090,10,청바지,청바지
P00131,P00134,10,액세서리,액세서리
P00163,P00164,10,셔츠,셔츠
P00109,P00110,10,가방,가방
P00138,P00149,10,스커트,스커트
P00082,P00089,10,청바지,청바지
P00001,P00014,10,원피스,원피스
P00001,P00015,10,원피스,원피스
P00152,P00157,10,셔츠,셔츠
P00034,P00039,10,코트,코트
P00141,P00143,10,스커트,스커트
P00154,P00163,10,셔츠,셔츠
P00142,P00145,10,스커트,스커트
P00064,P00075,10,니트,니트
P00069,P00073,10,니트,니트
P00094,P00102,10,신발,신발
P00137,P00145,10,스커트,스커트
P00140,P00149,10,스커트,스커트
P00162,P00164,10,셔츠,셔츠
P00110,P00117,10,가방,가방
P00066,P00067,10,니트,니트
P00127,P00131,10,액세서리,액세서리
P00032,P00045,10,코트,코트
P00160,P00164,10,셔츠,셔츠
P00034,P00044,10,코트,코트
P00076,P00089,10,청바지,청바지
P00104,P00105,10,신발,신발
P00154,P00156,10,셔츠,셔츠
P00092,P00102,10,신발,신발
P00080,P00084,10,청바지,청바지
P00123,P00129,10,액세서리,액세서리
P00121,P00131,10,액세서리,액세서리
P00137,P00143,10,스커트,스커트
P00078,P00082,10,청바지,청바지
P00114,P00115,10,가방,가방
P00095,P00099,10,신발,신발
P00156,P00157,10,셔츠,셔츠
P00153,P00163,10,셔츠,셔츠
P00124,P00134,10,액세서리,액세서리
P00126,P00132,10,액세서리,액세서리
P00132,P00134,10,액세서리,액세서리
P00078,P00088,10,청바지,청바지
P00124,P00132,10,액세서리,액세서리
P00116,P00118,10,가방,가방
P00138,P00140,10,스커트,스커트
P00125,P00128,10,액세서리,액세서리
P00125,P00131,10,액세서리,액세서리
P00066,P00069,10,니트,니트
P00070,P00072,10,니트,니트
P00096,P00103,10,신발,신발
P00050,P00052,10,가디건,가디건
P00137,P00141,10,스커트,스커트
P00141,P00147,10,스커트,스커트
P00110,P00116,10,가방,가방
P00139,P00150,10,스커트,스커트
P00152,P00155,10,셔츠,셔츠
P00064,P00072,10,니트,니트
P00068,P00072,10,니트,니트
P00049,P00052,10,가디건,가디건
P00067,P00069,9,니트,니트
P00129,P00133,9,액세서리,액세서리
P00033,P00040,9,코트,코트
P00032,P00041,9,코트,코트
P00040,P00041,9,코트,코트
P00076,P00087,9,청바지,청바지
P00050,P00059,9,가디건,가디건
P00062,P00074,9,니트,니트
P00155,P00165,9,셔츠,셔츠
P00063,P00066,9,니트,니트
P00031,P00040,9,코트,코트
P00158,P00164,9,셔츠,셔츠
P00097,P00102,9,신발,신발
P00097,P00104,9,신발,신발
P00081,P00087,9,청바지,청바지
P00102,P00105,9,신발,신발
P00036,P00041,9,코트,코트
P00121,P00125,9,액세서리,액세서리
P00083,P00087,9,청바지,청바지
P00036,P00039,9,코트,코트
P00046,P00050,9,가디건,가디건
P00049,P00060,9,가디건,가디건
P00082,P00085,9,청바지,청바지
P00012,P00014,9,원피스,원피스
P00143,P00149,9,스커트,스커트
P00127,P00134,9,액세서리,액세서리
P00093,P00097,9,신발,신발
P00109,P00114,9,가방,가방
P00059,P00060,9,가디건,가디건
P00130,P00132,9,액세서리,액세서리
P00106,P00109,9,가방,가방
P00122,P00134,9,액세서리,액세서리
P00084,P00090,9,청바지,청바지
P00153,P00162,9,셔츠,셔츠
P00097,P00100,9,신발,신발
P00066,P00073,9,니트,니트
P00081,P00088,9,청바지,청바지
P00151,P00160,9,셔츠,셔츠
P00122,P00127,9,액세서리,액세서리
P00143,P00148,9,스커트,스커트
P00130,P00135,9,액세서리,액세서리
P00049,P00056,9,가디건,가디건
P00081,P00089,9,청바지,청바지
P00094,P00104,9,신발,신발
P00095,P00098,9,신발,신발
P00034,P00038,9,코트,코트
P00096,P00100,9,신발,신발
P00061,P00075,9,니트,니트
P00144,P00145,9,스커트,스커트
P00143,P00144,9,스커트,스커트
P00130,P00133,9,액세서리,액세서리
P00098,P00102,9,신발,신발
P00117,P00119,9,가방,가방
P00052,P00055,9,가디건,가디건
P00159,P00162,9,셔츠,셔츠
P00154,P00158,9,셔츠,셔츠
P00127,P00135,9,액세서리,액세서리
P00049,P00053,9,가디건,가디건
P00103,P00105,9,신발,신발
P00097,P00105,9,신발,신발
P00094,P00101,9,신발,신발
P00043,P00044,9,코트,코트
P00121,P00133,9,액세서리,액세서리
P00062,P00063,9,니트,니트
P00085,P00088,9,청바지,청바지
P00154,P00164,9,셔츠,셔츠
P00153,P00164,9,셔츠,셔츠
P00151,P00155,9,셔츠,셔츠
P00042,P00043,9,코트,코트
P00037,P00041,9,코트,코트
P00098,P00105,9,신발,신발
P00123,P00132,9,액세서리,액세서리
P00123,P00134,9,액세서리,액세서리
P00046,P00055,9,가디건,가디건
P00034,P00036,9,코트,코트
P00034,P00041,9,코트,코트
P00108,P00118,9,가방,가방
P00092,P00105,9,신발,신발
P00066,P00075,9,니트,니트
P00078,P00080,9,청바지,청바지
P00061,P00062,9,니트,니트
P00094,P00100,9,신발,신발
P00109,P00119,9,가방,가방
P00131,P00132,9,액세서리,액세서리
P00130,P00131,9,액세서리,액세서리
P00083,P00090,8,청바지,청바지
P00054,P00060,8,가디건,가디건
P00033,P00036,8,코트,코트
P00123,P00124,8,액세서리,액세서리
P00126,P00127,8,액세서리,액세서리
P00127,P00132,8,액세서리,액세서리
P00041,P00042,8,코트,코트
P00139,P00140,8,스커트,스커트
P00038,P00041,8,코트,코트
P00155,P00164,8,셔츠,셔츠
P00123,P00126,8,액세서리,액세서리
P00046,P00052,8,가디건,가디건
P00048,P00057,8,가디건,가디건
P00139,P00144,8,스커트,스커트
P00038,P00043,8,코트,코트
P00152,P00158,8,셔츠,셔츠
P00157,P00158,8,셔츠,셔츠
P00034,P00040,8,코트,코트
P00091,P00094,8,신발,신발
P00138,P00143,8,스커트,스커트
P00036,P00042,8,코트,코트
P00036,P00043,8,코트,코트
P00142,P00148,8,스커트,스커트
P00091,P00102,8,신발,신발
P00035,P00041,8,코트,코트
P00050,P00057,8,가디건,가디건
P00023,P00028,8,아우터,아우터
P00139,P00148,8,스커트,스커트
P00041,P00043,8,코트,코트
P00047,P00057,8,가디건,가디건
P00092,P00104,8,신발,신발
P00031,P00034,8,코트,코트
P00036,P00037,8,코트,코트
P00081,P00082,8,청바지,청바지
P00096,P00104,8,신발,신발
P00066,P00074,8,니트,니트
P00033,P00042,8,코트,코트
P00046,P00053,8,가디건,가디건
P00125,P00133,8,액세서리,액세서리
P00125,P00129,8,액세서리,액세서리
P00137,P00146,8,스커트,스커트
P00094,P00097,8,신발,신발
P00153,P00159,8,셔츠,셔츠
P00158,P00159,8,셔츠,셔츠
P00102,P00104,8,신발,신발
P00099,P00101,8,신발,신발
P00128,P00132,8,액세서리,액세서리
P00039,P00042,8,코트,코트
P00107,P00117,8,가방,가방
P00127,P00133,8,액세서리,액세서리
P00108,P00117,8,가방,가방
P00158,P00165,8,셔츠,셔츠
P00031,P00039,8,코트,코트
P00153,P00154,8,셔츠,셔츠
P00037,P00039,8,코트,코트
P00136,P00144,8,스커트,스커트
P00138,P00145,8,스커트,스커트
P00091,P00096,8,신발,신발
P00093,P00100,8,신발,신발
P00081,P00085,8,청바지,청바지
P00050,P00053,8,가디건,가디건
P00066,P00072,8,니트,니트
P00091,P00105,8,신발,신발
P00159,P00163,8,셔츠,셔츠
P00128,P00130,8,액세서리,액세서리
P00121,P00128,8,액세서리,액세서리
P00093,P00105,8,신발,신발
P00082,P00090,8,청바지,청바지
P00159,P00161,8,셔츠,셔츠
P00095,P00105,8,신발,신발
P00044,P00045,8,코트,코트
P00162,P00165,8,셔츠,셔츠
P00019,P00028,8,아우터,아우터
P00020,P00022,8,아우터,아우터
P00125,P00132,8,액세서리,액세서리
P00091,P00104,8,신발,신발
P00047,P00050,8,가디건,가디건
P00031,P00038,8,코트,코트
P00122,P00128,8,액세서리,액세서리
P00054,P00055,8,가디건,가디건
P00054,P00059,8,가디건,가디건
P00051,P00052,8,가디건,가디건
P00052,P00053,8,가디건,가디건
P00126,P00133,8,액세서리,액세서리
P00092,P00095,7,신발,신발
P00097,P00099,7,신발,신발
P00087,P00089,7,청바지,청바지
P00071,P00074,7,니트,니트
P00143,P00145,7,스커트,스커트
P00128,P00135,7,액세서리,액세서리
P00107,P00109,7,가방,가방
P00121,P00126,7,액세서리,액세서리
P00046,P00047,7,가디건,가디건
P00026,P00030,7,아우터,아우터
P00152,P00154,7,셔츠,셔츠
P00132,P00133,7,액세서리,액세서리
P00092,P00099,7,신발,신발
P00097,P00098,7,신발,신발
P00020,P00026,7,아우터,아우터
P00156,P00164,7,셔츠,셔츠
P00054,P00058,7,가디건,가디건
P00049,P00057,7,가디건,가디건
P00083,P00088,7,청바지,청바지
P00021,P00030,7,아우터,아우터
P00098,P00104,7,신발,신발
P00161,P00162,7,셔츠,셔츠
P00116,P00119,7,가방,가방
P00016,P00030,7,아우터,아우터
P00047,P00049,7,가디건,가디건
P00099,P00102,7,신발,신발
P00157,P00159,7,셔츠,셔츠
P00121,P00124,7,액세서리,액세서리
P00047,P00048,7,가디건,가디건
P00096,P00098,7,신발,신발
P00033,P00043,7,코트,코트
P00112,P00117,7,가방,가방
P00038,P00044,7,코트,코트
P00041,P00045,7,코트,코트
P00093,P00102,7,신발,신발
P00164,P00165,7,셔츠,셔츠
P00151,P00154,7,셔츠,셔츠
P00141,P00145,7,스커트,스커트
P00038,P00039,7,코트,코트
P00046,P00051,7,가디건,가디건
P00091,P00093,7,신발,신발
P00094,P00095,7,신발,신발
P00082,P00087,7,청바지,청바지
P00055,P00057,7,가디건,가디건
P00052,P00060,7,가디건,가디건
P00092,P00094,7,신발,신발
P00031,P00042,7,코트,코트
P00035,P00036,7,코트,코트
P00124,P00126,7,액세서리,액세서리
P00093,P00099,7,신발,신발
P00091,P00099,7,신발,신발
P00039,P00040,7,코트,코트
P00031,P00035,7,코트,코트
P00047,P00060,7,가디건,가디건
P00126,P00130,7,액세서리,액세서리
P00156,P00163,7,셔츠,셔츠
P00128,P00134,7,액세서리,액세서리
P00159,P00165,7,셔츠,셔츠
P00138,P00147,7,스커트,스커트
P00095,P00103,7,신발,신발
P00152,P00163,7,셔츠,셔츠
P00109,P00118,7,가방,가방
P00139,P00145,7,스커트,스커트
P00099,P00104,7,신발,신발
P00032,P00040,7,코트,코트
P00151,P00159,7,셔츠,셔츠
P00040,P00042,7,코트,코트
P00137,P00139,7,스커트,스커트
P00068,P00074,7,니트,니트
P00016,P00019,7,아우터,아우터
P00137,P00149,7,스커트,스커트
P00031,P00032,7,코트,코트
P00036,P00040,7,코트,코트
P00050,P00060,7,가디건,가디건
P00055,P00060,7,가디건,가디건
P00142,P00146,6,스커트,스커트
P00036,P00044,6,코트,코트
P00037,P00040,6,코트,코트
P00082,P00084,6,청바지,청바지
P00077,P00088,6,청바지,청바지
P00124,P00130,6,액세서리,액세서리
P00051,P00054,6,가디건,가디건
P00031,P00037,6,코트,코트
P00133,P00134,6,액세서리,액세서리
P00037,P00043,6,코트,코트
P00122,P00125,6,액세서리,액세서리
P00016,P00020,6,아우터,아우터
P00136,P00143,6,스커트,스커트
P00048,P00058,6,가디건,가디건
P00133,P00135,6,액세서리,액세서리
P00136,P00142,6,스커트,스커트
P00139,P00146,6,스커트,스커트
P00046,P00048,6,가디건,가디건
P00020,P00028,6,아우터,아우터
P00033,P00039,6,코트,코트
P00039,P00044,6,코트,코트
P00091,P00098,6,신발,신발
P00049,P00054,6,가디건,가디건
P00124,P00131,6,액세서리,액세서리
P00049,P00058,6,가디건,가디건
P00151,P00165,6,셔츠,셔츠
P00017,P00020,6,아우터,아우터
P00028,P00030,6,아우터,아우터
P00040,P00044,6,코트,코트
P00053,P00054,6,가디건,가디건
P00093,P00104,6,신발,신발
P00054,P00056,6,가디건,가디건
P00151,P00156,6,셔츠,셔츠
P00051,P00060,6,가디건,가디건
P00049,P00055,6,가디건,가디건
P00113,P00119,6,가방,가방
P00035,P00044,6,코트,코트
P00016,P00026,6,아우터,아우터
P00100,P00102,6,신발,신발
P00124,P00125,6,액세서리,액세서리
P00092,P00098,6,신발,신발
P00019,P00020,6,아우터,아우터
P00093,P00098,6,신발,신발
P00096,P00102,6,신발,신발
P00151,P00158,6,셔츠,셔츠
P00093,P00094,6,신발,신발
P00047,P00056,6,가디건,가디건
P00151,P00164,6,셔츠,셔츠
P00043,P00045,6,코트,코트
P00080,P00082,6,청바지,청바지
P00137,P00142,6,스커트,스커트
P00051,P00056,6,가디건,가디건
P00037,P00045,6,코트,코트
P00022,P00028,6,아우터,아우터
P00049,P00051,6,가디건,가디건
P00033,P00041,6,코트,코트
P00053,P00058,6,가디건,가디건
P00031,P00044,6,코트,코트
P00151,P00157,6,셔츠,셔츠
P00046,P00057,6,가디건,가디건
P00032,P00036,6,코트,코트
P00151,P00152,6,셔츠,셔츠
P00031,P00033,6,코트,코트
P00053,P00057,6,가디건,가디건
P00054,P00057,6,가디건,가디건
P00081,P00083,6,청바지,청바지
P00026,P00028,6,아우터,아우터
P00034,P00045,6,코트,코트
P00032,P00037,6,코트,코트
P00046,P00059,5,가디건,가디건
P00050,P00054,5,가디건,가디건
P00046,P00054,5,가디건,가디건
P00016,P00028,5,아우터,아우터
P00048,P00049,5,가디건,가디건
P00016,P00022,5,아우터,아우터
P00048,P00056,5,가디건,가디건
P00052,P00058,5,가디건,가디건
P00151,P00162,5,셔츠,셔츠
P00046,P00049,5,가디건,가디건
P00047,P00051,5,가디건,가디건
P00055,P00059,5,가디건,가디건
P00098,P00099,5,신발,신발
P00050,P00055,5,가디건,가디건
P00028,P00029,5,아우터,아우터
P00048,P00055,5,가디건,가디건
P00051,P00053,5,가디건,가디건
P00020,P00030,5,아우터,아우터
P00032,P00039,5,코트,코트
P00051,P00055,5,가디건,가디건
P00032,P00038,5,코트,코트
P00053,P00059,5,가디건,가디건
P00092,P00096,5,신발,신발
P00037,P00044,5,코트,코트
P00096,P00099,5,신발,신발
P00046,P00060,5,가디건,가디건
P00034,P00042,5,코트,코트
P00055,P00056,5,가디건,가디건
P00033,P00035,5,코트,코트
P00052,P00059,5,가디건,가디건
P00094,P00096,5,신발,신발
P00040,P00045,5,코트,코트
P00093,P00096,5,신발,신발
P00056,P00060,5,가디건,가디건
P00031,P00043,5,코트,코트
P00047,P00052,5,가디건,가디건
P00034,P00043,5,코트,코트
P00139,P00143,5,스커트,스커트
P00037,P00038,5,코트,코트
P00056,P00057,5,가디건,가디건
P00053,P00056,5,가디건,가디건
P00038,P00042,5,코트,코트
P00038,P00040,5,코트,코트
P00018,P00026,5,아우터,아우터
P00162,P00163,5,셔츠,셔츠
P00139,P00149,5,스커트,스커트
P00035,P00045,5,코트,코트
P00032,P00033,5,코트,코트
P00023,P00029,5,아우터,아우터
P00145,P00146,5,스커트,스커트
P00089,P00160,5,청바지,셔츠
P00092,P00097,5,신발,신발
P00019,P00023,5,아우터,아우터
P00172,P00178,5,스포츠웨어,스포츠웨어
P00172,P00180,5,스포츠웨어,스포츠웨어
P00023,P00026,5,아우터,아우터
P00039,P00045,5,코트,코트
P00124,P00133,5,액세서리,액세서리
P00039,P00043,5,코트,코트
P00035,P00037,5,코트,코트
P00026,P00029,5,아우터,아우터
P00037,P00042,5,코트,코트
P00049,P00050,5,가디건,가디건
P00168,P00171,4,스포츠웨어,스포츠웨어
P00018,P00030,4,아우터,아우터
P00048,P00052,4,가디건,가디건
P00019,P00025,4,아우터,아우터
P00019,P00022,4,아우터,아우터
P00136,P00141,4,스커트,스커트
P00017,P00022,4,아우터,아우터
P00035,P00042,4,코트,코트
P00151,P00161,4,셔츠,셔츠
P00021,P00028,4,아우터,아우터
P00021,P00024,4,아우터,아우터
P00137,P00138,4,스커트,스커트
P00051,P00057,4,가디건,가디건
P00017,P00019,4,아우터,아우터
P00091,P00092,4,신발,신발
P00036,P00038,4,코트,코트
P00033,P00045,4,코트,코트
P00048,P00053,4,가디건,가디건
P00099,P00105,4,신발,신발
P00035,P00038,4,코트,코트
P00089,P00165,4,청바지,셔츠
P00031,P00045,4,코트,코트
P00048,P00060,4,가디건,가디건
P00099,P00100,4,신발,신발
P00022,P00029,4,아우터,아우터
P00047,P00059,4,가디건,가디건
P00058,P00060,4,가디건,가디건
P00095,P00097,4,신발,신발
P00024,P00028,4,아우터,아우터
P00032,P00044,4,코트,코트
P00021,P00022,4,아우터,아우터
P00049,P00059,4,가디건,가디건
P00046,P00056,4,가디건,가디건
P00019,P00024,4,아우터,아우터
P00129,P00135,4,액세서리,액세서리
P00016,P00024,4,아우터,아우터
P00053,P00060,4,가디건,가디건
P00018,P00028,4,아우터,아우터
P00035,P00039,4,코트,코트
P00050,P00056,4,가디건,가디건
P00042,P00045,4,코트,코트
P00051,P00059,4,가디건,가디건
P00052,P00054,4,가디건,가디건
P00074,P00084,4,니트,청바지
P00056,P00058,4,가디건,가디건
P00153,P00158,4,셔츠,셔츠
P00024,P00030,4,아우터,아우터
P00057,P00058,4,가디건,가디건
P00018,P00023,4,아우터,아우터
P00017,P00025,4,아우터,아우터
P00169,P00178,4,스포츠웨어,스포츠웨어
P00040,P00043,4,코트,코트
P00151,P00163,4,셔츠,셔츠
P00033,P00037,4,코트,코트
P00033,P00044,4,코트,코트
P00016,P00021,4,아우터,아우터
P00056,P00059,4,가디건,가디건
P00022,P00030,4,아우터,아우터
P00017,P00026,4,아우터,아우터
P00052,P00056,4,가디건,가디건
P00023,P00025,4,아우터,아우터
P00034,P00037,4,코트,코트
P00081,P00111,3,청바지,가방
P00078,P00093,3,청바지,신발
P00118,P00162,3,가방,셔츠
P00089,P00156,3,청바지,셔츠
P00053,P00055,3,가디건,가디건
P00168,P00169,3,스포츠웨어,스포츠웨어
P00089,P00106,3,청바지,가방
P00033,P00038,3,코트,코트
P00021,P00026,3,아우터,아우터
P00167,P00174,3,스포츠웨어,스포츠웨어
P00044,P00065,3,코트,니트
P00166,P00174,3,스포츠웨어,스포츠웨어
P00016,P00017,3,아우터,아우터
P00170,P00180,3,스포츠웨어,스포츠웨어
P00075,P00145,3,니트,스커트
P00089,P00103,3,청바지,신발
P00118,P00159,3,가방,셔츠
P00022,P00025,3,아우터,아우터
P00017,P00028,3,아우터,아우터
P00075,P00086,3,니트,청바지
P00088,P00098,3,청바지,신발
P00015,P00122,3,원피스,액세서리
P00015,P00088,3,원피스,청바지
P00088,P00100,3,청바지,신발
P00088,P00092,3,청바지,신발
P00089,P00110,3,청바지,가방
P00022,P00026,3,아우터,아우터
P00166,P00169,3,스포츠웨어,스포츠웨어
P00065,P00089,3,니트,청바지
P00131,P00163,3,액세서리,셔츠
P00136,P00139,3,스커트,스커트
P00018,P00029,3,아우터,아우터
P00048,P00050,3,가디건,가디건
P00073,P00076,3,니트,청바지
P00089,P00114,3,청바지,가방
P00169,P00170,3,스포츠웨어,스포츠웨어
P00048,P00054,3,가디건,가디건
P00047,P00058,3,가디건,가디건
P00022,P00023,3,아우터,아우터
P00025,P00028,3,아우터,아우터
P00078,P00165,3,청바지,셔츠
P00079,P00095,3,청바지,신발
P00081,P00095,3,청바지,신발
P00007,P00098,3,원피스,신발
P00024,P00029,3,아우터,아우터
P00095,P00096,3,신발,신발
P00110,P00162,3,가방,셔츠
P00089,P00157,3,청바지,셔츠
P00002,P00122,3,원피스,액세서리
P00122,P00124,3,액세서리,액세서리
P00075,P00089,3,니트,청바지
P00091,P00097,3,신발,신발
P00170,P00172,3,스포츠웨어,스포츠웨어
P00046,P00058,3,가디건,가디건
P00013,P00110,3,원피스,가방
P00113,P00163,3,가방,셔츠
P00032,P00042,3,코트,코트
P00075,P00135,3,니트,액세서리
P00034,P00035,3,코트,코트
P00073,P00147,3,니트,스커트
P00020,P00024,3,아우터,아우터
P00006,P00110,3,원피스,가방
P00047,P00053,3,가디건,가디건
P00081,P00106,3,청바지,가방
P00017,P00021,3,아우터,아우터
P00017,P00030,3,아우터,아우터
P00013,P00104,3,원피스,신발
P00089,P00098,3,청바지,신발
P00063,P00087,3,니트,청바지
P00055,P00127,3,가디건,액세서리
P00068,P00150,3,니트,스커트
P00015,P00120,3,원피스,가방
P00074,P00087,3,니트,청바지
P00055,P00058,3,가디건,가디건
P00029,P00030,3,아우터,아우터
P00047,P00055,3,가디건,가디건
P00032,P00034,3,코트,코트
P00168,P00172,3,스포츠웨어,스포츠웨어
P00035,P00043,3,코트,코트
P00020,P00025,3,아우터,아우터
P00021,P00025,3,아우터,아우터
P00018,P00024,3,아우터,아우터
P00051,P00149,3,가디건,스커트
P00032,P00035,3,코트,코트
P00111,P00159,3,가방,셔츠
P00081,P00092,3,청바지,신발
P00070,P00087,3,니트,청바지
P00094,P00099,3,신발,신발
P00166,P00171,3,스포츠웨어,스포츠웨어
P00174,P00180,3,스포츠웨어,스포츠웨어
P00039,P00126,3,코트,액세서리
P00007,P00113,3,원피스,가방
P00006,P00106,2,원피스,가방
P00086,P00093,2,청바지,신발
P00077,P00157,2,청바지,셔츠
P00036,P00126,2,코트,액세서리
P00010,P00081,2,원피스,청바지
P00006,P00089,2,원피스,청바지
P00006,P00081,2,원피스,청바지
P00077,P00165,2,청바지,셔츠
P00076,P00091,2,청바지,신발
P00012,P00113,2,원피스,가방
P00107,P00153,2,가방,셔츠
P00008,P00163,2,원피스,셔츠
P00085,P00165,2,청바지,셔츠
P00054,P00146,2,가디건,스커트
P00083,P00156,2,청바지,셔츠
P00079,P00156,2,청바지,셔츠
P00045,P00129,2,코트,액세서리
P00079,P00164,2,청바지,셔츠
P00046,P00061,2,가디건,니트
P00074,P00090,2,니트,청바지
P00169,P00174,2,스포츠웨어,스포츠웨어
P00107,P00151,2,가방,셔츠
P00013,P00154,2,원피스,셔츠
P00081,P00110,2,청바지,가방
P00011,P00137,2,원피스,스커트
P00081,P00119,2,청바지,가방
P00061,P00160,2,니트,셔츠
P00062,P00158,2,니트,셔츠
P00011,P00143,2,원피스,스커트
P00111,P00134,2,가방,액세서리
P00010,P00110,2,원피스,가방
P00078,P00160,2,청바지,셔츠
P00015,P00137,2,원피스,스커트
P00002,P00080,2,원피스,청바지
P00037,P00073,2,코트,니트
P00106,P00159,2,가방,셔츠
P00061,P00159,2,니트,셔츠
P00100,P00137,2,신발,스커트
P00038,P00061,2,코트,니트
P00010,P00108,2,원피스,가방
P00067,P00087,2,니트,청바지
P00013,P00107,2,원피스,가방
P00110,P00163,2,가방,셔츠
P00010,P00106,2,원피스,가방
P00059,P00070,2,가디건,니트
P00113,P00162,2,가방,셔츠
P00063,P00130,2,니트,액세서리
P00067,P00084,2,니트,청바지
P00001,P00101,2,원피스,신발
P00074,P00158,2,니트,셔츠
P00071,P00160,2,니트,셔츠
P00063,P00160,2,니트,셔츠
P00063,P00158,2,니트,셔츠
P00090,P00102,2,청바지,신발
P00011,P00100,2,원피스,신발
P00107,P00161,2,가방,셔츠
P00074,P00128,2,니트,액세서리
P00079,P00102,2,청바지,신발
P00061,P00158,2,니트,셔츠
P00008,P00134,2,원피스,액세서리
P00055,P00145,2,가디건,스커트
P00060,P00128,2,가디건,액세서리
P00005,P00107,2,원피스,가방
P00132,P00156,2,액세서리,셔츠
P00132,P00153,2,액세서리,셔츠
P00171,P00173,2,스포츠웨어,스포츠웨어
P00079,P00092,2,청바지,신발
P00072,P00146,2,니트,스커트
P00072,P00140,2,니트,스커트
P00072,P00138,2,니트,스커트
P00090,P00119,2,청바지,가방
P00083,P00119,2,청바지,가방
P00014,P00164,2,원피스,셔츠
P00051,P00145,2,가디건,스커트
P00087,P00095,2,청바지,신발
P00087,P00093,2,청바지,신발
P00069,P00087,2,니트,청바지
P00019,P00030,2,아우터,아우터
P00033,P00034,2,코트,코트
P00100,P00150,2,신발,스커트
P00089,P00093,2,청바지,신발
P00080,P00172,2,청바지,스포츠웨어
P00070,P00123,2,니트,액세서리
P00103,P00172,2,신발,스포츠웨어
P00073,P00131,2,니트,액세서리
P00007,P00115,2,원피스,가방
P00032,P00043,2,코트,코트
P00067,P00150,2,니트,스커트
P00063,P00146,2,니트,스커트
P00072,P00150,2,니트,스커트
P00173,P00176,2,스포츠웨어,스포츠웨어
P00076,P00130,2,청바지,액세서리
P00013,P00095,2,원피스,신발
P00003,P00136,2,원피스,스커트
P00091,P00114,2,신발,가방
P00010,P00153,2,원피스,셔츠
P00067,P00147,2,니트,스커트
P00064,P00147,2,니트,스커트
P00016,P00025,2,아우터,아우터
P00006,P00117,2,원피스,가방
P00019,P00029,2,아우터,아우터
P00034,P00126,2,코트,액세서리
P00168,P00178,2,스포츠웨어,스포츠웨어
P00102,P00137,2,신발,스커트
P00101,P00141,2,신발,스커트
P00011,P00102,2,원피스,신발
P00061,P00150,2,니트,스커트
P00167,P00171,2,스포츠웨어,스포츠웨어
P00067,P00143,2,니트,스커트
P00064,P00143,2,니트,스커트
P00081,P00100,2,청바지,신발
P00085,P00129,2,청바지,액세서리
P00102,P00141,2,신발,스커트
P00045,P00128,2,코트,액세서리
P00012,P00098,2,원피스,신발
P00088,P00105,2,청바지,신발
P00088,P00101,2,청바지,신발
P00087,P00105,2,청바지,신발
P00087,P00101,2,청바지,신발
P00086,P00092,2,청바지,신발
P00087,P00092,2,청바지,신발
P00088,P00093,2,청바지,신발
P00026,P00078,2,아우터,청바지
P00041,P00128,2,코트,액세서리
P00039,P00128,2,코트,액세서리
P00017,P00023,2,아우터,아우터
P00002,P00137,2,원피스,스커트
P00065,P00130,2,니트,액세서리
P00071,P00145,2,니트,스커트
P00013,P00068,2,원피스,니트
P00143,P00152,2,스커트,셔츠
P00118,P00160,2,가방,셔츠
P00002,P00088,2,원피스,청바지
P00023,P00024,2,아우터,아우터
P00013,P00089,2,원피스,청바지
P00088,P00095,2,청바지,신발
P00020,P00027,2,아우터,아우터
P00178,P00179,2,스포츠웨어,스포츠웨어
P00038,P00129,2,코트,액세서리
P00042,P00120,2,코트,가방
P00082,P00113,2,청바지,가방
P00082,P00110,2,청바지,가방
P00125,P00135,2,액세서리,액세서리
P00035,P00059,2,코트,가디건
P00179,P00180,2,스포츠웨어,스포츠웨어
P00172,P00179,2,스포츠웨어,스포츠웨어
P00018,P00022,2,아우터,아우터
P00007,P00083,2,원피스,청바지
P00178,P00180,2,스포츠웨어,스포츠웨어
P00022,P00024,2,아우터,아우터
P00020,P00023,2,아우터,아우터
P00086,P00108,2,청바지,가방
P00089,P00108,2,청바지,가방
P00087,P00115,2,청바지,가방
P00166,P00176,2,스포츠웨어,스포츠웨어
P00079,P00160,2,청바지,셔츠
P00176,P00179,2,스포츠웨어,스포츠웨어
P00167,P00180,2,스포츠웨어,스포츠웨어
P00167,P00176,2,스포츠웨어,스포츠웨어
P00089,P00164,2,청바지,셔츠
P00042,P00075,2,코트,니트
P00065,P00086,2,니트,청바지
P00067,P00136,2,니트,스커트
P00002,P00109,2,원피스,가방
P00088,P00103,2,청바지,신발
P00050,P00123,2,가디건,액세서리
P00061,P00085,2,니트,청바지
P00068,P00083,2,니트,청바지
P00089,P00152,2,청바지,셔츠
P00080,P00152,2,청바지,셔츠
P00042,P00065,2,코트,니트
P00042,P00063,2,코트,니트
P00045,P00110,2,코트,가방
P00045,P00106,2,코트,가방
P00037,P00074,2,코트,니트
P00037,P00065,2,코트,니트
P00174,P00177,2,스포츠웨어,스포츠웨어
P00027,P00028,2,아우터,아우터
P00065,P00123,2,니트,액세서리
P00099,P00103,2,신발,신발
P00007,P00045,2,원피스,코트
P00048,P00051,2,가디건,가디건
P00024,P00026,2,아우터,아우터
P00060,P00133,2,가디건,액세서리
P00060,P00127,2,가디건,액세서리
P00116,P00162,2,가방,셔츠
P00116,P00159,2,가방,셔츠
P00086,P00101,2,청바지,신발
P00086,P00094,2,청바지,신발
P00007,P00110,2,원피스,가방
P00082,P00094,2,청바지,신발
P00101,P00163,2,신발,셔츠
P00138,P00155,2,스커트,셔츠
P00032,P00109,2,코트,가방
P00166,P00167,2,스포츠웨어,스포츠웨어
P00068,P00149,2,니트,스커트
P00168,P00170,2,스포츠웨어,스포츠웨어
P00111,P00129,2,가방,액세서리
P00087,P00094,2,청바지,신발
P00002,P00047,2,원피스,가디건
P00085,P00093,2,청바지,신발
P00081,P00099,2,청바지,신발
P00081,P00093,2,청바지,신발
P00046,P00127,2,가디건,액세서리
P00065,P00085,2,니트,청바지
P00009,P00048,2,원피스,가디건
P00145,P00157,2,스커트,셔츠
P00138,P00157,2,스커트,셔츠
P00138,P00154,2,스커트,셔츠
P00021,P00029,2,아우터,아우터
P00145,P00154,2,스커트,셔츠
P00012,P00087,2,원피스,청바지
P00068,P00129,2,니트,액세서리
P00044,P00063,2,코트,니트
P00041,P00065,2,코트,니트
P00086,P00107,2,청바지,가방
P00039,P00115,2,코트,가방
P00043,P00116,2,코트,가방
P00068,P00130,2,니트,액세서리
P00050,P00051,2,가디건,가디건
P00101,P00171,2,신발,스포츠웨어
P00053,P00148,2,가디건,스커트
P00057,P00130,2,가디건,액세서리
P00171,P00177,2,스포츠웨어,스포츠웨어
P00014,P00147,2,원피스,스커트
P00065,P00147,2,니트,스커트
P00008,P00125,2,원피스,액세서리
P00012,P00102,2,원피스,신발
P00014,P00115,2,원피스,가방
P00076,P00127,2,청바지,액세서리
P00049,P00131,2,가디건,액세서리
P00079,P00101,2,청바지,신발
P00080,P00164,2,청바지,셔츠
P00065,P00088,2,니트,청바지
P00055,P00140,2,가디건,스커트
P00125,P00156,2,액세서리,셔츠
P00121,P00153,2,액세서리,셔츠
P00008,P00077,2,원피스,청바지
P00010,P00107,2,원피스,가방
P00002,P00102,2,원피스,신발
P00044,P00110,2,코트,가방
P00040,P00110,2,코트,가방
P00003,P00044,2,원피스,코트
P00049,P00142,2,가디건,스커트
P00073,P00081,2,니트,청바지
P00101,P00168,2,신발,스포츠웨어
P00008,P00141,2,원피스,스커트
P00007,P00047,2,원피스,가디건
P00025,P00026,2,아우터,아우터
P00001,P00100,2,원피스,신발
P00001,P00099,2,원피스,신발
P00009,P00079,2,원피스,청바지
P00009,P00076,2,원피스,청바지
P00021,P00027,2,아우터,아우터
P00075,P00084,2,니트,청바지
P00049,P00127,2,가디건,액세서리
P00065,P00087,2,니트,청바지
P00075,P00088,2,니트,청바지
P00042,P00135,2,코트,액세서리
P00075,P00085,2,니트,청바지
P00072,P00121,2,니트,액세서리
P00070,P00131,2,니트,액세서리
P00102,P00172,2,신발,스포츠웨어
P00009,P00031,2,원피스,코트
P00015,P00116,2,원피스,가방
P00015,P00108,2,원피스,가방
P00006,P00031,2,원피스,코트
P00047,P00124,2,가디건,액세서리
P00004,P00084,2,원피스,청바지
P00172,P00175,2,스포츠웨어,스포츠웨어
P00156,P00170,2,셔츠,스포츠웨어
P00040,P00133,2,코트,액세서리
P00075,P00087,2,니트,청바지
P00039,P00109,2,코트,가방
P00012,P00162,2,원피스,셔츠
P00008,P00154,2,원피스,셔츠
P00103,P00160,2,신발,셔츠
P00061,P00086,2,니트,청바지
P00082,P00157,2,청바지,셔츠
P00049,P00062,2,가디건,니트
P00094,P00160,2,신발,셔츠
P00005,P00141,2,원피스,스커트
P00103,P00147,2,신발,스커트
P00084,P00111,2,청바지,가방
P00081,P00112,2,청바지,가방
P00129,P00153,2,액세서리,셔츠
P00047,P00127,2,가디건,액세서리
P00084,P00112,2,청바지,가방
P00019,P00021,2,아우터,아우터
P00102,P00150,2,신발,스커트
P00083,P00165,2,청바지,셔츠
P00083,P00160,2,청바지,셔츠
P00062,P00132,2,니트,액세서리
P00005,P00106,2,원피스,가방
P00003,P00140,2,원피스,스커트
P00134,P00150,2,액세서리,스커트
P00127,P00150,2,액세서리,스커트
P00090,P00110,2,청바지,가방
P00045,P00124,2,코트,액세서리
P00049,P00126,2,가디건,액세서리
P00022,P00027,2,아우터,아우터
P00067,P00090,2,니트,청바지
P00086,P00123,2,청바지,액세서리
P00054,P00147,2,가디건,스커트
P00104,P00144,2,신발,스커트
P00041,P00115,2,코트,가방
P00085,P00157,2,청바지,셔츠
P00076,P00165,2,청바지,셔츠
P00025,P00030,2,아우터,아우터
P00020,P00021,2,아우터,아우터
P00011,P00116,2,원피스,가방
P00007,P00116,2,원피스,가방
P00039,P00111,2,코트,가방
P00005,P00102,2,원피스,신발
P00075,P00092,2,니트,신발
P00011,P00047,2,원피스,가디건
P00174,P00179,2,스포츠웨어,스포츠웨어
P00005,P00127,2,원피스,액세서리
P00003,P00127,2,원피스,액세서리
P00106,P00138,2,가방,스커트
P00041,P00130,2,코트,액세서리
P00035,P00061,2,코트,니트
P00087,P00160,2,청바지,셔츠
P00035,P00073,2,코트,니트
P00058,P00059,2,가디건,가디건
P00074,P00079,2,니트,청바지
P00012,P00053,2,원피스,가디건
P00130,P00163,2,액세서리,셔츠
P00072,P00130,2,니트,액세서리
P00057,P00135,2,가디건,액세서리
P00057,P00129,2,가디건,액세서리
P00008,P00131,2,원피스,액세서리
P00090,P00105,2,청바지,신발
P00090,P00101,2,청바지,신발
P00003,P00137,2,원피스,스커트
P00048,P00059,2,가디건,가디건
P00169,P00177,2,스포츠웨어,스포츠웨어
P00045,P00121,2,코트,액세서리
P00033,P00110,2,코트,가방
P00011,P00054,2,원피스,가디건
P00170,P00173,2,스포츠웨어,스포츠웨어
P00167,P00173,2,스포츠웨어,스포츠웨어
P00013,P00098,2,원피스,신발
P00047,P00054,2,가디건,가디건
P00064,P00085,2,니트,청바지
P00173,P00180,2,스포츠웨어,스포츠웨어
P00172,P00173,2,스포츠웨어,스포츠웨어
P00168,P00180,2,스포츠웨어,스포츠웨어
P00047,P00149,2,가디건,스커트
P00007,P00099,2,원피스,신발
P00080,P00108,2,청바지,가방
P00070,P00140,2,니트,스커트
P00068,P00143,2,니트,스커트
P00086,P00095,2,청바지,신발
P00001,P00092,2,원피스,신발
P00089,P00151,2,청바지,셔츠
P00079,P00151,2,청바지,셔츠
P00036,P00079,2,코트,청바지
P00012,P00105,2,원피스,신발
P00066,P00126,2,니트,액세서리
P00066,P00125,2,니트,액세서리
P00057,P00074,2,가디건,니트
P00064,P00140,2,니트,스커트
P00038,P00121,2,코트,액세서리
P00007,P00085,2,원피스,청바지
P00172,P00174,2,스포츠웨어,스포츠웨어
P00006,P00115,2,원피스,가방
P00170,P00177,2,스포츠웨어,스포츠웨어
P00170,P00174,2,스포츠웨어,스포츠웨어
P00177,P00178,2,스포츠웨어,스포츠웨어
P00174,P00178,2,스포츠웨어,스포츠웨어
P00072,P00147,2,니트,스커트
P00104,P00148,2,신발,스커트
P00102,P00148,2,신발,스커트
P00050,P00058,2,가디건,가디건
P00119,P00159,2,가방,셔츠
P00010,P00122,2,원피스,액세서리
P00008,P00098,2,원피스,신발
P00043,P00110,2,코트,가방
P00049,P00129,2,가디건,액세서리
P00170,P00178,2,스포츠웨어,스포츠웨어
P00075,P00099,1,니트,신발
P00054,P00131,1,가디건,액세서리
P00060,P00131,1,가디건,액세서리
P00031,P00133,1,코트,액세서리
P00040,P00056,1,코트,가디건
P00056,P00133,1,가디건,액세서리
P00060,P00066,1,가디건,니트
P00001,P00046,1,원피스,가디건
P00042,P00164,1,코트,셔츠
P00054,P00066,1,가디건,니트
P00055,P00066,1,가디건,니트
P00042,P00157,1,코트,셔츠
P00042,P00161,1,코트,셔츠
P00030,P00071,1,아우터,니트
P00082,P00095,1,청바지,신발
P00082,P00098,1,청바지,신발
P00082,P00103,1,청바지,신발
P00089,P00095,1,청바지,신발
P00030,P00065,1,아우터,니트
P00059,P00122,1,가디건,액세서리
P00059,P00127,1,가디건,액세서리
P00059,P00133,1,가디건,액세서리
P00080,P00143,1,청바지,스커트
P00062,P00145,1,니트,스커트
P00062,P00147,1,니트,스커트
P00070,P00145,1,니트,스커트
P00070,P00147,1,니트,스커트
P00071,P00147,1,니트,스커트
P00073,P00145,1,니트,스커트
P00014,P00054,1,원피스,가디건
P00057,P00122,1,가디건,액세서리
P00057,P00123,1,가디건,액세서리
P00057,P00132,1,가디건,액세서리
P00006,P00082,1,원피스,청바지
P00082,P00117,1,청바지,가방
P00002,P00100,1,원피스,신발
P00002,P00139,1,원피스,스커트
P00002,P00143,1,원피스,스커트
P00073,P00128,1,니트,액세서리
P00070,P00121,1,니트,액세서리
P00070,P00127,1,니트,액세서리
P00070,P00128,1,니트,액세서리
P00072,P00123,1,니트,액세서리
P00045,P00115,1,코트,가방
P00108,P00151,1,가방,셔츠
P00111,P00151,1,가방,셔츠
P00037,P00134,1,코트,액세서리
P00036,P00123,1,코트,액세서리
P00072,P00127,1,니트,액세서리
P00072,P00128,1,니트,액세서리
P00072,P00131,1,니트,액세서리
P00073,P00121,1,니트,액세서리
P00073,P00123,1,니트,액세서리
P00073,P00127,1,니트,액세서리
P00076,P00122,1,청바지,액세서리
P00033,P00061,1,코트,니트
P00033,P00062,1,코트,니트
P00033,P00064,1,코트,니트
P00033,P00065,1,코트,니트
P00033,P00072,1,코트,니트
P00015,P00118,1,원피스,가방
P00015,P00119,1,원피스,가방
P00014,P00045,1,원피스,코트
P00032,P00115,1,코트,가방
P00004,P00104,1,원피스,신발
P00006,P00104,1,원피스,신발
P00014,P00104,1,원피스,신발
P00015,P00104,1,원피스,신발
P00062,P00139,1,니트,스커트
P00073,P00139,1,니트,스커트
P00028,P00136,1,아우터,스커트
P00008,P00123,1,원피스,액세서리
P00005,P00041,1,원피스,코트
P00005,P00045,1,원피스,코트
P00005,P00115,1,원피스,가방
P00007,P00032,1,원피스,코트
P00007,P00041,1,원피스,코트
P00011,P00032,1,원피스,코트
P00006,P00036,1,원피스,코트
P00006,P00037,1,원피스,코트
P00006,P00039,1,원피스,코트
P00006,P00040,1,원피스,코트
P00004,P00102,1,원피스,신발
P00084,P00102,1,청바지,신발
P00003,P00047,1,원피스,가디건
P00003,P00124,1,원피스,액세서리
P00006,P00042,1,원피스,코트
P00009,P00032,1,원피스,코트
P00009,P00034,1,원피스,코트
P00009,P00036,1,원피스,코트
P00009,P00037,1,원피스,코트
P00009,P00039,1,원피스,코트
P00006,P00032,1,원피스,코트
P00006,P00034,1,원피스,코트
P00119,P00151,1,가방,셔츠
P00011,P00041,1,원피스,코트
P00011,P00045,1,원피스,코트
P00011,P00115,1,원피스,가방
P00014,P00032,1,원피스,코트
P00014,P00041,1,원피스,코트
P00015,P00112,1,원피스,가방
P00006,P00041,1,원피스,코트
P00009,P00042,1,원피스,코트
P00044,P00093,1,코트,신발
P00044,P00097,1,코트,신발
P00044,P00101,1,코트,신발
P00024,P00112,1,아우터,가방
P00031,P00123,1,코트,액세서리
P00016,P00112,1,아우터,가방
P00019,P00109,1,아우터,가방
P00074,P00144,1,니트,스커트
P00074,P00146,1,니트,스커트
P00084,P00144,1,청바지,스커트
P00084,P00146,1,청바지,스커트
P00171,P00176,1,스포츠웨어,스포츠웨어
P00063,P00084,1,니트,청바지
P00009,P00040,1,원피스,코트
P00009,P00041,1,원피스,코트
P00033,P00123,1,코트,액세서리
P00029,P00136,1,아우터,스커트
P00003,P00079,1,원피스,청바지
P00065,P00150,1,니트,스커트
P00070,P00150,1,니트,스커트
P00014,P00111,1,원피스,가방
P00014,P00152,1,원피스,셔츠
P00063,P00144,1,니트,스커트
P00107,P00163,1,가방,셔츠
P00069,P00144,1,니트,스커트
P00005,P00032,1,원피스,코트
P00037,P00123,1,코트,액세서리
P00040,P00123,1,코트,액세서리
P00041,P00123,1,코트,액세서리
P00043,P00123,1,코트,액세서리
P00032,P00123,1,코트,액세서리
P00067,P00112,1,니트,가방
P00063,P00094,1,니트,신발
P00014,P00159,1,원피스,셔츠
P00111,P00152,1,가방,셔츠
P00111,P00164,1,가방,셔츠
P00051,P00142,1,가디건,스커트
P00051,P00148,1,가디건,스커트
P00054,P00137,1,가디건,스커트
P00069,P00148,1,니트,스커트
P00065,P00094,1,니트,신발
P00074,P00094,1,니트,신발
P00082,P00092,1,청바지,신발
P00080,P00119,1,청바지,가방
P00063,P00132,1,니트,액세서리
P00071,P00132,1,니트,액세서리
P00073,P00132,1,니트,액세서리
P00069,P00125,1,니트,액세서리
P00016,P00109,1,아우터,가방
P00054,P00149,1,가디건,스커트
P00166,P00173,1,스포츠웨어,스포츠웨어
P00089,P00092,1,청바지,신발
P00069,P00138,1,니트,스커트
P00069,P00140,1,니트,스커트
P00069,P00146,1,니트,스커트
P00019,P00112,1,아우터,가방
P00020,P00109,1,아우터,가방
P00020,P00112,1,아우터,가방
P00024,P00109,1,아우터,가방
P00032,P00165,1,코트,셔츠
P00040,P00165,1,코트,셔츠
P00045,P00165,1,코트,셔츠
P00069,P00122,1,니트,액세서리
P00166,P00179,1,스포츠웨어,스포츠웨어
P00046,P00153,1,가디건,셔츠
P00048,P00153,1,가디건,셔츠
P00052,P00153,1,가디건,셔츠
P00053,P00153,1,가디건,셔츠
P00055,P00153,1,가디건,셔츠
P00057,P00153,1,가디건,셔츠
P00062,P00123,1,니트,액세서리
P00054,P00061,1,가디건,니트
P00054,P00062,1,가디건,니트
P00054,P00069,1,가디건,니트
P00054,P00071,1,가디건,니트
P00072,P00148,1,니트,스커트
P00035,P00057,1,코트,가디건
P00035,P00060,1,코트,가디건
P00033,P00128,1,코트,액세서리
P00041,P00129,1,코트,액세서리
P00069,P00076,1,니트,청바지
P00082,P00116,1,청바지,가방
P00003,P00108,1,원피스,가방
P00013,P00108,1,원피스,가방
P00038,P00120,1,코트,가방
P00042,P00128,1,코트,액세서리
P00089,P00119,1,청바지,가방
P00054,P00142,1,가디건,스커트
P00054,P00145,1,가디건,스커트
P00054,P00148,1,가디건,스커트
P00051,P00137,1,가디건,스커트
P00004,P00128,1,원피스,액세서리
P00080,P00128,1,청바지,액세서리
P00084,P00128,1,청바지,액세서리
P00043,P00120,1,코트,가방
P00065,P00115,1,니트,가방
P00065,P00116,1,니트,가방
P00065,P00119,1,니트,가방
P00015,P00107,1,원피스,가방
P00002,P00089,1,원피스,청바지
P00013,P00080,1,원피스,청바지
P00013,P00088,1,원피스,청바지
P00015,P00080,1,원피스,청바지
P00013,P00075,1,원피스,니트
P00142,P00152,1,스커트,셔츠
P00005,P00056,1,원피스,가디건
P00005,P00068,1,원피스,니트
P00009,P00056,1,원피스,가디건
P00035,P00124,1,코트,액세서리
P00015,P00089,1,원피스,청바지
P00065,P00112,1,니트,가방
P00028,P00078,1,아우터,청바지
P00071,P00130,1,니트,액세서리
P00017,P00018,1,아우터,아우터
P00017,P00078,1,아우터,청바지
P00018,P00078,1,아우터,청바지
P00013,P00056,1,원피스,가디건
P00056,P00068,1,가디건,니트
P00013,P00063,1,원피스,니트
P00062,P00130,1,니트,액세서리
P00087,P00098,1,청바지,신발
P00087,P00100,1,청바지,신발
P00086,P00098,1,청바지,신발
P00086,P00100,1,청바지,신발
P00086,P00105,1,청바지,신발
P00040,P00128,1,코트,액세서리
P00023,P00078,1,아우터,청바지
P00036,P00129,1,코트,액세서리
P00045,P00126,1,코트,액세서리
P00107,P00155,1,가방,셔츠
P00107,P00160,1,가방,셔츠
P00118,P00151,1,가방,셔츠
P00118,P00153,1,가방,셔츠
P00118,P00155,1,가방,셔츠
P00085,P00174,1,청바지,스포츠웨어
P00032,P00163,1,코트,셔츠
P00033,P00109,1,코트,가방
P00033,P00113,1,코트,가방
P00033,P00163,1,코트,셔츠
P00011,P00026,1,원피스,아우터
P00035,P00126,1,코트,액세서리
P00035,P00129,1,코트,액세서리
P00036,P00124,1,코트,액세서리
P00109,P00163,1,가방,셔츠
P00051,P00061,1,가디건,니트
P00055,P00061,1,가디건,니트
P00019,P00068,1,아우터,니트
P00059,P00146,1,가디건,스커트
P00059,P00147,1,가디건,스커트
P00032,P00110,1,코트,가방
P00032,P00113,1,코트,가방
P00009,P00068,1,원피스,니트
P00011,P00056,1,원피스,가디건
P00011,P00068,1,원피스,니트
P00019,P00070,1,아우터,니트
P00019,P00071,1,아우터,니트
P00019,P00131,1,아우터,액세서리
P00068,P00131,1,니트,액세서리
P00071,P00131,1,니트,액세서리
P00044,P00069,1,코트,니트
P00062,P00125,1,니트,액세서리
P00014,P00127,1,원피스,액세서리
P00016,P00029,1,아우터,아우터
P00022,P00151,1,아우터,셔츠
P00029,P00151,1,아우터,셔츠
P00031,P00118,1,코트,가방
P00056,P00141,1,가디건,스커트
P00062,P00162,1,니트,셔츠
P00074,P00125,1,니트,액세서리
P00074,P00132,1,니트,액세서리
P00074,P00152,1,니트,셔츠
P00074,P00156,1,니트,셔츠
P00074,P00162,1,니트,셔츠
P00125,P00152,1,액세서리,셔츠
P00125,P00158,1,액세서리,셔츠
P00086,P00134,1,청바지,액세서리
P00086,P00150,1,청바지,스커트
P00123,P00150,1,액세서리,스커트
P00125,P00150,1,액세서리,스커트
P00125,P00162,1,액세서리,셔츠
P00132,P00152,1,액세서리,셔츠
P00132,P00158,1,액세서리,셔츠
P00132,P00162,1,액세서리,셔츠
P00022,P00111,1,아우터,가방
P00022,P00115,1,아우터,가방
P00017,P00027,1,아우터,아우터
P00135,P00154,1,액세서리,셔츠
P00057,P00146,1,가디건,스커트
P00057,P00147,1,가디건,스커트
P00086,P00125,1,청바지,액세서리
P00086,P00127,1,청바지,액세서리
P00005,P00138,1,원피스,스커트
P00005,P00140,1,원피스,스커트
P00106,P00140,1,가방,스커트
P00106,P00141,1,가방,스커트
P00045,P00127,1,코트,액세서리
P00045,P00135,1,코트,액세서리
P00094,P00148,1,신발,스커트
P00096,P00148,1,신발,스커트
P00003,P00101,1,원피스,신발
P00007,P00096,1,원피스,신발
P00007,P00097,1,원피스,신발
P00007,P00101,1,원피스,신발
P00061,P00076,1,니트,청바지
P00051,P00058,1,가디건,가디건
P00016,P00027,1,아우터,아우터
P00003,P00141,1,원피스,스커트
P00001,P00127,1,원피스,액세서리
P00002,P00127,1,원피스,액세서리
P00056,P00149,1,가디건,스커트
P00062,P00152,1,니트,셔츠
P00062,P00156,1,니트,셔츠
P00003,P00096,1,원피스,신발
P00003,P00097,1,원피스,신발
P00003,P00098,1,원피스,신발
P00056,P00147,1,가디건,스커트
P00056,P00148,1,가디건,스커트
P00155,P00171,1,셔츠,스포츠웨어
P00165,P00171,1,셔츠,스포츠웨어
P00033,P00075,1,코트,니트
P00035,P00075,1,코트,니트
P00036,P00075,1,코트,니트
P00005,P00142,1,원피스,스커트
P00090,P00098,1,청바지,신발
P00036,P00154,1,코트,셔츠
P00036,P00160,1,코트,셔츠
P00058,P00067,1,가디건,니트
P00168,P00177,1,스포츠웨어,스포츠웨어
P00090,P00096,1,청바지,신발
P00008,P00048,1,원피스,가디건
P00008,P00059,1,원피스,가디건
P00082,P00115,1,청바지,가방
P00088,P00115,1,청바지,가방
P00090,P00115,1,청바지,가방
P00008,P00096,1,원피스,신발
P00008,P00097,1,원피스,신발
P00008,P00101,1,원피스,신발
P00013,P00096,1,원피스,신발
P00007,P00137,1,원피스,스커트
P00012,P00108,1,원피스,가방
P00009,P00074,1,원피스,니트
P00010,P00131,1,원피스,액세서리
P00120,P00159,1,가방,셔츠
P00023,P00118,1,아우터,가방
P00008,P00122,1,원피스,액세서리
P00011,P00122,1,원피스,액세서리
P00077,P00115,1,청바지,가방
P00003,P00054,1,원피스,가디건
P00012,P00054,1,원피스,가디건
P00058,P00094,1,가디건,신발
P00058,P00096,1,가디건,신발
P00058,P00148,1,가디건,스커트
P00003,P00106,1,원피스,가방
P00003,P00138,1,원피스,스커트
P00102,P00144,1,신발,스커트
P00042,P00074,1,코트,니트
P00043,P00063,1,코트,니트
P00043,P00065,1,코트,니트
P00043,P00074,1,코트,니트
P00044,P00074,1,코트,니트
P00013,P00115,1,원피스,가방
P00041,P00063,1,코트,니트
P00041,P00074,1,코트,니트
P00066,P00149,1,니트,스커트
P00068,P00138,1,니트,스커트
P00088,P00155,1,청바지,셔츠
P00034,P00155,1,코트,셔츠
P00001,P00047,1,원피스,가디건
P00154,P00168,1,셔츠,스포츠웨어
P00154,P00170,1,셔츠,스포츠웨어
P00078,P00099,1,청바지,신발
P00076,P00155,1,청바지,셔츠
P00167,P00170,1,스포츠웨어,스포츠웨어
P00013,P00097,1,원피스,신발
P00013,P00101,1,원피스,신발
P00039,P00155,1,코트,셔츠
P00111,P00124,1,가방,액세서리
P00115,P00124,1,가방,액세서리
P00066,P00138,1,니트,스커트
P00009,P00052,1,원피스,가디건
P00012,P00031,1,원피스,코트
P00077,P00095,1,청바지,신발
P00084,P00095,1,청바지,신발
P00009,P00047,1,원피스,가디건
P00080,P00155,1,청바지,셔츠
P00084,P00155,1,청바지,셔츠
P00012,P00137,1,원피스,스커트
P00116,P00129,1,가방,액세서리
P00015,P00154,1,원피스,셔츠
P00015,P00155,1,원피스,셔츠
P00007,P00106,1,원피스,가방
P00083,P00094,1,청바지,신발
P00083,P00101,1,청바지,신발
P00090,P00158,1,청바지,셔츠
P00079,P00094,1,청바지,신발
P00004,P00086,1,원피스,청바지
P00001,P00102,1,원피스,신발
P00001,P00104,1,원피스,신발
P00001,P00153,1,원피스,셔츠
P00001,P00163,1,원피스,셔츠
P00099,P00153,1,신발,셔츠
P00115,P00129,1,가방,액세서리
P00116,P00124,1,가방,액세서리
P00002,P00140,1,원피스,스커트
P00103,P00140,1,신발,스커트
P00099,P00163,1,신발,셔츠
P00101,P00153,1,신발,셔츠
P00102,P00153,1,신발,셔츠
P00102,P00163,1,신발,셔츠
P00104,P00153,1,신발,셔츠
P00104,P00163,1,신발,셔츠
P00037,P00063,1,코트,니트
P00045,P00113,1,코트,가방
P00007,P00031,1,원피스,코트
P00085,P00099,1,청바지,신발
P00087,P00099,1,청바지,신발
P00025,P00032,1,아우터,코트
P00105,P00154,1,신발,셔츠
P00002,P00103,1,원피스,신발
P00004,P00031,1,원피스,코트
P00001,P00141,1,원피스,스커트
P00007,P00141,1,원피스,스커트
P00022,P00158,1,아우터,셔츠
P00025,P00158,1,아우터,셔츠
P00026,P00158,1,아우터,셔츠
P00063,P00157,1,니트,셔츠
P00063,P00161,1,니트,셔츠
P00013,P00045,1,원피스,코트
P00015,P00031,1,원피스,코트
P00015,P00045,1,원피스,코트
P00036,P00050,1,코트,가디건
P00036,P00060,1,코트,가디건
P00040,P00047,1,코트,가디건
P00040,P00050,1,코트,가디건
P00040,P00060,1,코트,가디건
P00028,P00131,1,아우터,액세서리
P00028,P00135,1,아우터,액세서리
P00043,P00108,1,코트,가방
P00043,P00113,1,코트,가방
P00004,P00045,1,원피스,코트
P00006,P00045,1,원피스,코트
P00009,P00045,1,원피스,코트
P00013,P00031,1,원피스,코트
P00082,P00101,1,청바지,신발
P00063,P00165,1,니트,셔츠
P00015,P00161,1,원피스,셔츠
P00015,P00162,1,원피스,셔츠
P00026,P00122,1,아우터,액세서리
P00026,P00131,1,아우터,액세서리
P00026,P00135,1,아우터,액세서리
P00028,P00122,1,아우터,액세서리
P00080,P00156,1,청바지,셔츠
P00080,P00160,1,청바지,셔츠
P00088,P00152,1,청바지,셔츠
P00088,P00156,1,청바지,셔츠
P00088,P00160,1,청바지,셔츠
P00090,P00152,1,청바지,셔츠
P00070,P00142,1,니트,스커트
P00023,P00109,1,아우터,가방
P00068,P00085,1,니트,청바지
P00015,P00142,1,원피스,스커트
P00061,P00081,1,니트,청바지
P00061,P00083,1,니트,청바지
P00064,P00081,1,니트,청바지
P00064,P00083,1,니트,청바지
P00090,P00156,1,청바지,셔츠
P00090,P00160,1,청바지,셔츠
P00035,P00116,1,코트,가방
P00043,P00112,1,코트,가방
P00168,P00173,1,스포츠웨어,스포츠웨어
P00015,P00146,1,원피스,스커트
P00066,P00081,1,니트,청바지
P00066,P00083,1,니트,청바지
P00066,P00085,1,니트,청바지
P00068,P00081,1,니트,청바지
P00063,P00163,1,니트,셔츠
P00083,P00097,1,청바지,신발
P00112,P00163,1,가방,셔츠
P00115,P00163,1,가방,셔츠
P00084,P00093,1,청바지,신발
P00084,P00094,1,청바지,신발
P00036,P00047,1,코트,가디건
P00035,P00112,1,코트,가방
P00032,P00111,1,코트,가방
P00023,P00107,1,아우터,가방
P00166,P00168,1,스포츠웨어,스포츠웨어
P00167,P00168,1,스포츠웨어,스포츠웨어
P00167,P00169,1,스포츠웨어,스포츠웨어
P00013,P00130,1,원피스,액세서리
P00013,P00133,1,원피스,액세서리
P00006,P00054,1,원피스,가디건
P00001,P00120,1,원피스,가방
P00094,P00149,1,신발,스커트
P00047,P00117,1,가디건,가방
P00047,P00119,1,가디건,가방
P00047,P00136,1,가디건,스커트
P00047,P00142,1,가디건,스커트
P00015,P00040,1,원피스,코트
P00015,P00041,1,원피스,코트
P00077,P00154,1,청바지,셔츠
P00077,P00159,1,청바지,셔츠
P00048,P00136,1,가디건,스커트
P00048,P00142,1,가디건,스커트
P00048,P00149,1,가디건,스커트
P00050,P00136,1,가디건,스커트
P00050,P00142,1,가디건,스커트
P00050,P00149,1,가디건,스커트
P00023,P00112,1,아우터,가방
P00023,P00113,1,아우터,가방
P00065,P00081,1,니트,청바지
P00065,P00083,1,니트,청바지
P00010,P00120,1,원피스,가방
P00012,P00120,1,원피스,가방
P00069,P00082,1,니트,청바지
P00069,P00083,1,니트,청바지
P00032,P00070,1,코트,니트
P00032,P00071,1,코트,니트
P00032,P00073,1,코트,니트
P00035,P00070,1,코트,니트
P00035,P00071,1,코트,니트
P00075,P00091,1,니트,신발
P00041,P00109,1,코트,가방
P00041,P00118,1,코트,가방
P00072,P00139,1,니트,스커트
P00077,P00160,1,청바지,셔츠
P00077,P00162,1,청바지,셔츠
P00079,P00154,1,청바지,셔츠
P00079,P00159,1,청바지,셔츠
P00079,P00162,1,청바지,셔츠
P00087,P00154,1,청바지,셔츠
P00087,P00159,1,청바지,셔츠
P00036,P00089,1,코트,청바지
P00036,P00151,1,코트,셔츠
P00036,P00156,1,코트,셔츠
P00087,P00162,1,청바지,셔츠
P00089,P00154,1,청바지,셔츠
P00089,P00159,1,청바지,셔츠
P00089,P00162,1,청바지,셔츠
P00018,P00025,1,아우터,아우터
P00094,P00136,1,신발,스커트
P00094,P00145,1,신발,스커트
P00002,P00092,1,원피스,신발
P00012,P00092,1,원피스,신발
P00006,P00125,1,원피스,액세서리
P00076,P00103,1,청바지,신발
P00077,P00103,1,청바지,신발
P00079,P00103,1,청바지,신발
P00032,P00118,1,코트,가방
P00032,P00119,1,코트,가방
P00034,P00109,1,코트,가방
P00034,P00111,1,코트,가방
P00034,P00118,1,코트,가방
P00034,P00119,1,코트,가방
P00107,P00150,1,가방,스커트
P00110,P00150,1,가방,스커트
P00044,P00118,1,코트,가방
P00044,P00119,1,코트,가방
P00013,P00124,1,원피스,액세서리
P00039,P00118,1,코트,가방
P00039,P00119,1,코트,가방
P00040,P00109,1,코트,가방
P00040,P00111,1,코트,가방
P00040,P00118,1,코트,가방
P00016,P00018,1,아우터,아우터
P00036,P00074,1,코트,니트
P00037,P00079,1,코트,청바지
P00039,P00074,1,코트,니트
P00039,P00079,1,코트,청바지
P00040,P00119,1,코트,가방
P00044,P00109,1,코트,가방
P00044,P00111,1,코트,가방
P00065,P00132,1,니트,액세서리
P00067,P00123,1,니트,액세서리
P00067,P00132,1,니트,액세서리
P00032,P00061,1,코트,니트
P00003,P00048,1,원피스,가디건
P00003,P00050,1,원피스,가디건
P00003,P00052,1,원피스,가디건
P00003,P00057,1,원피스,가디건
P00062,P00084,1,니트,청바지
P00007,P00046,1,원피스,가디건
P00007,P00050,1,원피스,가디건
P00007,P00053,1,원피스,가디건
P00012,P00046,1,원피스,가디건
P00058,P00074,1,가디건,니트
P00075,P00148,1,니트,스커트
P00092,P00135,1,신발,액세서리
P00005,P00099,1,원피스,신발
P00008,P00092,1,원피스,신발
P00008,P00099,1,원피스,신발
P00012,P00047,1,원피스,가디건
P00012,P00050,1,원피스,가디건
P00018,P00021,1,아우터,아우터
P00062,P00080,1,니트,청바지
P00062,P00083,1,니트,청바지
P00040,P00063,1,코트,니트
P00040,P00065,1,코트,니트
P00040,P00066,1,코트,니트
P00040,P00067,1,코트,니트
P00068,P00076,1,니트,청바지
P00068,P00082,1,니트,청바지
P00005,P00092,1,원피스,신발
P00005,P00098,1,원피스,신발
P00113,P00150,1,가방,스커트
P00114,P00150,1,가방,스커트
P00119,P00150,1,가방,스커트
P00011,P00113,1,원피스,가방
P00008,P00102,1,원피스,신발
P00013,P00092,1,원피스,신발
P00013,P00099,1,원피스,신발
P00013,P00102,1,원피스,신발
P00012,P00122,1,원피스,액세서리
P00014,P00080,1,원피스,청바지
P00014,P00122,1,원피스,액세서리
P00080,P00122,1,청바지,액세서리
P00004,P00157,1,원피스,셔츠
P00004,P00158,1,원피스,셔츠
P00004,P00160,1,원피스,셔츠
P00043,P00157,1,코트,셔츠
P00010,P00058,1,원피스,가디건
P00040,P00070,1,코트,니트
P00040,P00072,1,코트,니트
P00040,P00075,1,코트,니트
P00042,P00066,1,코트,니트
P00042,P00067,1,코트,니트
P00174,P00176,1,스포츠웨어,스포츠웨어
P00012,P00080,1,원피스,청바지
P00047,P00074,1,가디건,니트
P00044,P00066,1,코트,니트
P00044,P00067,1,코트,니트
P00044,P00070,1,코트,니트
P00044,P00072,1,코트,니트
P00044,P00075,1,코트,니트
P00010,P00046,1,원피스,가디건
P00010,P00047,1,원피스,가디건
P00092,P00145,1,신발,스커트
P00092,P00148,1,신발,스커트
P00135,P00145,1,액세서리,스커트
P00010,P00074,1,원피스,니트
P00011,P00046,1,원피스,가디건
P00011,P00058,1,원피스,가디건
P00011,P00074,1,원피스,니트
P00046,P00074,1,가디건,니트
P00070,P00137,1,니트,스커트
P00062,P00136,1,니트,스커트
P00135,P00148,1,액세서리,스커트
P00175,P00177,1,스포츠웨어,스포츠웨어
P00016,P00023,1,아우터,아우터
P00038,P00063,1,코트,니트
P00038,P00068,1,코트,니트
P00070,P00135,1,니트,액세서리
P00062,P00150,1,니트,스커트
P00068,P00136,1,니트,스커트
P00002,P00046,1,원피스,가디건
P00002,P00050,1,원피스,가디건
P00025,P00113,1,아우터,가방
P00048,P00096,1,가디건,신발
P00056,P00096,1,가디건,신발
P00069,P00137,1,니트,스커트
P00002,P00115,1,원피스,가방
P00002,P00120,1,원피스,가방
P00046,P00109,1,가디건,가방
P00046,P00115,1,가디건,가방
P00046,P00120,1,가디건,가방
P00047,P00109,1,가디건,가방
P00047,P00115,1,가디건,가방
P00047,P00120,1,가디건,가방
P00077,P00156,1,청바지,셔츠
P00077,P00164,1,청바지,셔츠
P00083,P00164,1,청바지,셔츠
P00176,P00180,1,스포츠웨어,스포츠웨어
P00090,P00100,1,청바지,신발
P00167,P00179,1,스포츠웨어,스포츠웨어
P00042,P00070,1,코트,니트
P00042,P00072,1,코트,니트
P00082,P00129,1,청바지,액세서리
P00083,P00129,1,청바지,액세서리
P00043,P00164,1,코트,셔츠
P00023,P00079,1,아우터,청바지
P00025,P00029,1,아우터,아우터
P00025,P00079,1,아우터,청바지
P00029,P00079,1,아우터,청바지
P00026,P00075,1,아우터,니트
P00003,P00110,1,원피스,가방
P00003,P00118,1,원피스,가방
P00050,P00109,1,가디건,가방
P00050,P00115,1,가디건,가방
P00050,P00120,1,가디건,가방
P00064,P00142,1,니트,스커트
P00076,P00100,1,청바지,신발
P00077,P00129,1,청바지,액세서리
P00171,P00174,1,스포츠웨어,스포츠웨어
P00171,P00180,1,스포츠웨어,스포츠웨어
P00012,P00165,1,원피스,셔츠
P00070,P00086,1,니트,청바지
P00070,P00122,1,니트,액세서리
P00066,P00144,1,니트,스커트
P00067,P00142,1,니트,스커트
P00067,P00144,1,니트,스커트
P00086,P00122,1,청바지,액세서리
P00086,P00135,1,청바지,액세서리
P00080,P00117,1,청바지,가방
P00080,P00120,1,청바지,가방
P00083,P00117,1,청바지,가방
P00083,P00120,1,청바지,가방
P00014,P00110,1,원피스,가방
P00014,P00118,1,원피스,가방
P00004,P00053,1,원피스,가디건
P00014,P00053,1,원피스,가디건
P00015,P00053,1,원피스,가디건
P00093,P00137,1,신발,스커트
P00093,P00141,1,신발,스커트
P00055,P00149,1,가디건,스커트
P00057,P00136,1,가디건,스커트
P00057,P00140,1,가디건,스커트
P00105,P00141,1,신발,스커트
P00105,P00148,1,신발,스커트
P00093,P00148,1,신발,스커트
P00097,P00137,1,신발,스커트
P00097,P00141,1,신발,스커트
P00097,P00148,1,신발,스커트
P00101,P00137,1,신발,스커트
P00101,P00148,1,신발,스커트
P00032,P00128,1,코트,액세서리
P00039,P00060,1,코트,가디건
P00041,P00060,1,코트,가디건
P00045,P00060,1,코트,가디건
P00035,P00072,1,코트,니트
P00104,P00137,1,신발,스커트
P00104,P00141,1,신발,스커트
P00105,P00137,1,신발,스커트
P00050,P00071,1,가디건,니트
P00052,P00063,1,가디건,니트
P00052,P00066,1,가디건,니트
P00052,P00071,1,가디건,니트
P00064,P00144,1,니트,스커트
P00066,P00142,1,니트,스커트
P00066,P00143,1,니트,스커트
P00032,P00060,1,코트,가디건
P00050,P00066,1,가디건,니트
P00125,P00153,1,액세서리,셔츠
P00125,P00160,1,액세서리,셔츠
P00125,P00161,1,액세서리,셔츠
P00128,P00153,1,액세서리,셔츠
P00128,P00156,1,액세서리,셔츠
P00128,P00160,1,액세서리,셔츠
P00121,P00156,1,액세서리,셔츠
P00058,P00136,1,가디건,스커트
P00058,P00146,1,가디건,스커트
P00001,P00107,1,원피스,가방
P00049,P00118,1,가디건,가방
P00128,P00161,1,액세서리,셔츠
P00132,P00160,1,액세서리,셔츠
P00132,P00161,1,액세서리,셔츠
P00050,P00063,1,가디건,니트
P00055,P00136,1,가디건,스커트
P00077,P00134,1,청바지,액세서리
P00050,P00127,1,가디건,액세서리
P00050,P00128,1,가디건,액세서리
P00050,P00129,1,가디건,액세서리
P00049,P00136,1,가디건,스커트
P00049,P00140,1,가디건,스커트
P00054,P00136,1,가디건,스커트
P00057,P00145,1,가디건,스커트
P00057,P00149,1,가디건,스커트
P00036,P00106,1,코트,가방
P00036,P00110,1,코트,가방
P00049,P00145,1,가디건,스커트
P00049,P00149,1,가디건,스커트
P00051,P00136,1,가디건,스커트
P00051,P00140,1,가디건,스커트
P00109,P00162,1,가방,셔츠
P00036,P00114,1,코트,가방
P00036,P00116,1,코트,가방
P00040,P00106,1,코트,가방
P00040,P00114,1,코트,가방
P00068,P00158,1,니트,셔츠
P00068,P00159,1,니트,셔츠
P00005,P00044,1,원피스,코트
P00094,P00117,1,신발,가방
P00094,P00118,1,신발,가방
P00044,P00106,1,코트,가방
P00044,P00114,1,코트,가방
P00044,P00116,1,코트,가방
P00045,P00114,1,코트,가방
P00045,P00116,1,코트,가방
P00109,P00156,1,가방,셔츠
P00002,P00097,1,원피스,신발
P00002,P00098,1,원피스,신발
P00109,P00165,1,가방,셔츠
P00110,P00156,1,가방,셔츠
P00110,P00165,1,가방,셔츠
P00091,P00180,1,신발,스포츠웨어
P00094,P00180,1,신발,스포츠웨어
P00096,P00180,1,신발,스포츠웨어
P00121,P00160,1,액세서리,셔츠
P00121,P00161,1,액세서리,셔츠
P00073,P00095,1,니트,신발
P00101,P00117,1,신발,가방
P00101,P00118,1,신발,가방
P00102,P00117,1,신발,가방
P00102,P00118,1,신발,가방
P00002,P00096,1,원피스,신발
P00015,P00097,1,원피스,신발
P00015,P00098,1,원피스,신발
P00015,P00102,1,원피스,신발
P00037,P00122,1,코트,액세서리
P00037,P00135,1,코트,액세서리
P00004,P00148,1,원피스,스커트
P00006,P00136,1,원피스,스커트
P00006,P00144,1,원피스,스커트
P00073,P00087,1,니트,청바지
P00003,P00150,1,원피스,스커트
P00062,P00148,1,니트,스커트
P00062,P00149,1,니트,스커트
P00099,P00137,1,신발,스커트
P00099,P00139,1,신발,스커트
P00064,P00087,1,니트,청바지
P00015,P00096,1,원피스,신발
P00010,P00140,1,원피스,스커트
P00010,P00150,1,원피스,스커트
P00049,P00148,1,가디건,스커트
P00053,P00142,1,가디건,스커트
P00001,P00041,1,원피스,코트
P00073,P00077,1,니트,청바지
P00073,P00078,1,니트,청바지
P00073,P00084,1,니트,청바지
P00007,P00044,1,원피스,코트
P00076,P00113,1,청바지,가방
P00081,P00113,1,청바지,가방
P00086,P00113,1,청바지,가방
P00040,P00116,1,코트,가방
P00043,P00106,1,코트,가방
P00043,P00114,1,코트,가방
P00010,P00136,1,원피스,스커트
P00110,P00154,1,가방,셔츠
P00006,P00101,1,원피스,신발
P00068,P00160,1,니트,셔츠
P00071,P00158,1,니트,셔츠
P00071,P00159,1,니트,셔츠
P00074,P00159,1,니트,셔츠
P00074,P00160,1,니트,셔츠
P00062,P00159,1,니트,셔츠
P00085,P00123,1,청바지,액세서리
P00001,P00044,1,원피스,코트
P00003,P00041,1,원피스,코트
P00013,P00041,1,원피스,코트
P00013,P00044,1,원피스,코트
P00005,P00100,1,원피스,신발
P00013,P00162,1,원피스,셔츠
P00013,P00163,1,원피스,셔츠
P00003,P00144,1,원피스,스커트
P00003,P00148,1,원피스,스커트
P00004,P00136,1,원피스,스커트
P00004,P00144,1,원피스,스커트
P00012,P00100,1,원피스,신발
P00023,P00030,1,아우터,아우터
P00076,P00123,1,청바지,액세서리
P00076,P00129,1,청바지,액세서리
P00006,P00148,1,원피스,스커트
P00014,P00136,1,원피스,스커트
P00014,P00144,1,원피스,스커트
P00014,P00148,1,원피스,스커트
P00085,P00130,1,청바지,액세서리
P00001,P00136,1,원피스,스커트
P00001,P00144,1,원피스,스커트
P00001,P00148,1,원피스,스커트
P00005,P00120,1,원피스,가방
P00005,P00122,1,원피스,액세서리
P00120,P00122,1,가방,액세서리
P00094,P00137,1,신발,스커트
P00095,P00137,1,신발,스커트
P00114,P00163,1,가방,셔츠
P00113,P00154,1,가방,셔츠
P00114,P00154,1,가방,셔츠
P00094,P00172,1,신발,스포츠웨어
P00094,P00175,1,신발,스포츠웨어
P00061,P00123,1,니트,액세서리
P00061,P00128,1,니트,액세서리
P00061,P00131,1,니트,액세서리
P00065,P00128,1,니트,액세서리
P00065,P00131,1,니트,액세서리
P00074,P00123,1,니트,액세서리
P00095,P00141,1,신발,스커트
P00095,P00149,1,신발,스커트
P00099,P00141,1,신발,스커트
P00074,P00131,1,니트,액세서리
P00107,P00157,1,가방,셔츠
P00079,P00099,1,청바지,신발
P00079,P00141,1,청바지,스커트
P00079,P00149,1,청바지,스커트
P00062,P00160,1,니트,셔츠
P00063,P00159,1,니트,셔츠
P00009,P00100,1,원피스,신발
P00009,P00102,1,원피스,신발
P00090,P00095,1,청바지,신발
P00090,P00099,1,청바지,신발
P00090,P00141,1,청바지,스커트
P00090,P00149,1,청바지,스커트
P00102,P00149,1,신발,스커트
P00002,P00095,1,원피스,신발
P00002,P00104,1,원피스,신발
P00008,P00162,1,원피스,셔츠
P00012,P00110,1,원피스,가방
P00012,P00114,1,원피스,가방
P00012,P00154,1,원피스,셔츠
P00008,P00110,1,원피스,가방
P00014,P00060,1,원피스,가디건
P00014,P00070,1,원피스,니트
P00095,P00107,1,신발,가방
P00104,P00107,1,신발,가방
P00005,P00081,1,원피스,청바지
P00005,P00089,1,원피스,청바지
P00099,P00149,1,신발,스커트
P00101,P00149,1,신발,스커트
P00002,P00119,1,원피스,가방
P00002,P00128,1,원피스,액세서리
P00002,P00133,1,원피스,액세서리
P00119,P00122,1,가방,액세서리
P00028,P00062,1,아우터,니트
P00028,P00065,1,아우터,니트
P00028,P00073,1,아우터,니트
P00014,P00059,1,원피스,가디건
P00114,P00162,1,가방,셔츠
P00012,P00163,1,원피스,셔츠
P00013,P00113,1,원피스,가방
P00013,P00114,1,원피스,가방
P00060,P00070,1,가디건,니트
P00096,P00171,1,신발,스포츠웨어
P00067,P00083,1,니트,청바지
P00071,P00083,1,니트,청바지
P00119,P00128,1,가방,액세서리
P00119,P00133,1,가방,액세서리
P00073,P00160,1,니트,셔츠
P00073,P00164,1,니트,셔츠
P00002,P00085,1,원피스,청바지
P00004,P00085,1,원피스,청바지
P00008,P00085,1,원피스,청바지
P00094,P00165,1,신발,셔츠
P00049,P00061,1,가디건,니트
P00049,P00085,1,가디건,청바지
P00087,P00096,1,청바지,신발
P00087,P00103,1,청바지,신발
P00087,P00163,1,청바지,셔츠
P00096,P00160,1,신발,셔츠
P00096,P00163,1,신발,셔츠
P00101,P00160,1,신발,셔츠
P00058,P00062,1,가디건,니트
P00058,P00085,1,가디건,청바지
P00058,P00086,1,가디건,청바지
P00058,P00114,1,가디건,가방
P00103,P00163,1,신발,셔츠
P00006,P00019,1,원피스,아우터
P00006,P00020,1,원피스,아우터
P00006,P00028,1,원피스,아우터
P00008,P00113,1,원피스,가방
P00008,P00114,1,원피스,가방
P00002,P00107,1,원피스,가방
P00005,P00095,1,원피스,신발
P00005,P00104,1,원피스,신발
P00049,P00086,1,가디건,청바지
P00049,P00114,1,가디건,가방
P00058,P00061,1,가디건,니트
P00085,P00114,1,청바지,가방
P00076,P00098,1,청바지,신발
P00076,P00102,1,청바지,신발
P00076,P00145,1,청바지,스커트
P00091,P00145,1,신발,스커트
P00098,P00145,1,신발,스커트
P00102,P00145,1,신발,스커트
P00012,P00128,1,원피스,액세서리
P00101,P00170,1,신발,스포츠웨어
P00101,P00172,1,신발,스포츠웨어
P00101,P00174,1,신발,스포츠웨어
P00101,P00177,1,신발,스포츠웨어
P00061,P00114,1,니트,가방
P00062,P00085,1,니트,청바지
P00062,P00086,1,니트,청바지
P00062,P00114,1,니트,가방
P00067,P00109,1,니트,가방
P00069,P00109,1,니트,가방
P00101,P00178,1,신발,스포츠웨어
P00172,P00177,1,스포츠웨어,스포츠웨어
P00070,P00078,1,니트,청바지
P00070,P00079,1,니트,청바지
P00070,P00084,1,니트,청바지
P00074,P00078,1,니트,청바지
P00095,P00160,1,신발,셔츠
P00095,P00165,1,신발,셔츠
P00130,P00141,1,액세서리,스커트
P00130,P00146,1,액세서리,스커트
P00130,P00148,1,액세서리,스커트
P00130,P00150,1,액세서리,스커트
P00064,P00109,1,니트,가방
P00065,P00109,1,니트,가방
P00071,P00109,1,니트,가방
P00072,P00109,1,니트,가방
P00073,P00109,1,니트,가방
P00074,P00109,1,니트,가방
P00009,P00129,1,원피스,액세서리
P00009,P00131,1,원피스,액세서리
P00051,P00074,1,가디건,니트
P00048,P00061,1,가디건,니트
P00051,P00128,1,가디건,액세서리
P00057,P00128,1,가디건,액세서리
P00005,P00066,1,원피스,니트
P00005,P00125,1,원피스,액세서리
P00005,P00126,1,원피스,액세서리
P00005,P00130,1,원피스,액세서리
P00005,P00134,1,원피스,액세서리
P00070,P00109,1,니트,가방
P00008,P00066,1,원피스,니트
P00008,P00126,1,원피스,액세서리
P00008,P00130,1,원피스,액세서리
P00009,P00066,1,원피스,니트
P00009,P00125,1,원피스,액세서리
P00009,P00126,1,원피스,액세서리
P00009,P00130,1,원피스,액세서리
P00009,P00134,1,원피스,액세서리
P00086,P00114,1,청바지,가방
P00044,P00134,1,코트,액세서리
P00044,P00135,1,코트,액세서리
P00066,P00130,1,니트,액세서리
P00066,P00134,1,니트,액세서리
P00001,P00082,1,원피스,청바지
P00001,P00086,1,원피스,청바지
P00005,P00082,1,원피스,청바지
P00010,P00086,1,원피스,청바지
P00034,P00121,1,코트,액세서리
P00004,P00100,1,원피스,신발
P00007,P00100,1,원피스,신발
P00006,P00124,1,원피스,액세서리
P00006,P00128,1,원피스,액세서리
P00012,P00124,1,원피스,액세서리
P00038,P00126,1,코트,액세서리
P00064,P00141,1,니트,스커트
P00071,P00140,1,니트,스커트
P00071,P00141,1,니트,스커트
P00079,P00153,1,청바지,셔츠
P00081,P00151,1,청바지,셔츠
P00081,P00153,1,청바지,셔츠
P00005,P00086,1,원피스,청바지
P00010,P00082,1,원피스,청바지
P00082,P00153,1,청바지,셔츠
P00084,P00151,1,청바지,셔츠
P00084,P00153,1,청바지,셔츠
P00088,P00151,1,청바지,셔츠
P00088,P00153,1,청바지,셔츠
P00089,P00153,1,청바지,셔츠
P00046,P00070,1,가디건,니트
P00061,P00141,1,니트,스커트
P00048,P00070,1,가디건,니트
P00086,P00167,1,청바지,스포츠웨어
P00086,P00177,1,청바지,스포츠웨어
P00167,P00177,1,스포츠웨어,스포츠웨어
P00086,P00126,1,청바지,액세서리
P00086,P00129,1,청바지,액세서리
P00086,P00131,1,청바지,액세서리
P00082,P00151,1,청바지,셔츠
P00086,P00157,1,청바지,셔츠
P00086,P00159,1,청바지,셔츠
P00086,P00163,1,청바지,셔츠
P00009,P00094,1,원피스,신발
P00009,P00097,1,원피스,신발
P00144,P00165,1,스커트,셔츠
P00146,P00155,1,스커트,셔츠
P00146,P00165,1,스커트,셔츠
P00126,P00159,1,액세서리,셔츠
P00126,P00163,1,액세서리,셔츠
P00126,P00165,1,액세서리,셔츠
P00129,P00154,1,액세서리,셔츠
P00129,P00157,1,액세서리,셔츠
P00129,P00159,1,액세서리,셔츠
P00086,P00153,1,청바지,셔츠
P00086,P00154,1,청바지,셔츠
P00129,P00163,1,액세서리,셔츠
P00129,P00165,1,액세서리,셔츠
P00131,P00153,1,액세서리,셔츠
P00131,P00154,1,액세서리,셔츠
P00131,P00157,1,액세서리,셔츠
P00131,P00159,1,액세서리,셔츠
P00131,P00165,1,액세서리,셔츠
P00126,P00157,1,액세서리,셔츠
P00039,P00121,1,코트,액세서리
P00061,P00140,1,니트,스커트
P00065,P00140,1,니트,스커트
P00065,P00143,1,니트,스커트
P00068,P00140,1,니트,스커트
P00070,P00143,1,니트,스커트
P00065,P00077,1,니트,청바지
P00065,P00084,1,니트,청바지
P00069,P00089,1,니트,청바지
P00075,P00077,1,니트,청바지
P00067,P00077,1,니트,청바지
P00067,P00085,1,니트,청바지
P00067,P00088,1,니트,청바지
P00067,P00089,1,니트,청바지
P00069,P00077,1,니트,청바지
P00069,P00084,1,니트,청바지
P00085,P00109,1,청바지,가방
P00001,P00122,1,원피스,액세서리
P00002,P00076,1,원피스,청바지
P00002,P00079,1,원피스,청바지
P00002,P00116,1,원피스,가방
P00007,P00076,1,원피스,청바지
P00069,P00085,1,니트,청바지
P00069,P00088,1,니트,청바지
P00126,P00153,1,액세서리,셔츠
P00126,P00154,1,액세서리,셔츠
P00007,P00079,1,원피스,청바지
P00007,P00088,1,원피스,청바지
P00009,P00088,1,원피스,청바지
P00009,P00116,1,원피스,가방
P00011,P00076,1,원피스,청바지
P00011,P00079,1,원피스,청바지
P00150,P00155,1,스커트,셔츠
P00150,P00165,1,스커트,셔츠
P00138,P00165,1,스커트,셔츠
P00139,P00155,1,스커트,셔츠
P00139,P00165,1,스커트,셔츠
P00144,P00155,1,스커트,셔츠
P00004,P00099,1,원피스,신발
P00086,P00165,1,청바지,셔츠
P00015,P00079,1,원피스,청바지
P00076,P00116,1,청바지,가방
P00079,P00116,1,청바지,가방
P00009,P00058,1,원피스,가디건
P00009,P00099,1,원피스,신발
P00009,P00105,1,원피스,신발
P00088,P00116,1,청바지,가방
P00034,P00129,1,코트,액세서리
P00051,P00156,1,가디건,셔츠
P00051,P00159,1,가디건,셔츠
P00051,P00160,1,가디건,셔츠
P00051,P00162,1,가디건,셔츠
P00051,P00164,1,가디건,셔츠
P00033,P00115,1,코트,가방
P00011,P00088,1,원피스,청바지
P00015,P00076,1,원피스,청바지
P00044,P00115,1,코트,가방
P00034,P00148,1,코트,스커트
P00036,P00148,1,코트,스커트
P00045,P00148,1,코트,스커트
P00047,P00061,1,가디건,니트
P00047,P00066,1,가디건,니트
P00051,P00152,1,가디건,셔츠
P00051,P00153,1,가디건,셔츠
P00086,P00116,1,청바지,가방
P00079,P00105,1,청바지,신발
P00079,P00172,1,청바지,스포츠웨어
P00082,P00102,1,청바지,신발
P00082,P00105,1,청바지,신발
P00082,P00172,1,청바지,스포츠웨어
P00088,P00102,1,청바지,신발
P00036,P00115,1,코트,가방
P00008,P00111,1,원피스,가방
P00010,P00130,1,원피스,액세서리
P00012,P00067,1,원피스,니트
P00012,P00068,1,원피스,니트
P00012,P00130,1,원피스,액세서리
P00067,P00130,1,니트,액세서리
P00001,P00067,1,원피스,니트
P00001,P00068,1,원피스,니트
P00064,P00076,1,니트,청바지
P00064,P00088,1,니트,청바지
P00004,P00077,1,원피스,청바지
P00088,P00172,1,청바지,스포츠웨어
P00090,P00172,1,청바지,스포츠웨어
P00105,P00172,1,신발,스포츠웨어
P00046,P00133,1,가디건,액세서리
P00001,P00111,1,원피스,가방
P00108,P00159,1,가방,셔츠
P00108,P00162,1,가방,셔츠
P00110,P00159,1,가방,셔츠
P00112,P00159,1,가방,셔츠
P00112,P00162,1,가방,셔츠
P00002,P00093,1,원피스,신발
P00006,P00093,1,원피스,신발
P00009,P00093,1,원피스,신발
P00043,P00129,1,코트,액세서리
P00044,P00129,1,코트,액세서리
P00114,P00151,1,가방,셔츠
P00012,P00126,1,원피스,액세서리
P00012,P00131,1,원피스,액세서리
P00167,P00175,1,스포츠웨어,스포츠웨어
P00122,P00137,1,액세서리,스커트
P00004,P00078,1,원피스,청바지
P00122,P00138,1,액세서리,스커트
P00122,P00145,1,액세서리,스커트
P00122,P00149,1,액세서리,스커트
P00131,P00137,1,액세서리,스커트
P00131,P00138,1,액세서리,스커트
P00041,P00110,1,코트,가방
P00006,P00022,1,원피스,아우터
P00012,P00111,1,원피스,가방
P00138,P00153,1,스커트,셔츠
P00138,P00163,1,스커트,셔츠
P00138,P00164,1,스커트,셔츠
P00145,P00153,1,스커트,셔츠
P00007,P00102,1,원피스,신발
P00068,P00126,1,니트,액세서리
P00068,P00128,1,니트,액세서리
P00012,P00078,1,원피스,청바지
P00145,P00155,1,스커트,셔츠
P00145,P00163,1,스커트,셔츠
P00145,P00164,1,스커트,셔츠
P00149,P00153,1,스커트,셔츠
P00149,P00154,1,스커트,셔츠
P00149,P00155,1,스커트,셔츠
P00149,P00157,1,스커트,셔츠
P00012,P00088,1,원피스,청바지
P00001,P00130,1,원피스,액세서리
P00010,P00067,1,원피스,니트
P00010,P00068,1,원피스,니트
P00061,P00137,1,니트,스커트
P00061,P00138,1,니트,스커트
P00051,P00127,1,가디건,액세서리
P00051,P00133,1,가디건,액세서리
P00055,P00133,1,가디건,액세서리
P00149,P00163,1,스커트,셔츠
P00149,P00164,1,스커트,셔츠
P00005,P00060,1,원피스,가디건
P00005,P00128,1,원피스,액세서리
P00005,P00133,1,원피스,액세서리
P00086,P00110,1,청바지,가방
P00125,P00163,1,액세서리,셔츠
P00131,P00156,1,액세서리,셔츠
P00075,P00076,1,니트,청바지
P00024,P00025,1,아우터,아우터
P00073,P00103,1,니트,신발
P00083,P00110,1,청바지,가방
P00006,P00120,1,원피스,가방
P00009,P00115,1,원피스,가방
P00009,P00120,1,원피스,가방
P00014,P00120,1,원피스,가방
P00057,P00138,1,가디건,스커트
P00049,P00121,1,가디건,액세서리
P00049,P00135,1,가디건,액세서리
P00071,P00076,1,니트,청바지
P00071,P00085,1,니트,청바지
P00071,P00086,1,니트,청바지
P00073,P00085,1,니트,청바지
P00073,P00086,1,니트,청바지
P00006,P00119,1,원피스,가방
P00131,P00145,1,액세서리,스커트
P00131,P00149,1,액세서리,스커트
P00007,P00092,1,원피스,신발
P00047,P00138,1,가디건,스커트
P00049,P00138,1,가디건,스커트
P00052,P00138,1,가디건,스커트
P00055,P00138,1,가디건,스커트
P00032,P00062,1,코트,니트
P00032,P00072,1,코트,니트
P00064,P00092,1,니트,신발
P00089,P00120,1,청바지,가방
P00090,P00114,1,청바지,가방
P00090,P00120,1,청바지,가방
P00089,P00100,1,청바지,신발
P00047,P00140,1,가디건,스커트
P00007,P00132,1,원피스,액세서리
P00010,P00132,1,원피스,액세서리
P00064,P00132,1,니트,액세서리
P00009,P00077,1,원피스,청바지
P00009,P00085,1,원피스,청바지
P00076,P00153,1,청바지,셔츠
P00076,P00154,1,청바지,셔츠
P00057,P00121,1,가디건,액세서리
P00076,P00159,1,청바지,셔츠
P00003,P00131,1,원피스,액세서리
P00004,P00127,1,원피스,액세서리
P00004,P00131,1,원피스,액세서리
P00008,P00127,1,원피스,액세서리
P00011,P00127,1,원피스,액세서리
P00011,P00131,1,원피스,액세서리
P00003,P00132,1,원피스,액세서리
P00131,P00164,1,액세서리,셔츠
P00005,P00065,1,원피스,니트
P00005,P00073,1,원피스,니트
P00005,P00075,1,원피스,니트
P00007,P00065,1,원피스,니트
P00007,P00073,1,원피스,니트
P00007,P00075,1,원피스,니트
P00076,P00156,1,청바지,셔츠
P00011,P00065,1,원피스,니트
P00011,P00073,1,원피스,니트
P00011,P00075,1,원피스,니트
P00103,P00142,1,신발,스커트
P00103,P00149,1,신발,스커트
P00089,P00155,1,청바지,셔츠
P00062,P00129,1,니트,액세서리
P00073,P00090,1,니트,청바지
P00076,P00112,1,청바지,가방
P00041,P00131,1,코트,액세서리
P00041,P00134,1,코트,액세서리
P00063,P00153,1,니트,셔츠
P00063,P00155,1,니트,셔츠
P00063,P00162,1,니트,셔츠
P00071,P00153,1,니트,셔츠
P00071,P00155,1,니트,셔츠
P00078,P00112,1,청바지,가방
P00086,P00111,1,청바지,가방
P00086,P00112,1,청바지,가방
P00071,P00162,1,니트,셔츠
P00047,P00126,1,가디건,액세서리
P00053,P00126,1,가디건,액세서리
P00053,P00127,1,가디건,액세서리
P00076,P00111,1,청바지,가방
P00060,P00140,1,가디건,스커트
P00001,P00135,1,원피스,액세서리
P00104,P00147,1,신발,스커트
P00041,P00132,1,코트,액세서리
P00169,P00172,1,스포츠웨어,스포츠웨어
P00002,P00105,1,원피스,신발
P00007,P00105,1,원피스,신발
P00078,P00111,1,청바지,가방
P00115,P00138,1,가방,스커트
P00039,P00125,1,코트,액세서리
P00039,P00130,1,코트,액세서리
P00039,P00132,1,코트,액세서리
P00041,P00125,1,코트,액세서리
P00041,P00126,1,코트,액세서리
P00101,P00136,1,신발,스커트
P00101,P00144,1,신발,스커트
P00099,P00150,1,신발,스커트
P00001,P00098,1,원피스,신발
P00010,P00098,1,원피스,신발
P00081,P00180,1,청바지,스포츠웨어
P00095,P00180,1,신발,스포츠웨어
P00099,P00180,1,신발,스포츠웨어
P00078,P00157,1,청바지,셔츠
P00041,P00138,1,코트,스커트
P00001,P00112,1,원피스,가방
P00067,P00080,1,니트,청바지
P00067,P00081,1,니트,청바지
P00072,P00080,1,니트,청바지
P00072,P00081,1,니트,청바지
P00072,P00090,1,니트,청바지
P00073,P00080,1,니트,청바지
P00096,P00150,1,신발,스커트
P00075,P00080,1,니트,청바지
P00075,P00081,1,니트,청바지
P00075,P00090,1,니트,청바지
P00014,P00086,1,원피스,청바지
P00065,P00125,1,니트,액세서리
P00065,P00134,1,니트,액세서리
P00020,P00029,1,아우터,아우터
P00170,P00171,1,스포츠웨어,스포츠웨어
P00090,P00108,1,청바지,가방
P00090,P00111,1,청바지,가방
P00034,P00061,1,코트,니트
P00040,P00061,1,코트,니트
P00010,P00090,1,원피스,청바지
P00010,P00111,1,원피스,가방
P00010,P00119,1,원피스,가방
P00081,P00108,1,청바지,가방
P00008,P00164,1,원피스,셔츠
P00009,P00163,1,원피스,셔츠
P00009,P00164,1,원피스,셔츠
P00014,P00163,1,원피스,셔츠
P00015,P00163,1,원피스,셔츠
P00015,P00164,1,원피스,셔츠
P00063,P00129,1,니트,액세서리
P00090,P00106,1,청바지,가방
P00086,P00091,1,청바지,신발
P00083,P00157,1,청바지,셔츠
P00072,P00129,1,니트,액세서리
P00037,P00069,1,코트,니트
P00037,P00075,1,코트,니트
P00077,P00110,1,청바지,가방
P00077,P00113,1,청바지,가방
P00083,P00106,1,청바지,가방
P00104,P00136,1,신발,스커트
P00041,P00106,1,코트,가방
P00083,P00115,1,청바지,가방
P00085,P00108,1,청바지,가방
P00079,P00157,1,청바지,셔츠
P00079,P00165,1,청바지,셔츠
P00076,P00157,1,청바지,셔츠
P00076,P00093,1,청바지,신발
P00136,P00157,1,스커트,셔츠
P00136,P00160,1,스커트,셔츠
P00138,P00160,1,스커트,셔츠
P00145,P00160,1,스커트,셔츠
P00148,P00154,1,스커트,셔츠
P00003,P00059,1,원피스,가디건
P00003,P00070,1,원피스,니트
P00058,P00070,1,가디건,니트
P00148,P00160,1,스커트,셔츠
P00111,P00127,1,가방,액세서리
P00111,P00135,1,가방,액세서리
P00008,P00137,1,원피스,스커트
P00008,P00143,1,원피스,스커트
P00079,P00110,1,청바지,가방
P00079,P00113,1,청바지,가방
P00136,P00154,1,스커트,셔츠
P00108,P00163,1,가방,셔츠
P00108,P00165,1,가방,셔츠
P00118,P00163,1,가방,셔츠
P00118,P00165,1,가방,셔츠
P00169,P00175,1,스포츠웨어,스포츠웨어
P00169,P00179,1,스포츠웨어,스포츠웨어
P00175,P00179,1,스포츠웨어,스포츠웨어
P00148,P00157,1,스커트,셔츠
P00044,P00107,1,코트,가방
P00044,P00175,1,코트,스포츠웨어
P00044,P00180,1,코트,스포츠웨어
P00107,P00175,1,가방,스포츠웨어
P00107,P00180,1,가방,스포츠웨어
P00175,P00180,1,스포츠웨어,스포츠웨어
P00061,P00084,1,니트,청바지
P00061,P00089,1,니트,청바지
P00089,P00115,1,청바지,가방
P00010,P00135,1,원피스,액세서리
P00085,P00115,1,청바지,가방
P00086,P00115,1,청바지,가방
P00087,P00108,1,청바지,가방
P00083,P00108,1,청바지,가방
P00083,P00162,1,청바지,셔츠
P00062,P00116,1,니트,가방
P00015,P00029,1,원피스,아우터
P00015,P00030,1,원피스,아우터
P00117,P00154,1,가방,셔츠
P00064,P00084,1,니트,청바지
P00064,P00086,1,니트,청바지
P00064,P00089,1,니트,청바지
P00074,P00086,1,니트,청바지
P00074,P00089,1,니트,청바지
P00042,P00110,1,코트,가방
P00044,P00120,1,코트,가방
P00003,P00058,1,원피스,가디건
P00008,P00030,1,원피스,아우터
P00012,P00029,1,원피스,아우터
P00012,P00030,1,원피스,아우터
P00013,P00029,1,원피스,아우터
P00013,P00030,1,원피스,아우터
P00004,P00109,1,원피스,가방
P00005,P00109,1,원피스,가방
P00006,P00109,1,원피스,가방
P00007,P00109,1,원피스,가방
P00117,P00157,1,가방,셔츠
P00117,P00162,1,가방,셔츠
P00118,P00154,1,가방,셔츠
P00118,P00157,1,가방,셔츠
P00008,P00109,1,원피스,가방
P00012,P00109,1,원피스,가방
P00013,P00109,1,원피스,가방
P00014,P00109,1,원피스,가방
P00015,P00109,1,원피스,가방
P00009,P00104,1,원피스,신발
P00083,P00158,1,청바지,셔츠
P00085,P00164,1,청바지,셔츠
P00076,P00152,1,청바지,셔츠
P00047,P00141,1,가디건,스커트
P00088,P00164,1,청바지,셔츠
P00004,P00083,1,원피스,청바지
P00004,P00154,1,원피스,셔츠
P00007,P00154,1,원피스,셔츠
P00008,P00083,1,원피스,청바지
P00013,P00083,1,원피스,청바지
P00087,P00104,1,청바지,신발
P00107,P00159,1,가방,셔츠
P00111,P00161,1,가방,셔츠
P00116,P00161,1,가방,셔츠
P00014,P00083,1,원피스,청바지
P00014,P00154,1,원피스,셔츠
P00083,P00154,1,청바지,셔츠
P00018,P00019,1,아우터,아우터
P00062,P00117,1,니트,가방
P00001,P00029,1,원피스,아우터
P00001,P00030,1,원피스,아우터
P00008,P00029,1,원피스,아우터
P00047,P00125,1,가디건,액세서리
P00078,P00104,1,청바지,신발
P00080,P00104,1,청바지,신발
P00085,P00104,1,청바지,신발
P00010,P00061,1,원피스,니트
P00010,P00066,1,원피스,니트
P00010,P00109,1,원피스,가방
P00061,P00107,1,니트,가방
P00061,P00109,1,니트,가방
P00066,P00107,1,니트,가방
P00066,P00109,1,니트,가방
P00119,P00162,1,가방,셔츠
P00091,P00151,1,신발,셔츠
P00091,P00156,1,신발,셔츠
P00091,P00160,1,신발,셔츠
P00094,P00151,1,신발,셔츠
P00094,P00156,1,신발,셔츠
P00103,P00151,1,신발,셔츠
P00103,P00156,1,신발,셔츠
P00061,P00124,1,니트,액세서리
P00005,P00165,1,원피스,셔츠
P00064,P00124,1,니트,액세서리
P00091,P00111,1,신발,가방
P00091,P00118,1,신발,가방
P00091,P00120,1,신발,가방
P00100,P00111,1,신발,가방
P00100,P00114,1,신발,가방
P00100,P00118,1,신발,가방
P00087,P00164,1,청바지,셔츠
P00100,P00120,1,신발,가방
P00031,P00147,1,코트,스커트
P00031,P00150,1,코트,스커트
P00005,P00152,1,원피스,셔츠
P00005,P00157,1,원피스,셔츠
P00005,P00162,1,원피스,셔츠
P00005,P00163,1,원피스,셔츠
P00009,P00062,1,원피스,니트
P00009,P00075,1,원피스,니트
P00020,P00105,1,아우터,신발
P00006,P00067,1,원피스,니트
P00015,P00169,1,원피스,스포츠웨어
P00015,P00178,1,원피스,스포츠웨어
P00095,P00169,1,신발,스포츠웨어
P00095,P00178,1,신발,스포츠웨어
P00064,P00136,1,니트,스커트
P00068,P00152,1,니트,셔츠
P00007,P00068,1,원피스,니트
P00055,P00137,1,가디건,스커트
P00055,P00144,1,가디건,스커트
P00011,P00052,1,원피스,가디건
P00011,P00057,1,원피스,가디건
P00066,P00132,1,니트,액세서리
P00055,P00147,1,가디건,스커트
P00106,P00158,1,가방,셔츠
P00106,P00162,1,가방,셔츠
P00113,P00158,1,가방,셔츠
P00113,P00159,1,가방,셔츠
P00118,P00158,1,가방,셔츠
P00119,P00158,1,가방,셔츠
P00036,P00113,1,코트,가방
P00049,P00122,1,가디건,액세서리
P00049,P00123,1,가디건,액세서리
P00049,P00125,1,가디건,액세서리
P00049,P00130,1,가디건,액세서리
P00049,P00132,1,가디건,액세서리
P00052,P00122,1,가디건,액세서리
P00052,P00123,1,가디건,액세서리
P00055,P00146,1,가디건,스커트
P00056,P00122,1,가디건,액세서리
P00056,P00123,1,가디건,액세서리
P00063,P00149,1,니트,스커트
P00063,P00150,1,니트,스커트
P00068,P00146,1,니트,스커트
P00075,P00143,1,니트,스커트
P00075,P00146,1,니트,스커트
P00075,P00149,1,니트,스커트
P00031,P00144,1,코트,스커트
P00033,P00144,1,코트,스커트
P00052,P00125,1,가디건,액세서리
P00052,P00126,1,가디건,액세서리
P00052,P00129,1,가디건,액세서리
P00052,P00130,1,가디건,액세서리
P00052,P00131,1,가디건,액세서리
P00052,P00132,1,가디건,액세서리
P00003,P00178,1,원피스,스포츠웨어
P00015,P00095,1,원피스,신발
P00056,P00125,1,가디건,액세서리
P00056,P00126,1,가디건,액세서리
P00056,P00129,1,가디건,액세서리
P00056,P00130,1,가디건,액세서리
P00056,P00131,1,가디건,액세서리
P00056,P00132,1,가디건,액세서리
P00006,P00076,1,원피스,청바지
P00006,P00084,1,원피스,청바지
P00035,P00144,1,코트,스커트
P00040,P00144,1,코트,스커트
P00041,P00144,1,코트,스커트
P00044,P00144,1,코트,스커트
P00003,P00095,1,원피스,신발
P00003,P00169,1,원피스,스포츠웨어
P00010,P00076,1,원피스,청바지
P00010,P00084,1,원피스,청바지
P00111,P00172,1,가방,스포츠웨어
P00111,P00173,1,가방,스포츠웨어
P00111,P00178,1,가방,스포츠웨어
P00111,P00180,1,가방,스포츠웨어
P00116,P00156,1,가방,셔츠
P00116,P00170,1,가방,스포츠웨어
P00013,P00117,1,원피스,가방
P00076,P00106,1,청바지,가방
P00009,P00081,1,원피스,청바지
P00009,P00084,1,원피스,청바지
P00009,P00089,1,원피스,청바지
P00009,P00106,1,원피스,가방
P00009,P00110,1,원피스,가방
P00009,P00117,1,원피스,가방
P00089,P00117,1,청바지,가방
P00063,P00143,1,니트,스커트
P00010,P00089,1,원피스,청바지
P00010,P00117,1,원피스,가방
P00013,P00076,1,원피스,청바지
P00013,P00081,1,원피스,청바지
P00013,P00084,1,원피스,청바지
P00013,P00106,1,원피스,가방
P00075,P00150,1,니트,스커트
P00035,P00051,1,코트,가디건
P00076,P00110,1,청바지,가방
P00076,P00117,1,청바지,가방
P00081,P00117,1,청바지,가방
P00084,P00106,1,청바지,가방
P00084,P00110,1,청바지,가방
P00084,P00117,1,청바지,가방
P00063,P00140,1,니트,스커트
P00064,P00130,1,니트,액세서리
P00156,P00169,1,셔츠,스포츠웨어
P00161,P00168,1,셔츠,스포츠웨어
P00161,P00169,1,셔츠,스포츠웨어
P00161,P00170,1,셔츠,스포츠웨어
P00163,P00168,1,셔츠,스포츠웨어
P00163,P00169,1,셔츠,스포츠웨어
P00122,P00153,1,액세서리,셔츠
P00122,P00155,1,액세서리,셔츠
P00040,P00051,1,코트,가디건
P00040,P00059,1,코트,가디건
P00043,P00051,1,코트,가디건
P00043,P00059,1,코트,가디건
P00034,P00139,1,코트,스커트
P00063,P00134,1,니트,액세서리
P00111,P00162,1,가방,셔츠
P00111,P00170,1,가방,스포츠웨어
P00064,P00134,1,니트,액세서리
P00070,P00130,1,니트,액세서리
P00070,P00134,1,니트,액세서리
P00130,P00140,1,액세서리,스커트
P00134,P00140,1,액세서리,스커트
P00121,P00155,1,액세서리,셔츠
P00116,P00172,1,가방,스포츠웨어
P00116,P00173,1,가방,스포츠웨어
P00123,P00153,1,액세서리,셔츠
P00123,P00155,1,액세서리,셔츠
P00129,P00155,1,액세서리,셔츠
P00134,P00153,1,액세서리,셔츠
P00134,P00155,1,액세서리,셔츠
P00111,P00156,1,가방,셔츠
P00118,P00180,1,가방,스포츠웨어
P00083,P00161,1,청바지,셔츠
P00089,P00161,1,청바지,셔츠
P00064,P00078,1,니트,청바지
P00064,P00165,1,니트,셔츠
P00173,P00174,1,스포츠웨어,스포츠웨어
P00001,P00077,1,원피스,청바지
P00003,P00077,1,원피스,청바지
P00162,P00173,1,셔츠,스포츠웨어
P00116,P00178,1,가방,스포츠웨어
P00116,P00180,1,가방,스포츠웨어
P00118,P00156,1,가방,셔츠
P00118,P00170,1,가방,스포츠웨어
P00118,P00172,1,가방,스포츠웨어
P00118,P00173,1,가방,스포츠웨어
P00118,P00178,1,가방,스포츠웨어
P00155,P00170,1,셔츠,스포츠웨어
P00156,P00168,1,셔츠,스포츠웨어
P00156,P00172,1,셔츠,스포츠웨어
P00156,P00173,1,셔츠,스포츠웨어
P00156,P00178,1,셔츠,스포츠웨어
P00156,P00180,1,셔츠,스포츠웨어
P00162,P00170,1,셔츠,스포츠웨어
P00162,P00172,1,셔츠,스포츠웨어
P00163,P00170,1,셔츠,스포츠웨어
P00165,P00168,1,셔츠,스포츠웨어
P00162,P00178,1,셔츠,스포츠웨어
P00162,P00180,1,셔츠,스포츠웨어
P00173,P00178,1,스포츠웨어,스포츠웨어
P00109,P00133,1,가방,액세서리
P00155,P00168,1,셔츠,스포츠웨어
P00155,P00169,1,셔츠,스포츠웨어
P00004,P00105,1,원피스,신발
P00047,P00129,1,가디건,액세서리
P00047,P00130,1,가디건,액세서리
P00048,P00124,1,가디건,액세서리
P00048,P00127,1,가디건,액세서리
P00048,P00129,1,가디건,액세서리
P00048,P00130,1,가디건,액세서리
P00055,P00124,1,가디건,액세서리
P00123,P00147,1,액세서리,스커트
P00165,P00169,1,셔츠,스포츠웨어
P00165,P00170,1,셔츠,스포츠웨어
P00028,P00111,1,아우터,가방
P00028,P00116,1,아우터,가방
P00065,P00090,1,니트,청바지
P00004,P00091,1,원피스,신발
P00004,P00101,1,원피스,신발
P00078,P00161,1,청바지,셔츠
P00012,P00091,1,원피스,신발
P00012,P00101,1,원피스,신발
P00014,P00091,1,원피스,신발
P00014,P00101,1,원피스,신발
P00014,P00105,1,원피스,신발
P00166,P00178,1,스포츠웨어,스포츠웨어
P00123,P00144,1,액세서리,스커트
P00007,P00077,1,원피스,청바지
P00129,P00144,1,액세서리,스커트
P00129,P00147,1,액세서리,스커트
P00134,P00144,1,액세서리,스커트
P00134,P00147,1,액세서리,스커트
P00054,P00074,1,가디건,니트
P00076,P00160,1,청바지,셔츠
P00076,P00161,1,청바지,셔츠
P00040,P00129,1,코트,액세서리
P00040,P00135,1,코트,액세서리
P00042,P00122,1,코트,액세서리
P00042,P00129,1,코트,액세서리
P00042,P00133,1,코트,액세서리
P00033,P00122,1,코트,액세서리
P00033,P00129,1,코트,액세서리
P00033,P00133,1,코트,액세서리
P00021,P00115,1,아우터,가방
P00011,P00077,1,원피스,청바지
P00015,P00077,1,원피스,청바지
P00069,P00098,1,니트,신발
P00064,P00139,1,니트,스커트
P00064,P00145,1,니트,스커트
P00009,P00095,1,원피스,신발
P00040,P00122,1,코트,액세서리
P00046,P00130,1,가디건,액세서리
P00019,P00114,1,아우터,가방
P00019,P00115,1,아우터,가방
P00019,P00116,1,아우터,가방
P00019,P00118,1,아우터,가방
P00019,P00120,1,아우터,가방
P00021,P00106,1,아우터,가방
P00021,P00114,1,아우터,가방
P00055,P00129,1,가디건,액세서리
P00021,P00116,1,아우터,가방
P00021,P00118,1,아우터,가방
P00021,P00120,1,아우터,가방
P00051,P00108,1,가디건,가방
P00051,P00117,1,가디건,가방
P00046,P00124,1,가디건,액세서리
P00046,P00129,1,가디건,액세서리
P00055,P00130,1,가디건,액세서리
P00057,P00124,1,가디건,액세서리
P00057,P00127,1,가디건,액세서리
P00060,P00124,1,가디건,액세서리
P00060,P00129,1,가디건,액세서리
P00060,P00130,1,가디건,액세서리
P00014,P00050,1,원피스,가디건
P00002,P00145,1,원피스,스커트
P00014,P00052,1,원피스,가디건
P00003,P00076,1,원피스,청바지
P00095,P00171,1,신발,스포츠웨어
P00095,P00175,1,신발,스포츠웨어
P00171,P00175,1,스포츠웨어,스포츠웨어
P00099,P00168,1,신발,스포츠웨어
P00099,P00171,1,신발,스포츠웨어
P00099,P00179,1,신발,스포츠웨어
P00005,P00168,1,원피스,스포츠웨어
P00005,P00171,1,원피스,스포츠웨어
P00101,P00179,1,신발,스포츠웨어
P00104,P00168,1,신발,스포츠웨어
P00104,P00171,1,신발,스포츠웨어
P00104,P00179,1,신발,스포츠웨어
P00105,P00168,1,신발,스포츠웨어
P00105,P00171,1,신발,스포츠웨어
P00033,P00135,1,코트,액세서리
P00064,P00148,1,니트,스커트
P00019,P00106,1,아우터,가방
P00105,P00179,1,신발,스포츠웨어
P00168,P00179,1,스포츠웨어,스포츠웨어
P00171,P00179,1,스포츠웨어,스포츠웨어
P00084,P00115,1,청바지,가방
P00084,P00119,1,청바지,가방
P00014,P00168,1,원피스,스포츠웨어
P00014,P00171,1,원피스,스포츠웨어
P00083,P00098,1,청바지,신발
P00034,P00127,1,코트,액세서리
P00035,P00127,1,코트,액세서리
P00147,P00151,1,스커트,셔츠
P00150,P00151,1,스커트,셔츠
P00110,P00126,1,가방,액세서리
P00044,P00127,1,코트,액세서리
P00066,P00088,1,니트,청바지
P00073,P00088,1,니트,청바지
P00006,P00173,1,원피스,스포츠웨어
P00007,P00173,1,원피스,스포츠웨어
P00110,P00173,1,가방,스포츠웨어
P00013,P00168,1,원피스,스포츠웨어
P00013,P00171,1,원피스,스포츠웨어
P00064,P00135,1,니트,액세서리
P00065,P00135,1,니트,액세서리
P00066,P00135,1,니트,액세서리
P00069,P00135,1,니트,액세서리
P00071,P00135,1,니트,액세서리
P00002,P00141,1,원피스,스커트
P00041,P00127,1,코트,액세서리
P00042,P00127,1,코트,액세서리
P00002,P00147,1,원피스,스커트
P00008,P00145,1,원피스,스커트
P00008,P00147,1,원피스,스커트
P00009,P00141,1,원피스,스커트
P00009,P00145,1,원피스,스커트
P00009,P00147,1,원피스,스커트
P00115,P00173,1,가방,스포츠웨어
P00062,P00135,1,니트,액세서리
P00003,P00117,1,원피스,가방
P00003,P00130,1,원피스,액세서리
P00107,P00130,1,가방,액세서리
P00112,P00164,1,가방,셔츠
P00112,P00172,1,가방,스포츠웨어
P00152,P00172,1,셔츠,스포츠웨어
P00153,P00172,1,셔츠,스포츠웨어
P00164,P00172,1,셔츠,스포츠웨어
P00012,P00123,1,원피스,액세서리
P00004,P00049,1,원피스,가디건
P00004,P00142,1,원피스,스커트
P00049,P00069,1,가디건,니트
P00049,P00072,1,가디건,니트
P00038,P00128,1,코트,액세서리
P00003,P00107,1,원피스,가방
P00003,P00114,1,원피스,가방
P00015,P00147,1,원피스,스커트
P00015,P00150,1,원피스,스커트
P00015,P00151,1,원피스,셔츠
P00137,P00151,1,스커트,셔츠
P00114,P00130,1,가방,액세서리
P00117,P00130,1,가방,액세서리
P00171,P00172,1,스포츠웨어,스포츠웨어
P00056,P00107,1,가디건,가방
P00117,P00126,1,가방,액세서리
P00166,P00170,1,스포츠웨어,스포츠웨어
P00166,P00177,1,스포츠웨어,스포츠웨어
P00070,P00093,1,니트,신발
P00070,P00097,1,니트,신발
P00014,P00137,1,원피스,스커트
P00014,P00150,1,원피스,스커트
P00014,P00151,1,원피스,셔츠
P00037,P00061,1,코트,니트
P00038,P00065,1,코트,니트
P00081,P00162,1,청바지,셔츠
P00081,P00164,1,청바지,셔츠
P00082,P00162,1,청바지,셔츠
P00082,P00164,1,청바지,셔츠
P00066,P00121,1,니트,액세서리
P00066,P00122,1,니트,액세서리
P00080,P00110,1,청바지,가방
P00080,P00112,1,청바지,가방
P00007,P00127,1,원피스,액세서리
P00009,P00127,1,원피스,액세서리
P00010,P00127,1,원피스,액세서리
P00035,P00065,1,코트,니트
P00036,P00061,1,코트,니트
P00036,P00065,1,코트,니트
P00112,P00152,1,가방,셔츠
P00112,P00153,1,가방,셔츠
P00041,P00061,1,코트,니트
P00044,P00061,1,코트,니트
P00003,P00113,1,원피스,가방
P00004,P00113,1,원피스,가방
P00009,P00113,1,원피스,가방
P00036,P00127,1,코트,액세서리
P00080,P00114,1,청바지,가방
P00066,P00150,1,니트,스커트
P00094,P00106,1,신발,가방
P00080,P00153,1,청바지,셔츠
P00110,P00152,1,가방,셔츠
P00110,P00153,1,가방,셔츠
P00110,P00164,1,가방,셔츠
P00110,P00172,1,가방,스포츠웨어
P00088,P00127,1,청바지,액세서리
P00088,P00130,1,청바지,액세서리
P00030,P00163,1,아우터,셔츠
P00128,P00163,1,액세서리,셔츠
P00031,P00110,1,코트,가방
P00031,P00117,1,코트,가방
P00035,P00110,1,코트,가방
P00035,P00117,1,코트,가방
P00068,P00127,1,니트,액세서리
P00091,P00109,1,신발,가방
P00094,P00110,1,신발,가방
P00094,P00113,1,신발,가방
P00008,P00108,1,원피스,가방
P00014,P00108,1,원피스,가방
P00080,P00127,1,청바지,액세서리
P00080,P00130,1,청바지,액세서리
P00072,P00132,1,니트,액세서리
P00081,P00157,1,청바지,셔츠
P00051,P00150,1,가디건,스커트
P00031,P00073,1,코트,니트
P00033,P00073,1,코트,니트
P00036,P00073,1,코트,니트
P00040,P00073,1,코트,니트
P00068,P00124,1,니트,액세서리
P00066,P00129,1,니트,액세서리
P00066,P00133,1,니트,액세서리
P00091,P00112,1,신발,가방
P00096,P00109,1,신발,가방
P00096,P00112,1,신발,가방
P00096,P00114,1,신발,가방
P00075,P00153,1,니트,셔츠
P00072,P00122,1,니트,액세서리
P00080,P00097,1,청바지,신발
P00080,P00098,1,청바지,신발
P00090,P00093,1,청바지,신발
P00061,P00102,1,니트,신발
P00063,P00102,1,니트,신발
P00064,P00102,1,니트,신발
P00067,P00102,1,니트,신발
P00068,P00102,1,니트,신발
P00042,P00068,1,코트,니트
P00068,P00135,1,니트,액세서리
P00079,P00093,1,청바지,신발
P00079,P00100,1,청바지,신발
P00083,P00092,1,청바지,신발
P00083,P00093,1,청바지,신발
P00083,P00095,1,청바지,신발
P00083,P00100,1,청바지,신발
P00024,P00163,1,아우터,셔츠
P00028,P00163,1,아우터,셔츠
P00080,P00100,1,청바지,신발
P00068,P00147,1,니트,스커트
P00080,P00092,1,청바지,신발
P00031,P00068,1,코트,니트
P00031,P00075,1,코트,니트
P00031,P00135,1,코트,액세서리
P00039,P00110,1,코트,가방
P00039,P00117,1,코트,가방
P00092,P00172,1,신발,스포츠웨어
P00011,P00061,1,원피스,니트
P00018,P00020,1,아우터,아우터
P00018,P00163,1,아우터,셔츠
P00020,P00163,1,아우터,셔츠
P00022,P00163,1,아우터,셔츠
P00007,P00074,1,원피스,니트
P00002,P00150,1,원피스,스커트
P00011,P00139,1,원피스,스커트
P00011,P00150,1,원피스,스커트
P00100,P00139,1,신발,스커트
P00100,P00143,1,신발,스커트
P00102,P00139,1,신발,스커트
P00102,P00143,1,신발,스커트
P00015,P00083,1,원피스,청바지
P00040,P00117,1,코트,가방
P00022,P00153,1,아우터,셔츠
P00072,P00086,1,니트,청바지
P00072,P00088,1,니트,청바지
P00072,P00089,1,니트,청바지
P00014,P00112,1,원피스,가방
P00007,P00063,1,원피스,니트
P00077,P00093,1,청바지,신발
P00007,P00087,1,원피스,청바지
P00012,P00063,1,원피스,니트
P00012,P00074,1,원피스,니트
P00012,P00083,1,원피스,청바지
P00012,P00085,1,원피스,청바지
P00015,P00063,1,원피스,니트
P00015,P00074,1,원피스,니트
P00069,P00102,1,니트,신발
P00074,P00102,1,니트,신발
P00015,P00085,1,원피스,청바지
P00015,P00087,1,원피스,청바지
P00063,P00083,1,니트,청바지
P00063,P00085,1,니트,청바지
P00074,P00083,1,니트,청바지
P00074,P00085,1,니트,청바지
P00001,P00110,1,원피스,가방
P00097,P00150,1,신발,스커트
P00105,P00150,1,신발,스커트
P00061,P00096,1,니트,신발
P00063,P00096,1,니트,신발
P00050,P00131,1,가디건,액세서리
P00005,P00067,1,원피스,니트
P00026,P00079,1,아우터,청바지
P00001,P00171,1,원피스,스포츠웨어
P00069,P00079,1,니트,청바지
P00115,P00167,1,가방,스포츠웨어
P00030,P00112,1,아우터,가방
P00016,P00094,1,아우터,신발
P00020,P00094,1,아우터,신발
P00022,P00094,1,아우터,신발
P00026,P00094,1,아우터,신발
P00075,P00096,1,니트,신발
P00078,P00097,1,청바지,신발
P00078,P00101,1,청바지,신발
P00078,P00102,1,청바지,신발
P00078,P00103,1,청바지,신발
P00089,P00097,1,청바지,신발
P00089,P00101,1,청바지,신발
P00089,P00102,1,청바지,신발
P00030,P00075,1,아우터,니트
P00081,P00118,1,청바지,가방
P00001,P00173,1,원피스,스포츠웨어
P00001,P00177,1,원피스,스포츠웨어
P00173,P00177,1,스포츠웨어,스포츠웨어
P00071,P00092,1,니트,신발
P00071,P00096,1,니트,신발
P00071,P00099,1,니트,신발
P00059,P00075,1,가디건,니트
P00065,P00079,1,니트,청바지
P00066,P00079,1,니트,청바지
P00068,P00079,1,니트,청바지
P00005,P00137,1,원피스,스커트
P00007,P00067,1,원피스,니트
P00008,P00067,1,원피스,니트
P00004,P00067,1,원피스,니트
P00015,P00113,1,원피스,가방
P00027,P00030,1,아우터,아우터
P00004,P00153,1,원피스,셔츠
P00006,P00153,1,원피스,셔츠
P00043,P00131,1,코트,액세서리
P00004,P00071,1,원피스,니트
P00004,P00137,1,원피스,스커트
P00071,P00137,1,니트,스커트
P00081,P00109,1,청바지,가방
P00081,P00172,1,청바지,스포츠웨어
P00109,P00172,1,가방,스포츠웨어
P00031,P00056,1,코트,가디건
P00075,P00122,1,니트,액세서리
P00075,P00127,1,니트,액세서리
P00075,P00133,1,니트,액세서리
P00007,P00108,1,원피스,가방
P00121,P00150,1,액세서리,스커트
P00124,P00150,1,액세서리,스커트
P00126,P00150,1,액세서리,스커트
P00135,P00150,1,액세서리,스커트
P00012,P00153,1,원피스,셔츠
P00078,P00109,1,청바지,가방
P00078,P00172,1,청바지,스포츠웨어
P00080,P00109,1,청바지,가방
