productIdA,productIdB,count
P00065,P00071,27
P00006,P00009,27
P00005,P00011,26
P00002,P00006,25
P00001,P00012,25
P00005,P00009,25
P00065,P00070,25
P00008,P00012,25
P00002,P00011,25
P00007,P00008,24
P00111,P00115,24
P00061,P00071,24
P00009,P00013,24
P00063,P00071,24
P00002,P00013,23
P00003,P00011,23
P00008,P00011,23
P00006,P00015,23
P00008,P00015,23
P00112,P00115,23
P00004,P00008,23
P00106,P00113,23
P00004,P00005,22
P00002,P00015,22
P00004,P00015,22
P00008,P00013,22
P00009,P00011,22
P00003,P00009,22
P00003,P00010,22
P00006,P00008,22
P00002,P00012,22
P00065,P00067,22
P00003,P00013,22
P00122,P00133,21
P00001,P00006,21
P00005,P00015,21
P00012,P00013,21
P00001,P00002,21
P00003,P00012,21
P00003,P00015,21
P00001,P00013,21
P00005,P00008,21
P00154,P00160,21
P00006,P00014,21
P00006,P00013,20
P00003,P00005,20
P00063,P00075,20
P00002,P00005,20
P00063,P00070,20
P00070,P00071,20
P00063,P00065,20
P00004,P00013,20
P00069,P00074,20
P00004,P00006,20
P00001,P00011,20
P00008,P00009,20
P00014,P00015,20
P00001,P00008,20
P00114,P00120,20
P00002,P00003,20
P00076,P00086,20
P00005,P00006,20
P00002,P00008,19
P00063,P00074,19
P00003,P00014,19
P00010,P00012,19
P00106,P00111,19
P00002,P00007,19
P00003,P00004,19
P00115,P00119,19
P00004,P00007,19
P00007,P00012,19
P00106,P00114,19
P00106,P00118,19
P00004,P00014,19
P00002,P00010,19
P00013,P00015,19
P00128,P00131,19
P00156,P00165,19
P00077,P00078,19
P00070,P00074,19
P00078,P00079,19
P00071,P00075,19
P00002,P00014,19
P00129,P00131,19
P00065,P00075,19
P00111,P00118,19
P00009,P00015,19
P00106,P00120,18
P00065,P00074,18
P00157,P00165,18
P00064,P00065,18
P00071,P00073,18
P00076,P00078,18
P00087,P00088,18
P00111,P00119,18
P00004,P00012,18
P00140,P00145,18
P00009,P00014,18
P00005,P00007,18
P00007,P00015,18
P00122,P00131,18
P00076,P00079,18
P00005,P00013,18
P00076,P00084,18
P00152,P00162,18
P00008,P00010,18
P00138,P00146,18
P00140,P00147,18
P00107,P00110,18
P00121,P00123,18
P00157,P00160,18
P00078,P00090,18
P00155,P00161,17
P00156,P00160,17
P00114,P00117,17
P00126,P00131,17
P00067,P00071,17
P00117,P00120,17
P00010,P00011,17
P00001,P00010,17
P00007,P00011,17
P00009,P00010,17
P00137,P00147,17
P00081,P00090,17
P00063,P00069,17
P00061,P00063,17
P00064,P00071,17
P00111,P00116,17
P00113,P00120,17
P00109,P00111,17
P00106,P00108,17
P00004,P00009,17
P00063,P00068,17
P00061,P00070,17
P00152,P00156,17
P00069,P00070,17
P00011,P00012,17
P00003,P00008,17
P00071,P00072,17
P00010,P00015,17
P00002,P00009,17
P00077,P00086,17
P00013,P00014,17
P00109,P00115,17
P00012,P00015,17
P00010,P00013,17
P00085,P00087,17
P00107,P00111,17
P00007,P00014,17
P00001,P00007,17
P00067,P00070,17
P00062,P00064,16
P00157,P00161,16
P00141,P00150,16
P00136,P00147,16
P00086,P00087,16
P00067,P00075,16
P00106,P00115,16
P00076,P00090,16
P00106,P00107,16
P00003,P00006,16
P00136,P00149,16
P00138,P00141,16
P00007,P00013,16
P00160,P00162,16
P00004,P00011,16
P00134,P00135,16
P00110,P00115,16
P00065,P00068,16
P00002,P00004,16
P00070,P00073,16
P00084,P00086,16
P00006,P00007,16
P00078,P00084,16
P00122,P00123,16
P00079,P00086,16
P00128,P00133,16
P00118,P00120,16
P00101,P00104,16
P00069,P00072,16
P00106,P00117,16
P00142,P00150,16
P00085,P00086,16
P00112,P00116,16
P00078,P00087,16
P00145,P00149,16
P00117,P00118,16
P00005,P00012,16
P00069,P00071,16
P00078,P00083,16
P00080,P00088,16
P00063,P00064,16
P00061,P00064,16
P00080,P00085,16
P00113,P00116,16
P00080,P00090,16
P00081,P00086,16
P00065,P00066,16
P00109,P00117,16
P00111,P00120,16
P00145,P00147,16
P00061,P00068,16
P00144,P00146,15
P00064,P00069,15
P00073,P00075,15
P00159,P00164,15
P00106,P00110,15
P00140,P00148,15
P00076,P00083,15
P00153,P00155,15
P00097,P00101,15
P00083,P00086,15
P00068,P00071,15
P00061,P00066,15
P00005,P00014,15
P00069,P00075,15
P00154,P00157,15
P00111,P00113,15
P00001,P00005,15
P00062,P00065,15
P00156,P00162,15
P00111,P00114,15
P00076,P00077,15
P00088,P00090,15
P00077,P00085,15
P00063,P00072,15
P00061,P00069,15
P00123,P00131,15
P00077,P00079,15
P00088,P00089,15
P00006,P00010,15
P00083,P00089,15
P00079,P00081,15
P00068,P00075,15
P00143,P00150,15
P00011,P00015,15
P00153,P00157,15
P00136,P00150,15
P00067,P00068,15
P00100,P00103,15
P00077,P00090,15
P00011,P00013,15
P00107,P00115,15
P00078,P00081,15
P00001,P00009,15
P00106,P00116,15
P00159,P00160,15
P00157,P00163,15
P00080,P00086,15
P00119,P00120,14
P00107,P00112,14
P00067,P00074,14
P00079,P00090,14
P00065,P00069,14
P00122,P00129,14
P00138,P00150,14
P00113,P00118,14
P00106,P00119,14
P00157,P00164,14
P00100,P00105,14
P00140,P00141,14
P00140,P00150,14
P00107,P00113,14
P00101,P00102,14
P00072,P00074,14
P00005,P00010,14
P00141,P00144,14
P00006,P00012,14
P00041,P00044,14
P00112,P00120,14
P00138,P00142,14
P00009,P00012,14
P00123,P00130,14
P00163,P00165,14
P00125,P00130,14
P00131,P00135,14
P00062,P00071,14
P00147,P00148,14
P00115,P00116,14
P00068,P00070,14
P00112,P00119,14
P00079,P00089,14
P00080,P00081,14
P00154,P00162,14
P00143,P00147,14
P00004,P00010,14
P00010,P00014,14
P00110,P00113,14
P00157,P00162,14
P00109,P00120,14
P00113,P00117,14
P00067,P00073,14
P00061,P00073,14
P00077,P00089,14
P00109,P00112,14
P00149,P00150,14
P00141,P00142,14
P00137,P00150,14
P00147,P00150,14
P00078,P00089,14
P00124,P00127,14
P00066,P00070,14
P00082,P00083,14
P00140,P00142,14
P00121,P00135,14
P00155,P00160,14
P00121,P00130,14
P00086,P00090,13
P00116,P00120,13
P00061,P00065,13
P00112,P00114,13
P00003,P00007,13
P00101,P00103,13
P00145,P00148,13
P00140,P00146,13
P00155,P00156,13
P00153,P00156,13
P00064,P00073,13
P00095,P00104,13
P00085,P00090,13
P00061,P00067,13
P00076,P00085,13
P00155,P00162,13
P00136,P00138,13
P00122,P00135,13
P00068,P00073,13
P00155,P00163,13
P00160,P00161,13
P00158,P00160,13
P00156,P00161,13
P00079,P00080,13
P00110,P00111,13
P00064,P00067,13
P00067,P00072,13
P00072,P00075,13
P00093,P00101,13
P00126,P00128,13
P00031,P00041,13
P00152,P00159,13
P00084,P00089,13
P00144,P00148,13
P00100,P00101,13
P00152,P00153,13
P00151,P00153,13
P00077,P00080,13
P00098,P00101,13
P00076,P00081,13
P00142,P00143,13
P00077,P00081,13
P00081,P00084,13
P00061,P00072,13
P00092,P00103,13
P00115,P00117,13
P00114,P00119,13
P00161,P00165,13
P00011,P00014,13
P00141,P00148,13
P00125,P00126,13
P00082,P00088,13
P00006,P00011,13
P00108,P00109,13
P00110,P00114,13
P00153,P00165,13
P00130,P00134,13
P00113,P00114,13
P00084,P00085,13
P00152,P00160,13
P00142,P00149,13
P00129,P00134,13
P00152,P00164,13
P00116,P00117,13
P00110,P00112,13
P00065,P00072,13
P00136,P00148,13
P00144,P00150,13
P00112,P00113,13
P00113,P00115,13
P00156,P00159,13
P00094,P00105,13
P00142,P00147,13
P00085,P00089,13
P00115,P00120,13
P00078,P00086,13
P00136,P00145,13
P00154,P00155,13
P00121,P00129,13
P00083,P00085,12
P00073,P00074,12
P00123,P00125,12
P00121,P00132,12
P00123,P00135,12
P00107,P00120,12
P00152,P00161,12
P00110,P00119,12
P00138,P00148,12
P00126,P00134,12
P00144,P00147,12
P00155,P00157,12
P00092,P00101,12
P00153,P00160,12
P00141,P00149,12
P00076,P00080,12
P00137,P00144,12
P00076,P00082,12
P00136,P00140,12
P00098,P00100,12
P00078,P00085,12
P00091,P00095,12
P00123,P00128,12
P00095,P00101,12
P00152,P00165,12
P00109,P00116,12
P00109,P00113,12
P00118,P00119,12
P00079,P00084,12
P00154,P00161,12
P00079,P00088,12
P00064,P00070,12
P00077,P00084,12
P00101,P00105,12
P00112,P00118,12
P00107,P00118,12
P00108,P00115,12
P00084,P00087,12
P00094,P00098,12
P00093,P00095,12
P00126,P00135,12
P00111,P00117,12
P00061,P00074,12
P00139,P00147,12
P00093,P00103,12
P00160,P00165,12
P00007,P00009,12
P00121,P00127,12
P00036,P00045,12
P00084,P00088,12
P00083,P00084,12
P00123,P00127,12
P00062,P00070,12
P00079,P00083,12
P00092,P00093,12
P00086,P00089,12
P00091,P00101,12
P00080,P00083,12
P00125,P00134,12
P00121,P00122,12
P00066,P00071,12
P00121,P00134,12
P00115,P00118,12
P00103,P00104,12
P00146,P00148,12
P00091,P00103,12
P00146,P00147,12
P00129,P00132,12
P00064,P00068,12
P00146,P00149,12
P00161,P00164,12
P00062,P00068,12
P00096,P00101,12
P00131,P00133,11
P00158,P00162,11
P00137,P00148,11
P00108,P00110,11
P00114,P00116,11
P00129,P00130,11
P00077,P00082,11
P00080,P00087,11
P00077,P00087,11
P00128,P00129,11
P00076,P00088,11
P00068,P00069,11
P00031,P00036,11
P00111,P00112,11
P00070,P00075,11
P00079,P00082,11
P00126,P00129,11
P00035,P00040,11
P00039,P00041,11
P00064,P00066,11
P00052,P00057,11
P00147,P00149,11
P00108,P00120,11
P00139,P00141,11
P00122,P00126,11
P00139,P00142,11
P00062,P00066,11
P00108,P00116,11
P00110,P00120,11
P00007,P00010,11
P00107,P00119,11
P00122,P00132,11
P00148,P00149,11
P00080,P00089,11
P00098,P00103,11
P00065,P00073,11
P00136,P00146,11
P00161,P00163,11
P00079,P00085,11
P00094,P00103,11
P00008,P00014,11
P00106,P00112,11
P00148,P00150,11
P00140,P00144,11
P00137,P00140,11
P00158,P00161,11
P00156,P00158,11
P00097,P00103,11
P00079,P00087,11
P00102,P00103,11
P00110,P00118,11
P00072,P00073,11
P00127,P00129,11
P00155,P00159,11
P00108,P00119,11
P00154,P00159,11
P00127,P00130,11
P00107,P00116,11
P00108,P00114,11
P00001,P00004,11
P00138,P00144,11
P00063,P00067,11
P00138,P00139,11
P00122,P00130,11
P00153,P00161,11
P00087,P00090,11
P00127,P00128,11
P00066,P00068,11
P00114,P00118,11
P00107,P00114,11
P00140,P00143,11
P00091,P00100,11
P00145,P00150,11
P00086,P00088,11
P00095,P00102,11
P00108,P00111,11
P00062,P00073,11
P00062,P00072,11
P00064,P00074,11
P00001,P00003,11
P00100,P00104,11
P00057,P00060,10
P00096,P00105,10
P00062,P00075,10
P00057,P00059,10
P00124,P00135,10
P00146,P00150,10
P00158,P00163,10
P00160,P00163,10
P00062,P00067,10
P00155,P00158,10
P00124,P00128,10
P00082,P00086,10
P00141,P00146,10
P00154,P00165,10
P00125,P00127,10
P00132,P00135,10
P00042,P00044,10
P00074,P00075,10
P00038,P00045,10
P00123,P00133,10
P00144,P00149,10
P00136,P00137,10
P00019,P00026,10
P00062,P00069,10
P00096,P00097,10
P00077,P00083,10
P00063,P00073,10
P00124,P00129,10
P00142,P00144,10
P00108,P00112,10
P00107,P00108,10
P00143,P00146,10
P00092,P00100,10
P00095,P00100,10
P00108,P00113,10
P00089,P00090,10
P00131,P00134,10
P00163,P00164,10
P00109,P00110,10
P00138,P00149,10
P00082,P00089,10
P00001,P00014,10
P00001,P00015,10
P00152,P00157,10
P00034,P00039,10
P00141,P00143,10
P00154,P00163,10
P00142,P00145,10
P00064,P00075,10
P00069,P00073,10
P00094,P00102,10
P00137,P00145,10
P00140,P00149,10
P00162,P00164,10
P00110,P00117,10
P00066,P00067,10
P00127,P00131,10
P00032,P00045,10
P00160,P00164,10
P00034,P00044,10
P00076,P00089,10
P00104,P00105,10
P00154,P00156,10
P00092,P00102,10
P00080,P00084,10
P00123,P00129,10
P00121,P00131,10
P00137,P00143,10
P00078,P00082,10
P00114,P00115,10
P00095,P00099,10
P00156,P00157,10
P00153,P00163,10
P00124,P00134,10
P00126,P00132,10
P00132,P00134,10
P00078,P00088,10
P00124,P00132,10
P00116,P00118,10
P00138,P00140,10
P00125,P00128,10
P00125,P00131,10
P00066,P00069,10
P00070,P00072,10
P00096,P00103,10
P00050,P00052,10
P00137,P00141,10
P00141,P00147,10
P00110,P00116,10
P00139,P00150,10
P00152,P00155,10
P00064,P00072,10
P00068,P00072,10
P00049,P00052,10
P00067,P00069,9
P00129,P00133,9
P00033,P00040,9
P00032,P00041,9
P00040,P00041,9
P00076,P00087,9
P00050,P00059,9
P00062,P00074,9
P00155,P00165,9
P00063,P00066,9
P00031,P00040,9
P00158,P00164,9
P00097,P00102,9
P00097,P00104,9
P00081,P00087,9
P00102,P00105,9
P00036,P00041,9
P00121,P00125,9
P00083,P00087,9
P00036,P00039,9
P00046,P00050,9
P00049,P00060,9
P00082,P00085,9
P00012,P00014,9
P00143,P00149,9
P00127,P00134,9
P00093,P00097,9
P00109,P00114,9
P00059,P00060,9
P00130,P00132,9
P00106,P00109,9
P00122,P00134,9
P00084,P00090,9
P00153,P00162,9
P00097,P00100,9
P00066,P00073,9
P00081,P00088,9
P00151,P00160,9
P00122,P00127,9
P00143,P00148,9
P00130,P00135,9
P00049,P00056,9
P00081,P00089,9
P00094,P00104,9
P00095,P00098,9
P00034,P00038,9
P00096,P00100,9
P00061,P00075,9
P00144,P00145,9
P00143,P00144,9
P00130,P00133,9
P00098,P00102,9
P00117,P00119,9
P00052,P00055,9
P00159,P00162,9
P00154,P00158,9
P00127,P00135,9
P00049,P00053,9
P00103,P00105,9
P00097,P00105,9
P00094,P00101,9
P00043,P00044,9
P00121,P00133,9
P00062,P00063,9
P00085,P00088,9
P00154,P00164,9
P00153,P00164,9
P00151,P00155,9
P00042,P00043,9
P00037,P00041,9
P00098,P00105,9
P00123,P00132,9
P00123,P00134,9
P00046,P00055,9
P00034,P00036,9
P00034,P00041,9
P00108,P00118,9
P00092,P00105,9
P00066,P00075,9
P00078,P00080,9
P00061,P00062,9
P00094,P00100,9
P00109,P00119,9
P00131,P00132,9
P00130,P00131,9
P00083,P00090,8
P00054,P00060,8
P00033,P00036,8
P00123,P00124,8
P00126,P00127,8
P00127,P00132,8
P00041,P00042,8
P00139,P00140,8
P00038,P00041,8
P00155,P00164,8
P00123,P00126,8
P00046,P00052,8
P00048,P00057,8
P00139,P00144,8
P00038,P00043,8
P00152,P00158,8
P00157,P00158,8
P00034,P00040,8
P00091,P00094,8
P00138,P00143,8
P00036,P00042,8
P00036,P00043,8
P00142,P00148,8
P00091,P00102,8
P00035,P00041,8
P00050,P00057,8
P00023,P00028,8
P00139,P00148,8
P00041,P00043,8
P00047,P00057,8
P00092,P00104,8
P00031,P00034,8
P00036,P00037,8
P00081,P00082,8
P00096,P00104,8
P00066,P00074,8
P00033,P00042,8
P00046,P00053,8
P00125,P00133,8
P00125,P00129,8
P00137,P00146,8
P00094,P00097,8
P00153,P00159,8
P00158,P00159,8
P00102,P00104,8
P00099,P00101,8
P00128,P00132,8
P00039,P00042,8
P00107,P00117,8
P00127,P00133,8
P00108,P00117,8
P00158,P00165,8
P00031,P00039,8
P00153,P00154,8
P00037,P00039,8
P00136,P00144,8
P00138,P00145,8
P00091,P00096,8
P00093,P00100,8
P00081,P00085,8
P00050,P00053,8
P00066,P00072,8
P00091,P00105,8
P00159,P00163,8
P00128,P00130,8
P00121,P00128,8
P00093,P00105,8
P00082,P00090,8
P00159,P00161,8
P00095,P00105,8
P00044,P00045,8
P00162,P00165,8
P00019,P00028,8
P00020,P00022,8
P00125,P00132,8
P00091,P00104,8
P00047,P00050,8
P00031,P00038,8
P00122,P00128,8
P00054,P00055,8
P00054,P00059,8
P00051,P00052,8
P00052,P00053,8
P00126,P00133,8
P00092,P00095,7
P00097,P00099,7
P00087,P00089,7
P00071,P00074,7
P00143,P00145,7
P00128,P00135,7
P00107,P00109,7
P00121,P00126,7
P00046,P00047,7
P00026,P00030,7
P00152,P00154,7
P00132,P00133,7
P00092,P00099,7
P00097,P00098,7
P00020,P00026,7
P00156,P00164,7
P00054,P00058,7
P00049,P00057,7
P00083,P00088,7
P00021,P00030,7
P00098,P00104,7
P00161,P00162,7
P00116,P00119,7
P00016,P00030,7
P00047,P00049,7
P00099,P00102,7
P00157,P00159,7
P00121,P00124,7
P00047,P00048,7
P00096,P00098,7
P00033,P00043,7
P00112,P00117,7
P00038,P00044,7
P00041,P00045,7
P00093,P00102,7
P00164,P00165,7
P00151,P00154,7
P00141,P00145,7
P00038,P00039,7
P00046,P00051,7
P00091,P00093,7
P00094,P00095,7
P00082,P00087,7
P00055,P00057,7
P00052,P00060,7
P00092,P00094,7
P00031,P00042,7
P00035,P00036,7
P00124,P00126,7
P00093,P00099,7
P00091,P00099,7
P00039,P00040,7
P00031,P00035,7
P00047,P00060,7
P00126,P00130,7
P00156,P00163,7
P00128,P00134,7
P00159,P00165,7
P00138,P00147,7
P00095,P00103,7
P00152,P00163,7
P00109,P00118,7
P00139,P00145,7
P00099,P00104,7
P00032,P00040,7
P00151,P00159,7
P00040,P00042,7
P00137,P00139,7
P00068,P00074,7
P00016,P00019,7
P00137,P00149,7
P00031,P00032,7
P00036,P00040,7
P00050,P00060,7
P00055,P00060,7
P00142,P00146,6
P00036,P00044,6
P00037,P00040,6
P00082,P00084,6
P00077,P00088,6
P00124,P00130,6
P00051,P00054,6
P00031,P00037,6
P00133,P00134,6
P00037,P00043,6
P00122,P00125,6
P00016,P00020,6
P00136,P00143,6
P00048,P00058,6
P00133,P00135,6
P00136,P00142,6
P00139,P00146,6
P00046,P00048,6
P00020,P00028,6
P00033,P00039,6
P00039,P00044,6
P00091,P00098,6
P00049,P00054,6
P00124,P00131,6
P00049,P00058,6
P00151,P00165,6
P00017,P00020,6
P00028,P00030,6
P00040,P00044,6
P00053,P00054,6
P00093,P00104,6
P00054,P00056,6
P00151,P00156,6
P00051,P00060,6
P00049,P00055,6
P00113,P00119,6
P00035,P00044,6
P00016,P00026,6
P00100,P00102,6
P00124,P00125,6
P00092,P00098,6
P00019,P00020,6
P00093,P00098,6
P00096,P00102,6
P00151,P00158,6
P00093,P00094,6
P00047,P00056,6
P00151,P00164,6
P00043,P00045,6
P00080,P00082,6
P00137,P00142,6
P00051,P00056,6
P00037,P00045,6
P00022,P00028,6
P00049,P00051,6
P00033,P00041,6
P00053,P00058,6
P00031,P00044,6
P00151,P00157,6
P00046,P00057,6
P00032,P00036,6
P00151,P00152,6
P00031,P00033,6
P00053,P00057,6
P00054,P00057,6
P00081,P00083,6
P00026,P00028,6
P00034,P00045,6
P00032,P00037,6
P00046,P00059,5
P00050,P00054,5
P00046,P00054,5
P00016,P00028,5
P00048,P00049,5
P00016,P00022,5
P00048,P00056,5
P00052,P00058,5
P00151,P00162,5
P00046,P00049,5
P00047,P00051,5
P00055,P00059,5
P00098,P00099,5
P00050,P00055,5
P00028,P00029,5
P00048,P00055,5
P00051,P00053,5
P00020,P00030,5
P00032,P00039,5
P00051,P00055,5
P00032,P00038,5
P00053,P00059,5
P00092,P00096,5
P00037,P00044,5
P00096,P00099,5
P00046,P00060,5
P00034,P00042,5
P00055,P00056,5
P00033,P00035,5
P00052,P00059,5
P00094,P00096,5
P00040,P00045,5
P00093,P00096,5
P00056,P00060,5
P00031,P00043,5
P00047,P00052,5
P00034,P00043,5
P00139,P00143,5
P00037,P00038,5
P00056,P00057,5
P00053,P00056,5
P00038,P00042,5
P00038,P00040,5
P00018,P00026,5
P00162,P00163,5
P00139,P00149,5
P00035,P00045,5
P00032,P00033,5
P00023,P00029,5
P00145,P00146,5
P00089,P00160,5
P00092,P00097,5
P00019,P00023,5
P00172,P00178,5
P00172,P00180,5
P00023,P00026,5
P00039,P00045,5
P00124,P00133,5
P00039,P00043,5
P00035,P00037,5
P00026,P00029,5
P00037,P00042,5
P00049,P00050,5
P00168,P00171,4
P00018,P00030,4
P00048,P00052,4
P00019,P00025,4
P00019,P00022,4
P00136,P00141,4
P00017,P00022,4
P00035,P00042,4
P00151,P00161,4
P00021,P00028,4
P00021,P00024,4
P00137,P00138,4
P00051,P00057,4
P00017,P00019,4
P00091,P00092,4
P00036,P00038,4
P00033,P00045,4
P00048,P00053,4
P00099,P00105,4
P00035,P00038,4
P00089,P00165,4
P00031,P00045,4
P00048,P00060,4
P00099,P00100,4
P00022,P00029,4
P00047,P00059,4
P00058,P00060,4
P00095,P00097,4
P00024,P00028,4
P00032,P00044,4
P00021,P00022,4
P00049,P00059,4
P00046,P00056,4
P00019,P00024,4
P00129,P00135,4
P00016,P00024,4
P00053,P00060,4
P00018,P00028,4
P00035,P00039,4
P00050,P00056,4
P00042,P00045,4
P00051,P00059,4
P00052,P00054,4
P00074,P00084,4
P00056,P00058,4
P00153,P00158,4
P00024,P00030,4
P00057,P00058,4
P00018,P00023,4
P00017,P00025,4
P00169,P00178,4
P00040,P00043,4
P00151,P00163,4
P00033,P00037,4
P00033,P00044,4
P00016,P00021,4
P00056,P00059,4
P00022,P00030,4
P00017,P00026,4
P00052,P00056,4
P00023,P00025,4
P00034,P00037,4
P00081,P00111,3
P00078,P00093,3
P00118,P00162,3
P00089,P00156,3
P00053,P00055,3
P00168,P00169,3
P00089,P00106,3
P00033,P00038,3
P00021,P00026,3
P00167,P00174,3
P00044,P00065,3
P00166,P00174,3
P00016,P00017,3
P00170,P00180,3
P00075,P00145,3
P00089,P00103,3
P00118,P00159,3
P00022,P00025,3
P00017,P00028,3
P00075,P00086,3
P00088,P00098,3
P00015,P00122,3
P00015,P00088,3
P00088,P00100,3
P00088,P00092,3
P00089,P00110,3
P00022,P00026,3
P00166,P00169,3
P00065,P00089,3
P00131,P00163,3
P00136,P00139,3
P00018,P00029,3
P00048,P00050,3
P00073,P00076,3
P00089,P00114,3
P00169,P00170,3
P00048,P00054,3
P00047,P00058,3
P00022,P00023,3
P00025,P00028,3
P00078,P00165,3
P00079,P00095,3
P00081,P00095,3
P00007,P00098,3
P00024,P00029,3
P00095,P00096,3
P00110,P00162,3
P00089,P00157,3
P00002,P00122,3
P00122,P00124,3
P00075,P00089,3
P00091,P00097,3
P00170,P00172,3
P00046,P00058,3
P00013,P00110,3
P00113,P00163,3
P00032,P00042,3
P00075,P00135,3
P00034,P00035,3
P00073,P00147,3
P00020,P00024,3
P00006,P00110,3
P00047,P00053,3
P00081,P00106,3
P00017,P00021,3
P00017,P00030,3
P00013,P00104,3
P00089,P00098,3
P00063,P00087,3
P00055,P00127,3
P00068,P00150,3
P00015,P00120,3
P00074,P00087,3
P00055,P00058,3
P00029,P00030,3
P00047,P00055,3
P00032,P00034,3
P00168,P00172,3
P00035,P00043,3
P00020,P00025,3
P00021,P00025,3
P00018,P00024,3
P00051,P00149,3
P00032,P00035,3
P00111,P00159,3
P00081,P00092,3
P00070,P00087,3
P00094,P00099,3
P00166,P00171,3
P00174,P00180,3
P00039,P00126,3
P00007,P00113,3
P00006,P00106,2
P00086,P00093,2
P00077,P00157,2
P00036,P00126,2
P00010,P00081,2
P00006,P00089,2
P00006,P00081,2
P00077,P00165,2
P00076,P00091,2
P00012,P00113,2
P00107,P00153,2
P00008,P00163,2
P00085,P00165,2
P00054,P00146,2
P00083,P00156,2
P00079,P00156,2
P00045,P00129,2
P00079,P00164,2
P00046,P00061,2
P00074,P00090,2
P00169,P00174,2
P00107,P00151,2
P00013,P00154,2
P00081,P00110,2
P00011,P00137,2
P00081,P00119,2
P00061,P00160,2
P00062,P00158,2
P00011,P00143,2
P00111,P00134,2
P00010,P00110,2
P00078,P00160,2
P00015,P00137,2
P00002,P00080,2
P00037,P00073,2
P00106,P00159,2
P00061,P00159,2
P00100,P00137,2
P00038,P00061,2
P00010,P00108,2
P00067,P00087,2
P00013,P00107,2
P00110,P00163,2
P00010,P00106,2
P00059,P00070,2
P00113,P00162,2
P00063,P00130,2
P00067,P00084,2
P00001,P00101,2
P00074,P00158,2
P00071,P00160,2
P00063,P00160,2
P00063,P00158,2
P00090,P00102,2
P00011,P00100,2
P00107,P00161,2
P00074,P00128,2
P00079,P00102,2
P00061,P00158,2
P00008,P00134,2
P00055,P00145,2
P00060,P00128,2
P00005,P00107,2
P00132,P00156,2
P00132,P00153,2
P00171,P00173,2
P00079,P00092,2
P00072,P00146,2
P00072,P00140,2
P00072,P00138,2
P00090,P00119,2
P00083,P00119,2
P00014,P00164,2
P00051,P00145,2
P00087,P00095,2
P00087,P00093,2
P00069,P00087,2
P00019,P00030,2
P00033,P00034,2
P00100,P00150,2
P00089,P00093,2
P00080,P00172,2
P00070,P00123,2
P00103,P00172,2
P00073,P00131,2
P00007,P00115,2
P00032,P00043,2
P00067,P00150,2
P00063,P00146,2
P00072,P00150,2
P00173,P00176,2
P00076,P00130,2
P00013,P00095,2
P00003,P00136,2
P00091,P00114,2
P00010,P00153,2
P00067,P00147,2
P00064,P00147,2
P00016,P00025,2
P00006,P00117,2
P00019,P00029,2
P00034,P00126,2
P00168,P00178,2
P00102,P00137,2
P00101,P00141,2
P00011,P00102,2
P00061,P00150,2
P00167,P00171,2
P00067,P00143,2
P00064,P00143,2
P00081,P00100,2
P00085,P00129,2
P00102,P00141,2
P00045,P00128,2
P00012,P00098,2
P00088,P00105,2
P00088,P00101,2
P00087,P00105,2
P00087,P00101,2
P00086,P00092,2
P00087,P00092,2
P00088,P00093,2
P00026,P00078,2
P00041,P00128,2
P00039,P00128,2
P00017,P00023,2
P00002,P00137,2
P00065,P00130,2
P00071,P00145,2
P00013,P00068,2
P00143,P00152,2
P00118,P00160,2
P00002,P00088,2
P00023,P00024,2
P00013,P00089,2
P00088,P00095,2
P00020,P00027,2
P00178,P00179,2
P00038,P00129,2
P00042,P00120,2
P00082,P00113,2
P00082,P00110,2
P00125,P00135,2
P00035,P00059,2
P00179,P00180,2
P00172,P00179,2
P00018,P00022,2
P00007,P00083,2
P00178,P00180,2
P00022,P00024,2
P00020,P00023,2
P00086,P00108,2
P00089,P00108,2
P00087,P00115,2
P00166,P00176,2
P00079,P00160,2
P00176,P00179,2
P00167,P00180,2
P00167,P00176,2
P00089,P00164,2
P00042,P00075,2
P00065,P00086,2
P00067,P00136,2
P00002,P00109,2
P00088,P00103,2
P00050,P00123,2
P00061,P00085,2
P00068,P00083,2
P00089,P00152,2
P00080,P00152,2
P00042,P00065,2
P00042,P00063,2
P00045,P00110,2
P00045,P00106,2
P00037,P00074,2
P00037,P00065,2
P00174,P00177,2
P00027,P00028,2
P00065,P00123,2
P00099,P00103,2
P00007,P00045,2
P00048,P00051,2
P00024,P00026,2
P00060,P00133,2
P00060,P00127,2
P00116,P00162,2
P00116,P00159,2
P00086,P00101,2
P00086,P00094,2
P00007,P00110,2
P00082,P00094,2
P00101,P00163,2
P00138,P00155,2
P00032,P00109,2
P00166,P00167,2
P00068,P00149,2
P00168,P00170,2
P00111,P00129,2
P00087,P00094,2
P00002,P00047,2
P00085,P00093,2
P00081,P00099,2
P00081,P00093,2
P00046,P00127,2
P00065,P00085,2
P00009,P00048,2
P00145,P00157,2
P00138,P00157,2
P00138,P00154,2
P00021,P00029,2
P00145,P00154,2
P00012,P00087,2
P00068,P00129,2
P00044,P00063,2
P00041,P00065,2
P00086,P00107,2
P00039,P00115,2
P00043,P00116,2
P00068,P00130,2
P00050,P00051,2
P00101,P00171,2
P00053,P00148,2
P00057,P00130,2
P00171,P00177,2
P00014,P00147,2
P00065,P00147,2
P00008,P00125,2
P00012,P00102,2
P00014,P00115,2
P00076,P00127,2
P00049,P00131,2
P00079,P00101,2
P00080,P00164,2
P00065,P00088,2
P00055,P00140,2
P00125,P00156,2
P00121,P00153,2
P00008,P00077,2
P00010,P00107,2
P00002,P00102,2
P00044,P00110,2
P00040,P00110,2
P00003,P00044,2
P00049,P00142,2
P00073,P00081,2
P00101,P00168,2
P00008,P00141,2
P00007,P00047,2
P00025,P00026,2
P00001,P00100,2
P00001,P00099,2
P00009,P00079,2
P00009,P00076,2
P00021,P00027,2
P00075,P00084,2
P00049,P00127,2
P00065,P00087,2
P00075,P00088,2
P00042,P00135,2
P00075,P00085,2
P00072,P00121,2
P00070,P00131,2
P00102,P00172,2
P00009,P00031,2
P00015,P00116,2
P00015,P00108,2
P00006,P00031,2
P00047,P00124,2
P00004,P00084,2
P00172,P00175,2
P00156,P00170,2
P00040,P00133,2
P00075,P00087,2
P00039,P00109,2
P00012,P00162,2
P00008,P00154,2
P00103,P00160,2
P00061,P00086,2
P00082,P00157,2
P00049,P00062,2
P00094,P00160,2
P00005,P00141,2
P00103,P00147,2
P00084,P00111,2
P00081,P00112,2
P00129,P00153,2
P00047,P00127,2
P00084,P00112,2
P00019,P00021,2
P00102,P00150,2
P00083,P00165,2
P00083,P00160,2
P00062,P00132,2
P00005,P00106,2
P00003,P00140,2
P00134,P00150,2
P00127,P00150,2
P00090,P00110,2
P00045,P00124,2
P00049,P00126,2
P00022,P00027,2
P00067,P00090,2
P00086,P00123,2
P00054,P00147,2
P00104,P00144,2
P00041,P00115,2
P00085,P00157,2
P00076,P00165,2
P00025,P00030,2
P00020,P00021,2
P00011,P00116,2
P00007,P00116,2
P00039,P00111,2
P00005,P00102,2
P00075,P00092,2
P00011,P00047,2
P00174,P00179,2
P00005,P00127,2
P00003,P00127,2
P00106,P00138,2
P00041,P00130,2
P00035,P00061,2
P00087,P00160,2
P00035,P00073,2
P00058,P00059,2
P00074,P00079,2
P00012,P00053,2
P00130,P00163,2
P00072,P00130,2
P00057,P00135,2
P00057,P00129,2
P00008,P00131,2
P00090,P00105,2
P00090,P00101,2
P00003,P00137,2
P00048,P00059,2
P00169,P00177,2
P00045,P00121,2
P00033,P00110,2
P00011,P00054,2
P00170,P00173,2
P00167,P00173,2
P00013,P00098,2
P00047,P00054,2
P00064,P00085,2
P00173,P00180,2
P00172,P00173,2
P00168,P00180,2
P00047,P00149,2
P00007,P00099,2
P00080,P00108,2
P00070,P00140,2
P00068,P00143,2
P00086,P00095,2
P00001,P00092,2
P00089,P00151,2
P00079,P00151,2
P00036,P00079,2
P00012,P00105,2
P00066,P00126,2
P00066,P00125,2
P00057,P00074,2
P00064,P00140,2
P00038,P00121,2
P00007,P00085,2
P00172,P00174,2
P00006,P00115,2
P00170,P00177,2
P00170,P00174,2
P00177,P00178,2
P00174,P00178,2
P00072,P00147,2
P00104,P00148,2
P00102,P00148,2
P00050,P00058,2
P00119,P00159,2
P00010,P00122,2
P00008,P00098,2
P00043,P00110,2
P00049,P00129,2
P00170,P00178,2
P00075,P00099,1
P00054,P00131,1
P00060,P00131,1
P00031,P00133,1
P00040,P00056,1
P00056,P00133,1
P00060,P00066,1
P00001,P00046,1
P00042,P00164,1
P00054,P00066,1
P00055,P00066,1
P00042,P00157,1
P00042,P00161,1
P00030,P00071,1
P00082,P00095,1
P00082,P00098,1
P00082,P00103,1
P00089,P00095,1
P00030,P00065,1
P00059,P00122,1
P00059,P00127,1
P00059,P00133,1
P00080,P00143,1
P00062,P00145,1
P00062,P00147,1
P00070,P00145,1
P00070,P00147,1
P00071,P00147,1
P00073,P00145,1
P00014,P00054,1
P00057,P00122,1
P00057,P00123,1
P00057,P00132,1
P00006,P00082,1
P00082,P00117,1
P00002,P00100,1
P00002,P00139,1
P00002,P00143,1
P00073,P00128,1
P00070,P00121,1
P00070,P00127,1
P00070,P00128,1
P00072,P00123,1
P00045,P00115,1
P00108,P00151,1
P00111,P00151,1
P00037,P00134,1
P00036,P00123,1
P00072,P00127,1
P00072,P00128,1
P00072,P00131,1
P00073,P00121,1
P00073,P00123,1
P00073,P00127,1
P00076,P00122,1
P00033,P00061,1
P00033,P00062,1
P00033,P00064,1
P00033,P00065,1
P00033,P00072,1
P00015,P00118,1
P00015,P00119,1
P00014,P00045,1
P00032,P00115,1
P00004,P00104,1
P00006,P00104,1
P00014,P00104,1
P00015,P00104,1
P00062,P00139,1
P00073,P00139,1
P00028,P00136,1
P00008,P00123,1
P00005,P00041,1
P00005,P00045,1
P00005,P00115,1
P00007,P00032,1
P00007,P00041,1
P00011,P00032,1
P00006,P00036,1
P00006,P00037,1
P00006,P00039,1
P00006,P00040,1
P00004,P00102,1
P00084,P00102,1
P00003,P00047,1
P00003,P00124,1
P00006,P00042,1
P00009,P00032,1
P00009,P00034,1
P00009,P00036,1
P00009,P00037,1
P00009,P00039,1
P00006,P00032,1
P00006,P00034,1
P00119,P00151,1
P00011,P00041,1
P00011,P00045,1
P00011,P00115,1
P00014,P00032,1
P00014,P00041,1
P00015,P00112,1
P00006,P00041,1
P00009,P00042,1
P00044,P00093,1
P00044,P00097,1
P00044,P00101,1
P00024,P00112,1
P00031,P00123,1
P00016,P00112,1
P00019,P00109,1
P00074,P00144,1
P00074,P00146,1
P00084,P00144,1
P00084,P00146,1
P00171,P00176,1
P00063,P00084,1
P00009,P00040,1
P00009,P00041,1
P00033,P00123,1
P00029,P00136,1
P00003,P00079,1
P00065,P00150,1
P00070,P00150,1
P00014,P00111,1
P00014,P00152,1
P00063,P00144,1
P00107,P00163,1
P00069,P00144,1
P00005,P00032,1
P00037,P00123,1
P00040,P00123,1
P00041,P00123,1
P00043,P00123,1
P00032,P00123,1
P00067,P00112,1
P00063,P00094,1
P00014,P00159,1
P00111,P00152,1
P00111,P00164,1
P00051,P00142,1
P00051,P00148,1
P00054,P00137,1
P00069,P00148,1
P00065,P00094,1
P00074,P00094,1
P00082,P00092,1
P00080,P00119,1
P00063,P00132,1
P00071,P00132,1
P00073,P00132,1
P00069,P00125,1
P00016,P00109,1
P00054,P00149,1
P00166,P00173,1
P00089,P00092,1
P00069,P00138,1
P00069,P00140,1
P00069,P00146,1
P00019,P00112,1
P00020,P00109,1
P00020,P00112,1
P00024,P00109,1
P00032,P00165,1
P00040,P00165,1
P00045,P00165,1
P00069,P00122,1
P00166,P00179,1
P00046,P00153,1
P00048,P00153,1
P00052,P00153,1
P00053,P00153,1
P00055,P00153,1
P00057,P00153,1
P00062,P00123,1
P00054,P00061,1
P00054,P00062,1
P00054,P00069,1
P00054,P00071,1
P00072,P00148,1
P00035,P00057,1
P00035,P00060,1
P00033,P00128,1
P00041,P00129,1
P00069,P00076,1
P00082,P00116,1
P00003,P00108,1
P00013,P00108,1
P00038,P00120,1
P00042,P00128,1
P00089,P00119,1
P00054,P00142,1
P00054,P00145,1
P00054,P00148,1
P00051,P00137,1
P00004,P00128,1
P00080,P00128,1
P00084,P00128,1
P00043,P00120,1
P00065,P00115,1
P00065,P00116,1
P00065,P00119,1
P00015,P00107,1
P00002,P00089,1
P00013,P00080,1
P00013,P00088,1
P00015,P00080,1
P00013,P00075,1
P00142,P00152,1
P00005,P00056,1
P00005,P00068,1
P00009,P00056,1
P00035,P00124,1
P00015,P00089,1
P00065,P00112,1
P00028,P00078,1
P00071,P00130,1
P00017,P00018,1
P00017,P00078,1
P00018,P00078,1
P00013,P00056,1
P00056,P00068,1
P00013,P00063,1
P00062,P00130,1
P00087,P00098,1
P00087,P00100,1
P00086,P00098,1
P00086,P00100,1
P00086,P00105,1
P00040,P00128,1
P00023,P00078,1
P00036,P00129,1
P00045,P00126,1
P00107,P00155,1
P00107,P00160,1
P00118,P00151,1
P00118,P00153,1
P00118,P00155,1
P00085,P00174,1
P00032,P00163,1
P00033,P00109,1
P00033,P00113,1
P00033,P00163,1
P00011,P00026,1
P00035,P00126,1
P00035,P00129,1
P00036,P00124,1
P00109,P00163,1
P00051,P00061,1
P00055,P00061,1
P00019,P00068,1
P00059,P00146,1
P00059,P00147,1
P00032,P00110,1
P00032,P00113,1
P00009,P00068,1
P00011,P00056,1
P00011,P00068,1
P00019,P00070,1
P00019,P00071,1
P00019,P00131,1
P00068,P00131,1
P00071,P00131,1
P00044,P00069,1
P00062,P00125,1
P00014,P00127,1
P00016,P00029,1
P00022,P00151,1
P00029,P00151,1
P00031,P00118,1
P00056,P00141,1
P00062,P00162,1
P00074,P00125,1
P00074,P00132,1
P00074,P00152,1
P00074,P00156,1
P00074,P00162,1
P00125,P00152,1
P00125,P00158,1
P00086,P00134,1
P00086,P00150,1
P00123,P00150,1
P00125,P00150,1
P00125,P00162,1
P00132,P00152,1
P00132,P00158,1
P00132,P00162,1
P00022,P00111,1
P00022,P00115,1
P00017,P00027,1
P00135,P00154,1
P00057,P00146,1
P00057,P00147,1
P00086,P00125,1
P00086,P00127,1
P00005,P00138,1
P00005,P00140,1
P00106,P00140,1
P00106,P00141,1
P00045,P00127,1
P00045,P00135,1
P00094,P00148,1
P00096,P00148,1
P00003,P00101,1
P00007,P00096,1
P00007,P00097,1
P00007,P00101,1
P00061,P00076,1
P00051,P00058,1
P00016,P00027,1
P00003,P00141,1
P00001,P00127,1
P00002,P00127,1
P00056,P00149,1
P00062,P00152,1
P00062,P00156,1
P00003,P00096,1
P00003,P00097,1
P00003,P00098,1
P00056,P00147,1
P00056,P00148,1
P00155,P00171,1
P00165,P00171,1
P00033,P00075,1
P00035,P00075,1
P00036,P00075,1
P00005,P00142,1
P00090,P00098,1
P00036,P00154,1
P00036,P00160,1
P00058,P00067,1
P00168,P00177,1
P00090,P00096,1
P00008,P00048,1
P00008,P00059,1
P00082,P00115,1
P00088,P00115,1
P00090,P00115,1
P00008,P00096,1
P00008,P00097,1
P00008,P00101,1
P00013,P00096,1
P00007,P00137,1
P00012,P00108,1
P00009,P00074,1
P00010,P00131,1
P00120,P00159,1
P00023,P00118,1
P00008,P00122,1
P00011,P00122,1
P00077,P00115,1
P00003,P00054,1
P00012,P00054,1
P00058,P00094,1
P00058,P00096,1
P00058,P00148,1
P00003,P00106,1
P00003,P00138,1
P00102,P00144,1
P00042,P00074,1
P00043,P00063,1
P00043,P00065,1
P00043,P00074,1
P00044,P00074,1
P00013,P00115,1
P00041,P00063,1
P00041,P00074,1
P00066,P00149,1
P00068,P00138,1
P00088,P00155,1
P00034,P00155,1
P00001,P00047,1
P00154,P00168,1
P00154,P00170,1
P00078,P00099,1
P00076,P00155,1
P00167,P00170,1
P00013,P00097,1
P00013,P00101,1
P00039,P00155,1
P00111,P00124,1
P00115,P00124,1
P00066,P00138,1
P00009,P00052,1
P00012,P00031,1
P00077,P00095,1
P00084,P00095,1
P00009,P00047,1
P00080,P00155,1
P00084,P00155,1
P00012,P00137,1
P00116,P00129,1
P00015,P00154,1
P00015,P00155,1
P00007,P00106,1
P00083,P00094,1
P00083,P00101,1
P00090,P00158,1
P00079,P00094,1
P00004,P00086,1
P00001,P00102,1
P00001,P00104,1
P00001,P00153,1
P00001,P00163,1
P00099,P00153,1
P00115,P00129,1
P00116,P00124,1
P00002,P00140,1
P00103,P00140,1
P00099,P00163,1
P00101,P00153,1
P00102,P00153,1
P00102,P00163,1
P00104,P00153,1
P00104,P00163,1
P00037,P00063,1
P00045,P00113,1
P00007,P00031,1
P00085,P00099,1
P00087,P00099,1
P00025,P00032,1
P00105,P00154,1
P00002,P00103,1
P00004,P00031,1
P00001,P00141,1
P00007,P00141,1
P00022,P00158,1
P00025,P00158,1
P00026,P00158,1
P00063,P00157,1
P00063,P00161,1
P00013,P00045,1
P00015,P00031,1
P00015,P00045,1
P00036,P00050,1
P00036,P00060,1
P00040,P00047,1
P00040,P00050,1
P00040,P00060,1
P00028,P00131,1
P00028,P00135,1
P00043,P00108,1
P00043,P00113,1
P00004,P00045,1
P00006,P00045,1
P00009,P00045,1
P00013,P00031,1
P00082,P00101,1
P00063,P00165,1
P00015,P00161,1
P00015,P00162,1
P00026,P00122,1
P00026,P00131,1
P00026,P00135,1
P00028,P00122,1
P00080,P00156,1
P00080,P00160,1
P00088,P00152,1
P00088,P00156,1
P00088,P00160,1
P00090,P00152,1
P00070,P00142,1
P00023,P00109,1
P00068,P00085,1
P00015,P00142,1
P00061,P00081,1
P00061,P00083,1
P00064,P00081,1
P00064,P00083,1
P00090,P00156,1
P00090,P00160,1
P00035,P00116,1
P00043,P00112,1
P00168,P00173,1
P00015,P00146,1
P00066,P00081,1
P00066,P00083,1
P00066,P00085,1
P00068,P00081,1
P00063,P00163,1
P00083,P00097,1
P00112,P00163,1
P00115,P00163,1
P00084,P00093,1
P00084,P00094,1
P00036,P00047,1
P00035,P00112,1
P00032,P00111,1
P00023,P00107,1
P00166,P00168,1
P00167,P00168,1
P00167,P00169,1
P00013,P00130,1
P00013,P00133,1
P00006,P00054,1
P00001,P00120,1
P00094,P00149,1
P00047,P00117,1
P00047,P00119,1
P00047,P00136,1
P00047,P00142,1
P00015,P00040,1
P00015,P00041,1
P00077,P00154,1
P00077,P00159,1
P00048,P00136,1
P00048,P00142,1
P00048,P00149,1
P00050,P00136,1
P00050,P00142,1
P00050,P00149,1
P00023,P00112,1
P00023,P00113,1
P00065,P00081,1
P00065,P00083,1
P00010,P00120,1
P00012,P00120,1
P00069,P00082,1
P00069,P00083,1
P00032,P00070,1
P00032,P00071,1
P00032,P00073,1
P00035,P00070,1
P00035,P00071,1
P00075,P00091,1
P00041,P00109,1
P00041,P00118,1
P00072,P00139,1
P00077,P00160,1
P00077,P00162,1
P00079,P00154,1
P00079,P00159,1
P00079,P00162,1
P00087,P00154,1
P00087,P00159,1
P00036,P00089,1
P00036,P00151,1
P00036,P00156,1
P00087,P00162,1
P00089,P00154,1
P00089,P00159,1
P00089,P00162,1
P00018,P00025,1
P00094,P00136,1
P00094,P00145,1
P00002,P00092,1
P00012,P00092,1
P00006,P00125,1
P00076,P00103,1
P00077,P00103,1
P00079,P00103,1
P00032,P00118,1
P00032,P00119,1
P00034,P00109,1
P00034,P00111,1
P00034,P00118,1
P00034,P00119,1
P00107,P00150,1
P00110,P00150,1
P00044,P00118,1
P00044,P00119,1
P00013,P00124,1
P00039,P00118,1
P00039,P00119,1
P00040,P00109,1
P00040,P00111,1
P00040,P00118,1
P00016,P00018,1
P00036,P00074,1
P00037,P00079,1
P00039,P00074,1
P00039,P00079,1
P00040,P00119,1
P00044,P00109,1
P00044,P00111,1
P00065,P00132,1
P00067,P00123,1
P00067,P00132,1
P00032,P00061,1
P00003,P00048,1
P00003,P00050,1
P00003,P00052,1
P00003,P00057,1
P00062,P00084,1
P00007,P00046,1
P00007,P00050,1
P00007,P00053,1
P00012,P00046,1
P00058,P00074,1
P00075,P00148,1
P00092,P00135,1
P00005,P00099,1
P00008,P00092,1
P00008,P00099,1
P00012,P00047,1
P00012,P00050,1
P00018,P00021,1
P00062,P00080,1
P00062,P00083,1
P00040,P00063,1
P00040,P00065,1
P00040,P00066,1
P00040,P00067,1
P00068,P00076,1
P00068,P00082,1
P00005,P00092,1
P00005,P00098,1
P00113,P00150,1
P00114,P00150,1
P00119,P00150,1
P00011,P00113,1
P00008,P00102,1
P00013,P00092,1
P00013,P00099,1
P00013,P00102,1
P00012,P00122,1
P00014,P00080,1
P00014,P00122,1
P00080,P00122,1
P00004,P00157,1
P00004,P00158,1
P00004,P00160,1
P00043,P00157,1
P00010,P00058,1
P00040,P00070,1
P00040,P00072,1
P00040,P00075,1
P00042,P00066,1
P00042,P00067,1
P00174,P00176,1
P00012,P00080,1
P00047,P00074,1
P00044,P00066,1
P00044,P00067,1
P00044,P00070,1
P00044,P00072,1
P00044,P00075,1
P00010,P00046,1
P00010,P00047,1
P00092,P00145,1
P00092,P00148,1
P00135,P00145,1
P00010,P00074,1
P00011,P00046,1
P00011,P00058,1
P00011,P00074,1
P00046,P00074,1
P00070,P00137,1
P00062,P00136,1
P00135,P00148,1
P00175,P00177,1
P00016,P00023,1
P00038,P00063,1
P00038,P00068,1
P00070,P00135,1
P00062,P00150,1
P00068,P00136,1
P00002,P00046,1
P00002,P00050,1
P00025,P00113,1
P00048,P00096,1
P00056,P00096,1
P00069,P00137,1
P00002,P00115,1
P00002,P00120,1
P00046,P00109,1
P00046,P00115,1
P00046,P00120,1
P00047,P00109,1
P00047,P00115,1
P00047,P00120,1
P00077,P00156,1
P00077,P00164,1
P00083,P00164,1
P00176,P00180,1
P00090,P00100,1
P00167,P00179,1
P00042,P00070,1
P00042,P00072,1
P00082,P00129,1
P00083,P00129,1
P00043,P00164,1
P00023,P00079,1
P00025,P00029,1
P00025,P00079,1
P00029,P00079,1
P00026,P00075,1
P00003,P00110,1
P00003,P00118,1
P00050,P00109,1
P00050,P00115,1
P00050,P00120,1
P00064,P00142,1
P00076,P00100,1
P00077,P00129,1
P00171,P00174,1
P00171,P00180,1
P00012,P00165,1
P00070,P00086,1
P00070,P00122,1
P00066,P00144,1
P00067,P00142,1
P00067,P00144,1
P00086,P00122,1
P00086,P00135,1
P00080,P00117,1
P00080,P00120,1
P00083,P00117,1
P00083,P00120,1
P00014,P00110,1
P00014,P00118,1
P00004,P00053,1
P00014,P00053,1
P00015,P00053,1
P00093,P00137,1
P00093,P00141,1
P00055,P00149,1
P00057,P00136,1
P00057,P00140,1
P00105,P00141,1
P00105,P00148,1
P00093,P00148,1
P00097,P00137,1
P00097,P00141,1
P00097,P00148,1
P00101,P00137,1
P00101,P00148,1
P00032,P00128,1
P00039,P00060,1
P00041,P00060,1
P00045,P00060,1
P00035,P00072,1
P00104,P00137,1
P00104,P00141,1
P00105,P00137,1
P00050,P00071,1
P00052,P00063,1
P00052,P00066,1
P00052,P00071,1
P00064,P00144,1
P00066,P00142,1
P00066,P00143,1
P00032,P00060,1
P00050,P00066,1
P00125,P00153,1
P00125,P00160,1
P00125,P00161,1
P00128,P00153,1
P00128,P00156,1
P00128,P00160,1
P00121,P00156,1
P00058,P00136,1
P00058,P00146,1
P00001,P00107,1
P00049,P00118,1
P00128,P00161,1
P00132,P00160,1
P00132,P00161,1
P00050,P00063,1
P00055,P00136,1
P00077,P00134,1
P00050,P00127,1
P00050,P00128,1
P00050,P00129,1
P00049,P00136,1
P00049,P00140,1
P00054,P00136,1
P00057,P00145,1
P00057,P00149,1
P00036,P00106,1
P00036,P00110,1
P00049,P00145,1
P00049,P00149,1
P00051,P00136,1
P00051,P00140,1
P00109,P00162,1
P00036,P00114,1
P00036,P00116,1
P00040,P00106,1
P00040,P00114,1
P00068,P00158,1
P00068,P00159,1
P00005,P00044,1
P00094,P00117,1
P00094,P00118,1
P00044,P00106,1
P00044,P00114,1
P00044,P00116,1
P00045,P00114,1
P00045,P00116,1
P00109,P00156,1
P00002,P00097,1
P00002,P00098,1
P00109,P00165,1
P00110,P00156,1
P00110,P00165,1
P00091,P00180,1
P00094,P00180,1
P00096,P00180,1
P00121,P00160,1
P00121,P00161,1
P00073,P00095,1
P00101,P00117,1
P00101,P00118,1
P00102,P00117,1
P00102,P00118,1
P00002,P00096,1
P00015,P00097,1
P00015,P00098,1
P00015,P00102,1
P00037,P00122,1
P00037,P00135,1
P00004,P00148,1
P00006,P00136,1
P00006,P00144,1
P00073,P00087,1
P00003,P00150,1
P00062,P00148,1
P00062,P00149,1
P00099,P00137,1
P00099,P00139,1
P00064,P00087,1
P00015,P00096,1
P00010,P00140,1
P00010,P00150,1
P00049,P00148,1
P00053,P00142,1
P00001,P00041,1
P00073,P00077,1
P00073,P00078,1
P00073,P00084,1
P00007,P00044,1
P00076,P00113,1
P00081,P00113,1
P00086,P00113,1
P00040,P00116,1
P00043,P00106,1
P00043,P00114,1
P00010,P00136,1
P00110,P00154,1
P00006,P00101,1
P00068,P00160,1
P00071,P00158,1
P00071,P00159,1
P00074,P00159,1
P00074,P00160,1
P00062,P00159,1
P00085,P00123,1
P00001,P00044,1
P00003,P00041,1
P00013,P00041,1
P00013,P00044,1
P00005,P00100,1
P00013,P00162,1
P00013,P00163,1
P00003,P00144,1
P00003,P00148,1
P00004,P00136,1
P00004,P00144,1
P00012,P00100,1
P00023,P00030,1
P00076,P00123,1
P00076,P00129,1
P00006,P00148,1
P00014,P00136,1
P00014,P00144,1
P00014,P00148,1
P00085,P00130,1
P00001,P00136,1
P00001,P00144,1
P00001,P00148,1
P00005,P00120,1
P00005,P00122,1
P00120,P00122,1
P00094,P00137,1
P00095,P00137,1
P00114,P00163,1
P00113,P00154,1
P00114,P00154,1
P00094,P00172,1
P00094,P00175,1
P00061,P00123,1
P00061,P00128,1
P00061,P00131,1
P00065,P00128,1
P00065,P00131,1
P00074,P00123,1
P00095,P00141,1
P00095,P00149,1
P00099,P00141,1
P00074,P00131,1
P00107,P00157,1
P00079,P00099,1
P00079,P00141,1
P00079,P00149,1
P00062,P00160,1
P00063,P00159,1
P00009,P00100,1
P00009,P00102,1
P00090,P00095,1
P00090,P00099,1
P00090,P00141,1
P00090,P00149,1
P00102,P00149,1
P00002,P00095,1
P00002,P00104,1
P00008,P00162,1
P00012,P00110,1
P00012,P00114,1
P00012,P00154,1
P00008,P00110,1
P00014,P00060,1
P00014,P00070,1
P00095,P00107,1
P00104,P00107,1
P00005,P00081,1
P00005,P00089,1
P00099,P00149,1
P00101,P00149,1
P00002,P00119,1
P00002,P00128,1
P00002,P00133,1
P00119,P00122,1
P00028,P00062,1
P00028,P00065,1
P00028,P00073,1
P00014,P00059,1
P00114,P00162,1
P00012,P00163,1
P00013,P00113,1
P00013,P00114,1
P00060,P00070,1
P00096,P00171,1
P00067,P00083,1
P00071,P00083,1
P00119,P00128,1
P00119,P00133,1
P00073,P00160,1
P00073,P00164,1
P00002,P00085,1
P00004,P00085,1
P00008,P00085,1
P00094,P00165,1
P00049,P00061,1
P00049,P00085,1
P00087,P00096,1
P00087,P00103,1
P00087,P00163,1
P00096,P00160,1
P00096,P00163,1
P00101,P00160,1
P00058,P00062,1
P00058,P00085,1
P00058,P00086,1
P00058,P00114,1
P00103,P00163,1
P00006,P00019,1
P00006,P00020,1
P00006,P00028,1
P00008,P00113,1
P00008,P00114,1
P00002,P00107,1
P00005,P00095,1
P00005,P00104,1
P00049,P00086,1
P00049,P00114,1
P00058,P00061,1
P00085,P00114,1
P00076,P00098,1
P00076,P00102,1
P00076,P00145,1
P00091,P00145,1
P00098,P00145,1
P00102,P00145,1
P00012,P00128,1
P00101,P00170,1
P00101,P00172,1
P00101,P00174,1
P00101,P00177,1
P00061,P00114,1
P00062,P00085,1
P00062,P00086,1
P00062,P00114,1
P00067,P00109,1
P00069,P00109,1
P00101,P00178,1
P00172,P00177,1
P00070,P00078,1
P00070,P00079,1
P00070,P00084,1
P00074,P00078,1
P00095,P00160,1
P00095,P00165,1
P00130,P00141,1
P00130,P00146,1
P00130,P00148,1
P00130,P00150,1
P00064,P00109,1
P00065,P00109,1
P00071,P00109,1
P00072,P00109,1
P00073,P00109,1
P00074,P00109,1
P00009,P00129,1
P00009,P00131,1
P00051,P00074,1
P00048,P00061,1
P00051,P00128,1
P00057,P00128,1
P00005,P00066,1
P00005,P00125,1
P00005,P00126,1
P00005,P00130,1
P00005,P00134,1
P00070,P00109,1
P00008,P00066,1
P00008,P00126,1
P00008,P00130,1
P00009,P00066,1
P00009,P00125,1
P00009,P00126,1
P00009,P00130,1
P00009,P00134,1
P00086,P00114,1
P00044,P00134,1
P00044,P00135,1
P00066,P00130,1
P00066,P00134,1
P00001,P00082,1
P00001,P00086,1
P00005,P00082,1
P00010,P00086,1
P00034,P00121,1
P00004,P00100,1
P00007,P00100,1
P00006,P00124,1
P00006,P00128,1
P00012,P00124,1
P00038,P00126,1
P00064,P00141,1
P00071,P00140,1
P00071,P00141,1
P00079,P00153,1
P00081,P00151,1
P00081,P00153,1
P00005,P00086,1
P00010,P00082,1
P00082,P00153,1
P00084,P00151,1
P00084,P00153,1
P00088,P00151,1
P00088,P00153,1
P00089,P00153,1
P00046,P00070,1
P00061,P00141,1
P00048,P00070,1
P00086,P00167,1
P00086,P00177,1
P00167,P00177,1
P00086,P00126,1
P00086,P00129,1
P00086,P00131,1
P00082,P00151,1
P00086,P00157,1
P00086,P00159,1
P00086,P00163,1
P00009,P00094,1
P00009,P00097,1
P00144,P00165,1
P00146,P00155,1
P00146,P00165,1
P00126,P00159,1
P00126,P00163,1
P00126,P00165,1
P00129,P00154,1
P00129,P00157,1
P00129,P00159,1
P00086,P00153,1
P00086,P00154,1
P00129,P00163,1
P00129,P00165,1
P00131,P00153,1
P00131,P00154,1
P00131,P00157,1
P00131,P00159,1
P00131,P00165,1
P00126,P00157,1
P00039,P00121,1
P00061,P00140,1
P00065,P00140,1
P00065,P00143,1
P00068,P00140,1
P00070,P00143,1
P00065,P00077,1
P00065,P00084,1
P00069,P00089,1
P00075,P00077,1
P00067,P00077,1
P00067,P00085,1
P00067,P00088,1
P00067,P00089,1
P00069,P00077,1
P00069,P00084,1
P00085,P00109,1
P00001,P00122,1
P00002,P00076,1
P00002,P00079,1
P00002,P00116,1
P00007,P00076,1
P00069,P00085,1
P00069,P00088,1
P00126,P00153,1
P00126,P00154,1
P00007,P00079,1
P00007,P00088,1
P00009,P00088,1
P00009,P00116,1
P00011,P00076,1
P00011,P00079,1
P00150,P00155,1
P00150,P00165,1
P00138,P00165,1
P00139,P00155,1
P00139,P00165,1
P00144,P00155,1
P00004,P00099,1
P00086,P00165,1
P00015,P00079,1
P00076,P00116,1
P00079,P00116,1
P00009,P00058,1
P00009,P00099,1
P00009,P00105,1
P00088,P00116,1
P00034,P00129,1
P00051,P00156,1
P00051,P00159,1
P00051,P00160,1
P00051,P00162,1
P00051,P00164,1
P00033,P00115,1
P00011,P00088,1
P00015,P00076,1
P00044,P00115,1
P00034,P00148,1
P00036,P00148,1
P00045,P00148,1
P00047,P00061,1
P00047,P00066,1
P00051,P00152,1
P00051,P00153,1
P00086,P00116,1
P00079,P00105,1
P00079,P00172,1
P00082,P00102,1
P00082,P00105,1
P00082,P00172,1
P00088,P00102,1
P00036,P00115,1
P00008,P00111,1
P00010,P00130,1
P00012,P00067,1
P00012,P00068,1
P00012,P00130,1
P00067,P00130,1
P00001,P00067,1
P00001,P00068,1
P00064,P00076,1
P00064,P00088,1
P00004,P00077,1
P00088,P00172,1
P00090,P00172,1
P00105,P00172,1
P00046,P00133,1
P00001,P00111,1
P00108,P00159,1
P00108,P00162,1
P00110,P00159,1
P00112,P00159,1
P00112,P00162,1
P00002,P00093,1
P00006,P00093,1
P00009,P00093,1
P00043,P00129,1
P00044,P00129,1
P00114,P00151,1
P00012,P00126,1
P00012,P00131,1
P00167,P00175,1
P00122,P00137,1
P00004,P00078,1
P00122,P00138,1
P00122,P00145,1
P00122,P00149,1
P00131,P00137,1
P00131,P00138,1
P00041,P00110,1
P00006,P00022,1
P00012,P00111,1
P00138,P00153,1
P00138,P00163,1
P00138,P00164,1
P00145,P00153,1
P00007,P00102,1
P00068,P00126,1
P00068,P00128,1
P00012,P00078,1
P00145,P00155,1
P00145,P00163,1
P00145,P00164,1
P00149,P00153,1
P00149,P00154,1
P00149,P00155,1
P00149,P00157,1
P00012,P00088,1
P00001,P00130,1
P00010,P00067,1
P00010,P00068,1
P00061,P00137,1
P00061,P00138,1
P00051,P00127,1
P00051,P00133,1
P00055,P00133,1
P00149,P00163,1
P00149,P00164,1
P00005,P00060,1
P00005,P00128,1
P00005,P00133,1
P00086,P00110,1
P00125,P00163,1
P00131,P00156,1
P00075,P00076,1
P00024,P00025,1
P00073,P00103,1
P00083,P00110,1
P00006,P00120,1
P00009,P00115,1
P00009,P00120,1
P00014,P00120,1
P00057,P00138,1
P00049,P00121,1
P00049,P00135,1
P00071,P00076,1
P00071,P00085,1
P00071,P00086,1
P00073,P00085,1
P00073,P00086,1
P00006,P00119,1
P00131,P00145,1
P00131,P00149,1
P00007,P00092,1
P00047,P00138,1
P00049,P00138,1
P00052,P00138,1
P00055,P00138,1
P00032,P00062,1
P00032,P00072,1
P00064,P00092,1
P00089,P00120,1
P00090,P00114,1
P00090,P00120,1
P00089,P00100,1
P00047,P00140,1
P00007,P00132,1
P00010,P00132,1
P00064,P00132,1
P00009,P00077,1
P00009,P00085,1
P00076,P00153,1
P00076,P00154,1
P00057,P00121,1
P00076,P00159,1
P00003,P00131,1
P00004,P00127,1
P00004,P00131,1
P00008,P00127,1
P00011,P00127,1
P00011,P00131,1
P00003,P00132,1
P00131,P00164,1
P00005,P00065,1
P00005,P00073,1
P00005,P00075,1
P00007,P00065,1
P00007,P00073,1
P00007,P00075,1
P00076,P00156,1
P00011,P00065,1
P00011,P00073,1
P00011,P00075,1
P00103,P00142,1
P00103,P00149,1
P00089,P00155,1
P00062,P00129,1
P00073,P00090,1
P00076,P00112,1
P00041,P00131,1
P00041,P00134,1
P00063,P00153,1
P00063,P00155,1
P00063,P00162,1
P00071,P00153,1
P00071,P00155,1
P00078,P00112,1
P00086,P00111,1
P00086,P00112,1
P00071,P00162,1
P00047,P00126,1
P00053,P00126,1
P00053,P00127,1
P00076,P00111,1
P00060,P00140,1
P00001,P00135,1
P00104,P00147,1
P00041,P00132,1
P00169,P00172,1
P00002,P00105,1
P00007,P00105,1
P00078,P00111,1
P00115,P00138,1
P00039,P00125,1
P00039,P00130,1
P00039,P00132,1
P00041,P00125,1
P00041,P00126,1
P00101,P00136,1
P00101,P00144,1
P00099,P00150,1
P00001,P00098,1
P00010,P00098,1
P00081,P00180,1
P00095,P00180,1
P00099,P00180,1
P00078,P00157,1
P00041,P00138,1
P00001,P00112,1
P00067,P00080,1
P00067,P00081,1
P00072,P00080,1
P00072,P00081,1
P00072,P00090,1
P00073,P00080,1
P00096,P00150,1
P00075,P00080,1
P00075,P00081,1
P00075,P00090,1
P00014,P00086,1
P00065,P00125,1
P00065,P00134,1
P00020,P00029,1
P00170,P00171,1
P00090,P00108,1
P00090,P00111,1
P00034,P00061,1
P00040,P00061,1
P00010,P00090,1
P00010,P00111,1
P00010,P00119,1
P00081,P00108,1
P00008,P00164,1
P00009,P00163,1
P00009,P00164,1
P00014,P00163,1
P00015,P00163,1
P00015,P00164,1
P00063,P00129,1
P00090,P00106,1
P00086,P00091,1
P00083,P00157,1
P00072,P00129,1
P00037,P00069,1
P00037,P00075,1
P00077,P00110,1
P00077,P00113,1
P00083,P00106,1
P00104,P00136,1
P00041,P00106,1
P00083,P00115,1
P00085,P00108,1
P00079,P00157,1
P00079,P00165,1
P00076,P00157,1
P00076,P00093,1
P00136,P00157,1
P00136,P00160,1
P00138,P00160,1
P00145,P00160,1
P00148,P00154,1
P00003,P00059,1
P00003,P00070,1
P00058,P00070,1
P00148,P00160,1
P00111,P00127,1
P00111,P00135,1
P00008,P00137,1
P00008,P00143,1
P00079,P00110,1
P00079,P00113,1
P00136,P00154,1
P00108,P00163,1
P00108,P00165,1
P00118,P00163,1
P00118,P00165,1
P00169,P00175,1
P00169,P00179,1
P00175,P00179,1
P00148,P00157,1
P00044,P00107,1
P00044,P00175,1
P00044,P00180,1
P00107,P00175,1
P00107,P00180,1
P00175,P00180,1
P00061,P00084,1
P00061,P00089,1
P00089,P00115,1
P00010,P00135,1
P00085,P00115,1
P00086,P00115,1
P00087,P00108,1
P00083,P00108,1
P00083,P00162,1
P00062,P00116,1
P00015,P00029,1
P00015,P00030,1
P00117,P00154,1
P00064,P00084,1
P00064,P00086,1
P00064,P00089,1
P00074,P00086,1
P00074,P00089,1
P00042,P00110,1
P00044,P00120,1
P00003,P00058,1
P00008,P00030,1
P00012,P00029,1
P00012,P00030,1
P00013,P00029,1
P00013,P00030,1
P00004,P00109,1
P00005,P00109,1
P00006,P00109,1
P00007,P00109,1
P00117,P00157,1
P00117,P00162,1
P00118,P00154,1
P00118,P00157,1
P00008,P00109,1
P00012,P00109,1
P00013,P00109,1
P00014,P00109,1
P00015,P00109,1
P00009,P00104,1
P00083,P00158,1
P00085,P00164,1
P00076,P00152,1
P00047,P00141,1
P00088,P00164,1
P00004,P00083,1
P00004,P00154,1
P00007,P00154,1
P00008,P00083,1
P00013,P00083,1
P00087,P00104,1
P00107,P00159,1
P00111,P00161,1
P00116,P00161,1
P00014,P00083,1
P00014,P00154,1
P00083,P00154,1
P00018,P00019,1
P00062,P00117,1
P00001,P00029,1
P00001,P00030,1
P00008,P00029,1
P00047,P00125,1
P00078,P00104,1
P00080,P00104,1
P00085,P00104,1
P00010,P00061,1
P00010,P00066,1
P00010,P00109,1
P00061,P00107,1
P00061,P00109,1
P00066,P00107,1
P00066,P00109,1
P00119,P00162,1
P00091,P00151,1
P00091,P00156,1
P00091,P00160,1
P00094,P00151,1
P00094,P00156,1
P00103,P00151,1
P00103,P00156,1
P00061,P00124,1
P00005,P00165,1
P00064,P00124,1
P00091,P00111,1
P00091,P00118,1
P00091,P00120,1
P00100,P00111,1
P00100,P00114,1
P00100,P00118,1
P00087,P00164,1
P00100,P00120,1
P00031,P00147,1
P00031,P00150,1
P00005,P00152,1
P00005,P00157,1
P00005,P00162,1
P00005,P00163,1
P00009,P00062,1
P00009,P00075,1
P00020,P00105,1
P00006,P00067,1
P00015,P00169,1
P00015,P00178,1
P00095,P00169,1
P00095,P00178,1
P00064,P00136,1
P00068,P00152,1
P00007,P00068,1
P00055,P00137,1
P00055,P00144,1
P00011,P00052,1
P00011,P00057,1
P00066,P00132,1
P00055,P00147,1
P00106,P00158,1
P00106,P00162,1
P00113,P00158,1
P00113,P00159,1
P00118,P00158,1
P00119,P00158,1
P00036,P00113,1
P00049,P00122,1
P00049,P00123,1
P00049,P00125,1
P00049,P00130,1
P00049,P00132,1
P00052,P00122,1
P00052,P00123,1
P00055,P00146,1
P00056,P00122,1
P00056,P00123,1
P00063,P00149,1
P00063,P00150,1
P00068,P00146,1
P00075,P00143,1
P00075,P00146,1
P00075,P00149,1
P00031,P00144,1
P00033,P00144,1
P00052,P00125,1
P00052,P00126,1
P00052,P00129,1
P00052,P00130,1
P00052,P00131,1
P00052,P00132,1
P00003,P00178,1
P00015,P00095,1
P00056,P00125,1
P00056,P00126,1
P00056,P00129,1
P00056,P00130,1
P00056,P00131,1
P00056,P00132,1
P00006,P00076,1
P00006,P00084,1
P00035,P00144,1
P00040,P00144,1
P00041,P00144,1
P00044,P00144,1
P00003,P00095,1
P00003,P00169,1
P00010,P00076,1
P00010,P00084,1
P00111,P00172,1
P00111,P00173,1
P00111,P00178,1
P00111,P00180,1
P00116,P00156,1
P00116,P00170,1
P00013,P00117,1
P00076,P00106,1
P00009,P00081,1
P00009,P00084,1
P00009,P00089,1
P00009,P00106,1
P00009,P00110,1
P00009,P00117,1
P00089,P00117,1
P00063,P00143,1
P00010,P00089,1
P00010,P00117,1
P00013,P00076,1
P00013,P00081,1
P00013,P00084,1
P00013,P00106,1
P00075,P00150,1
P00035,P00051,1
P00076,P00110,1
P00076,P00117,1
P00081,P00117,1
P00084,P00106,1
P00084,P00110,1
P00084,P00117,1
P00063,P00140,1
P00064,P00130,1
P00156,P00169,1
P00161,P00168,1
P00161,P00169,1
P00161,P00170,1
P00163,P00168,1
P00163,P00169,1
P00122,P00153,1
P00122,P00155,1
P00040,P00051,1
P00040,P00059,1
P00043,P00051,1
P00043,P00059,1
P00034,P00139,1
P00063,P00134,1
P00111,P00162,1
P00111,P00170,1
P00064,P00134,1
P00070,P00130,1
P00070,P00134,1
P00130,P00140,1
P00134,P00140,1
P00121,P00155,1
P00116,P00172,1
P00116,P00173,1
P00123,P00153,1
P00123,P00155,1
P00129,P00155,1
P00134,P00153,1
P00134,P00155,1
P00111,P00156,1
P00118,P00180,1
P00083,P00161,1
P00089,P00161,1
P00064,P00078,1
P00064,P00165,1
P00173,P00174,1
P00001,P00077,1
P00003,P00077,1
P00162,P00173,1
P00116,P00178,1
P00116,P00180,1
P00118,P00156,1
P00118,P00170,1
P00118,P00172,1
P00118,P00173,1
P00118,P00178,1
P00155,P00170,1
P00156,P00168,1
P00156,P00172,1
P00156,P00173,1
P00156,P00178,1
P00156,P00180,1
P00162,P00170,1
P00162,P00172,1
P00163,P00170,1
P00165,P00168,1
P00162,P00178,1
P00162,P00180,1
P00173,P00178,1
P00109,P00133,1
P00155,P00168,1
P00155,P00169,1
P00004,P00105,1
P00047,P00129,1
P00047,P00130,1
P00048,P00124,1
P00048,P00127,1
P00048,P00129,1
P00048,P00130,1
P00055,P00124,1
P00123,P00147,1
P00165,P00169,1
P00165,P00170,1
P00028,P00111,1
P00028,P00116,1
P00065,P00090,1
P00004,P00091,1
P00004,P00101,1
P00078,P00161,1
P00012,P00091,1
P00012,P00101,1
P00014,P00091,1
P00014,P00101,1
P00014,P00105,1
P00166,P00178,1
P00123,P00144,1
P00007,P00077,1
P00129,P00144,1
P00129,P00147,1
P00134,P00144,1
P00134,P00147,1
P00054,P00074,1
P00076,P00160,1
P00076,P00161,1
P00040,P00129,1
P00040,P00135,1
P00042,P00122,1
P00042,P00129,1
P00042,P00133,1
P00033,P00122,1
P00033,P00129,1
P00033,P00133,1
P00021,P00115,1
P00011,P00077,1
P00015,P00077,1
P00069,P00098,1
P00064,P00139,1
P00064,P00145,1
P00009,P00095,1
P00040,P00122,1
P00046,P00130,1
P00019,P00114,1
P00019,P00115,1
P00019,P00116,1
P00019,P00118,1
P00019,P00120,1
P00021,P00106,1
P00021,P00114,1
P00055,P00129,1
P00021,P00116,1
P00021,P00118,1
P00021,P00120,1
P00051,P00108,1
P00051,P00117,1
P00046,P00124,1
P00046,P00129,1
P00055,P00130,1
P00057,P00124,1
P00057,P00127,1
P00060,P00124,1
P00060,P00129,1
P00060,P00130,1
P00014,P00050,1
P00002,P00145,1
P00014,P00052,1
P00003,P00076,1
P00095,P00171,1
P00095,P00175,1
P00171,P00175,1
P00099,P00168,1
P00099,P00171,1
P00099,P00179,1
P00005,P00168,1
P00005,P00171,1
P00101,P00179,1
P00104,P00168,1
P00104,P00171,1
P00104,P00179,1
P00105,P00168,1
P00105,P00171,1
P00033,P00135,1
P00064,P00148,1
P00019,P00106,1
P00105,P00179,1
P00168,P00179,1
P00171,P00179,1
P00084,P00115,1
P00084,P00119,1
P00014,P00168,1
P00014,P00171,1
P00083,P00098,1
P00034,P00127,1
P00035,P00127,1
P00147,P00151,1
P00150,P00151,1
P00110,P00126,1
P00044,P00127,1
P00066,P00088,1
P00073,P00088,1
P00006,P00173,1
P00007,P00173,1
P00110,P00173,1
P00013,P00168,1
P00013,P00171,1
P00064,P00135,1
P00065,P00135,1
P00066,P00135,1
P00069,P00135,1
P00071,P00135,1
P00002,P00141,1
P00041,P00127,1
P00042,P00127,1
P00002,P00147,1
P00008,P00145,1
P00008,P00147,1
P00009,P00141,1
P00009,P00145,1
P00009,P00147,1
P00115,P00173,1
P00062,P00135,1
P00003,P00117,1
P00003,P00130,1
P00107,P00130,1
P00112,P00164,1
P00112,P00172,1
P00152,P00172,1
P00153,P00172,1
P00164,P00172,1
P00012,P00123,1
P00004,P00049,1
P00004,P00142,1
P00049,P00069,1
P00049,P00072,1
P00038,P00128,1
P00003,P00107,1
P00003,P00114,1
P00015,P00147,1
P00015,P00150,1
P00015,P00151,1
P00137,P00151,1
P00114,P00130,1
P00117,P00130,1
P00171,P00172,1
P00056,P00107,1
P00117,P00126,1
P00166,P00170,1
P00166,P00177,1
P00070,P00093,1
P00070,P00097,1
P00014,P00137,1
P00014,P00150,1
P00014,P00151,1
P00037,P00061,1
P00038,P00065,1
P00081,P00162,1
P00081,P00164,1
P00082,P00162,1
P00082,P00164,1
P00066,P00121,1
P00066,P00122,1
P00080,P00110,1
P00080,P00112,1
P00007,P00127,1
P00009,P00127,1
P00010,P00127,1
P00035,P00065,1
P00036,P00061,1
P00036,P00065,1
P00112,P00152,1
P00112,P00153,1
P00041,P00061,1
P00044,P00061,1
P00003,P00113,1
P00004,P00113,1
P00009,P00113,1
P00036,P00127,1
P00080,P00114,1
P00066,P00150,1
P00094,P00106,1
P00080,P00153,1
P00110,P00152,1
P00110,P00153,1
P00110,P00164,1
P00110,P00172,1
P00088,P00127,1
P00088,P00130,1
P00030,P00163,1
P00128,P00163,1
P00031,P00110,1
P00031,P00117,1
P00035,P00110,1
P00035,P00117,1
P00068,P00127,1
P00091,P00109,1
P00094,P00110,1
P00094,P00113,1
P00008,P00108,1
P00014,P00108,1
P00080,P00127,1
P00080,P00130,1
P00072,P00132,1
P00081,P00157,1
P00051,P00150,1
P00031,P00073,1
P00033,P00073,1
P00036,P00073,1
P00040,P00073,1
P00068,P00124,1
P00066,P00129,1
P00066,P00133,1
P00091,P00112,1
P00096,P00109,1
P00096,P00112,1
P00096,P00114,1
P00075,P00153,1
P00072,P00122,1
P00080,P00097,1
P00080,P00098,1
P00090,P00093,1
P00061,P00102,1
P00063,P00102,1
P00064,P00102,1
P00067,P00102,1
P00068,P00102,1
P00042,P00068,1
P00068,P00135,1
P00079,P00093,1
P00079,P00100,1
P00083,P00092,1
P00083,P00093,1
P00083,P00095,1
P00083,P00100,1
P00024,P00163,1
P00028,P00163,1
P00080,P00100,1
P00068,P00147,1
P00080,P00092,1
P00031,P00068,1
P00031,P00075,1
P00031,P00135,1
P00039,P00110,1
P00039,P00117,1
P00092,P00172,1
P00011,P00061,1
P00018,P00020,1
P00018,P00163,1
P00020,P00163,1
P00022,P00163,1
P00007,P00074,1
P00002,P00150,1
P00011,P00139,1
P00011,P00150,1
P00100,P00139,1
P00100,P00143,1
P00102,P00139,1
P00102,P00143,1
P00015,P00083,1
P00040,P00117,1
P00022,P00153,1
P00072,P00086,1
P00072,P00088,1
P00072,P00089,1
P00014,P00112,1
P00007,P00063,1
P00077,P00093,1
P00007,P00087,1
P00012,P00063,1
P00012,P00074,1
P00012,P00083,1
P00012,P00085,1
P00015,P00063,1
P00015,P00074,1
P00069,P00102,1
P00074,P00102,1
P00015,P00085,1
P00015,P00087,1
P00063,P00083,1
P00063,P00085,1
P00074,P00083,1
P00074,P00085,1
P00001,P00110,1
P00097,P00150,1
P00105,P00150,1
P00061,P00096,1
P00063,P00096,1
P00050,P00131,1
P00005,P00067,1
P00026,P00079,1
P00001,P00171,1
P00069,P00079,1
P00115,P00167,1
P00030,P00112,1
P00016,P00094,1
P00020,P00094,1
P00022,P00094,1
P00026,P00094,1
P00075,P00096,1
P00078,P00097,1
P00078,P00101,1
P00078,P00102,1
P00078,P00103,1
P00089,P00097,1
P00089,P00101,1
P00089,P00102,1
P00030,P00075,1
P00081,P00118,1
P00001,P00173,1
P00001,P00177,1
P00173,P00177,1
P00071,P00092,1
P00071,P00096,1
P00071,P00099,1
P00059,P00075,1
P00065,P00079,1
P00066,P00079,1
P00068,P00079,1
P00005,P00137,1
P00007,P00067,1
P00008,P00067,1
P00004,P00067,1
P00015,P00113,1
P00027,P00030,1
P00004,P00153,1
P00006,P00153,1
P00043,P00131,1
P00004,P00071,1
P00004,P00137,1
P00071,P00137,1
P00081,P00109,1
P00081,P00172,1
P00109,P00172,1
P00031,P00056,1
P00075,P00122,1
P00075,P00127,1
P00075,P00133,1
P00007,P00108,1
P00121,P00150,1
P00124,P00150,1
P00126,P00150,1
P00135,P00150,1
P00012,P00153,1
P00078,P00109,1
P00078,P00172,1
P00080,P00109,1
