sessionId,exitEventType
SESS0000001,상품_상세조회
SESS0000002,상품_상세조회
SESS0000003,상품_상세조회
SESS0000004,결제페이지_진입
SESS0000005,찜하기
SESS0000006,상품_상세조회
SESS0000007,상품_상세조회
SESS0000008,상품_상세조회
SESS0000009,상품_상세조회
SESS0000010,상품_상세조회
SESS0000011,찜하기
SESS0000012,결제페이지_진입
SESS0000013,결제페이지_진입
SESS0000014,상품_상세조회
SESS0000015,카테고리_이동
SESS0000016,상품_상세조회
SESS0000017,상품_상세조회
SESS0000018,검색
SESS0000019,구매완료
SESS0000020,상품_상세조회
SESS0000021,찜하기
SESS0000022,찜하기
SESS0000023,구매완료
SESS0000024,상품_상세조회
SESS0000025,구매완료
SESS0000026,상품_상세조회
SESS0000027,검색
SESS0000028,구매완료
SESS0000029,결제페이지_진입
SESS0000030,상품_상세조회
SESS0000031,찜하기
SESS0000032,찜하기
SESS0000033,상품_상세조회
SESS0000034,상품_상세조회
SESS0000035,구매완료
SESS0000036,상품_상세조회
SESS0000037,상품_상세조회
SESS0000038,구매완료
SESS0000039,구매완료
SESS0000040,상품_상세조회
SESS0000041,구매완료
SESS0000042,구매완료
SESS0000043,상품_상세조회
SESS0000044,상품_상세조회
SESS0000045,결제페이지_진입
SESS0000046,찜하기
SESS0000047,카테고리_이동
SESS0000048,카테고리_이동
SESS0000049,구매완료
SESS0000050,상품_상세조회
SESS0000051,상품_상세조회
SESS0000052,상품_상세조회
SESS0000053,상품_상세조회
SESS0000054,찜하기
SESS0000055,검색
SESS0000056,구매완료
SESS0000057,카테고리_이동
SESS0000058,검색
SESS0000059,상품_상세조회
SESS0000060,구매완료
SESS0000061,구매완료
SESS0000062,찜하기
SESS0000063,카테고리_이동
SESS0000064,검색
SESS0000065,카테고리_이동
SESS0000066,카테고리_이동
SESS0000067,상품_상세조회
SESS0000068,상품_상세조회
SESS0000069,상품_상세조회
SESS0000070,상품_상세조회
SESS0000071,상품_상세조회
SESS0000072,구매완료
SESS0000073,구매완료
SESS0000074,구매완료
SESS0000075,결제페이지_진입
SESS0000076,상품_상세조회
SESS0000077,상품_상세조회
SESS0000078,상품_상세조회
SESS0000079,구매완료
SESS0000080,검색
SESS0000081,카테고리_이동
SESS0000082,상품_상세조회
SESS0000083,상품_상세조회
SESS0000084,상품_상세조회
SESS0000085,상품_상세조회
SESS0000086,찜하기
SESS0000087,구매완료
SESS0000088,구매완료
SESS0000089,상품_상세조회
SESS0000090,상품_상세조회
SESS0000091,상품_상세조회
SESS0000092,결제페이지_진입
SESS0000093,구매완료
SESS0000094,상품_상세조회
SESS0000095,검색
SESS0000096,구매완료
SESS0000097,상품_상세조회
SESS0000098,장바구니_이탈
SESS0000099,검색
SESS0000100,상품_상세조회
SESS0000101,구매완료
SESS0000102,검색
SESS0000103,구매완료
SESS0000104,상품_상세조회
SESS0000105,장바구니_이탈
SESS0000106,카테고리_이동
SESS0000107,구매완료
SESS0000108,상품_상세조회
SESS0000109,결제페이지_진입
SESS0000110,상품_상세조회
SESS0000111,상품_상세조회
SESS0000112,검색
SESS0000113,상품_상세조회
SESS0000114,상품_상세조회
SESS0000115,상품_상세조회
SESS0000116,결제페이지_진입
SESS0000117,구매완료
SESS0000118,구매완료
SESS0000119,상품_상세조회
SESS0000120,상품_상세조회
SESS0000121,결제페이지_진입
SESS0000122,찜하기
SESS0000123,구매완료
SESS0000124,구매완료
SESS0000125,상품_상세조회
SESS0000126,카테고리_이동
SESS0000127,검색
SESS0000128,카테고리_이동
SESS0000129,구매완료
SESS0000130,상품_상세조회
SESS0000131,상품_상세조회
SESS0000132,구매완료
SESS0000133,찜하기
SESS0000134,카테고리_이동
SESS0000135,상품_상세조회
SESS0000136,상품_상세조회
SESS0000137,상품_상세조회
SESS0000138,상품_상세조회
SESS0000139,검색
SESS0000140,검색
SESS0000141,찜하기
SESS0000142,상품_상세조회
SESS0000143,구매완료
SESS0000144,상품_상세조회
SESS0000145,상품_상세조회
SESS0000146,검색
SESS0000147,상품_상세조회
SESS0000148,상품_상세조회
SESS0000149,상품_상세조회
SESS0000150,카테고리_이동
SESS0000151,상품_상세조회
SESS0000152,상품_상세조회
SESS0000153,상품_상세조회
SESS0000154,상품_상세조회
SESS0000155,상품_상세조회
SESS0000156,장바구니_이탈
SESS0000157,상품_상세조회
SESS0000158,검색
SESS0000159,카테고리_이동
SESS0000160,상품_상세조회
SESS0000161,찜하기
SESS0000162,구매완료
SESS0000163,상품_상세조회
SESS0000164,상품_상세조회
SESS0000165,구매완료
SESS0000166,상품_상세조회
SESS0000167,상품_상세조회
SESS0000168,장바구니_이탈
SESS0000169,상품_상세조회
SESS0000170,상품_상세조회
SESS0000171,상품_상세조회
SESS0000172,검색
SESS0000173,검색
SESS0000174,검색
SESS0000175,구매완료
SESS0000176,상품_상세조회
SESS0000177,카테고리_이동
SESS0000178,상품_상세조회
SESS0000179,상품_상세조회
SESS0000180,상품_상세조회
SESS0000181,찜하기
SESS0000182,카테고리_이동
SESS0000183,상품_상세조회
SESS0000184,결제페이지_진입
SESS0000185,구매완료
SESS0000186,장바구니_이탈
SESS0000187,상품_상세조회
SESS0000188,상품_상세조회
SESS0000189,상품_상세조회
SESS0000190,상품_상세조회
SESS0000191,상품_상세조회
SESS0000192,찜하기
SESS0000193,찜하기
SESS0000194,결제페이지_진입
SESS0000195,상품_상세조회
SESS0000196,결제페이지_진입
SESS0000197,카테고리_이동
SESS0000198,상품_상세조회
SESS0000199,상품_상세조회
SESS0000200,상품_상세조회
SESS0000201,상품_상세조회
SESS0000202,상품_상세조회
SESS0000203,상품_상세조회
SESS0000204,상품_상세조회
SESS0000205,상품_상세조회
SESS0000206,상품_상세조회
SESS0000207,결제페이지_진입
SESS0000208,카테고리_이동
SESS0000209,구매완료
SESS0000210,상품_상세조회
SESS0000211,구매완료
SESS0000212,카테고리_이동
SESS0000213,구매완료
SESS0000214,상품_상세조회
SESS0000215,상품_상세조회
SESS0000216,찜하기
SESS0000217,찜하기
SESS0000218,상품_상세조회
SESS0000219,장바구니_이탈
SESS0000220,찜하기
SESS0000221,결제페이지_진입
SESS0000222,카테고리_이동
SESS0000223,구매완료
SESS0000224,카테고리_이동
SESS0000225,결제페이지_진입
SESS0000226,찜하기
SESS0000227,카테고리_이동
SESS0000228,상품_상세조회
SESS0000229,구매완료
SESS0000230,상품_상세조회
SESS0000231,구매완료
SESS0000232,상품_상세조회
SESS0000233,구매완료
SESS0000234,상품_상세조회
SESS0000235,상품_상세조회
SESS0000236,구매완료
SESS0000237,상품_상세조회
SESS0000238,상품_상세조회
SESS0000239,장바구니_이탈
SESS0000240,상품_상세조회
SESS0000241,상품_상세조회
SESS0000242,상품_상세조회
SESS0000243,장바구니_이탈
SESS0000244,상품_상세조회
SESS0000245,장바구니_이탈
SESS0000246,상품_상세조회
SESS0000247,상품_상세조회
SESS0000248,카테고리_이동
SESS0000249,구매완료
SESS0000250,상품_상세조회
SESS0000251,카테고리_이동
SESS0000252,구매완료
SESS0000253,구매완료
SESS0000254,구매완료
SESS0000255,구매완료
SESS0000256,상품_상세조회
SESS0000257,상품_상세조회
SESS0000258,상품_상세조회
SESS0000259,구매완료
SESS0000260,상품_상세조회
SESS0000261,상품_상세조회
SESS0000262,구매완료
SESS0000263,상품_상세조회
SESS0000264,검색
SESS0000265,결제페이지_진입
SESS0000266,상품_상세조회
SESS0000267,카테고리_이동
SESS0000268,상품_상세조회
SESS0000269,상품_상세조회
SESS0000270,결제페이지_진입
SESS0000271,상품_상세조회
SESS0000272,장바구니_이탈
SESS0000273,상품_상세조회
SESS0000274,상품_상세조회
SESS0000275,상품_상세조회
SESS0000276,상품_상세조회
SESS0000277,카테고리_이동
SESS0000278,상품_상세조회
SESS0000279,상품_상세조회
SESS0000280,찜하기
SESS0000281,상품_상세조회
SESS0000282,구매완료
SESS0000283,구매완료
SESS0000284,카테고리_이동
SESS0000285,상품_상세조회
SESS0000286,카테고리_이동
SESS0000287,구매완료
SESS0000288,결제페이지_진입
SESS0000289,카테고리_이동
SESS0000290,찜하기
SESS0000291,검색
SESS0000292,구매완료
SESS0000293,상품_상세조회
SESS0000294,상품_상세조회
SESS0000295,상품_상세조회
SESS0000296,찜하기
SESS0000297,구매완료
SESS0000298,장바구니_이탈
SESS0000299,찜하기
SESS0000300,구매완료
SESS0000301,카테고리_이동
SESS0000302,상품_상세조회
SESS0000303,상품_상세조회
SESS0000304,상품_상세조회
SESS0000305,카테고리_이동
SESS0000306,상품_상세조회
SESS0000307,구매완료
SESS0000308,상품_상세조회
SESS0000309,검색
SESS0000310,찜하기
SESS0000311,상품_상세조회
SESS0000312,구매완료
SESS0000313,구매완료
SESS0000314,카테고리_이동
SESS0000315,카테고리_이동
SESS0000316,카테고리_이동
SESS0000317,구매완료
SESS0000318,검색
SESS0000319,상품_상세조회
SESS0000320,구매완료
SESS0000321,검색
SESS0000322,구매완료
SESS0000323,상품_상세조회
SESS0000324,검색
SESS0000325,상품_상세조회
SESS0000326,찜하기
SESS0000327,구매완료
SESS0000328,찜하기
SESS0000329,상품_상세조회
SESS0000330,상품_상세조회
SESS0000331,구매완료
SESS0000332,상품_상세조회
SESS0000333,결제페이지_진입
SESS0000334,구매완료
SESS0000335,상품_상세조회
SESS0000336,결제페이지_진입
SESS0000337,찜하기
SESS0000338,상품_상세조회
SESS0000339,상품_상세조회
SESS0000340,상품_상세조회
SESS0000341,상품_상세조회
SESS0000342,상품_상세조회
SESS0000343,상품_상세조회
SESS0000344,카테고리_이동
SESS0000345,상품_상세조회
SESS0000346,상품_상세조회
SESS0000347,상품_상세조회
SESS0000348,상품_상세조회
SESS0000349,카테고리_이동
SESS0000350,상품_상세조회
SESS0000351,상품_상세조회
SESS0000352,찜하기
SESS0000353,상품_상세조회
SESS0000354,검색
SESS0000355,찜하기
SESS0000356,찜하기
SESS0000357,상품_상세조회
SESS0000358,장바구니_이탈
SESS0000359,상품_상세조회
SESS0000360,구매완료
SESS0000361,구매완료
SESS0000362,상품_상세조회
SESS0000363,구매완료
SESS0000364,상품_상세조회
SESS0000365,검색
SESS0000366,구매완료
SESS0000367,결제페이지_진입
SESS0000368,상품_상세조회
SESS0000369,구매완료
SESS0000370,카테고리_이동
SESS0000371,상품_상세조회
SESS0000372,찜하기
SESS0000373,구매완료
SESS0000374,상품_상세조회
SESS0000375,찜하기
SESS0000376,상품_상세조회
SESS0000377,상품_상세조회
SESS0000378,상품_상세조회
SESS0000379,카테고리_이동
SESS0000380,결제페이지_진입
SESS0000381,검색
SESS0000382,구매완료
SESS0000383,상품_상세조회
SESS0000384,상품_상세조회
SESS0000385,찜하기
SESS0000386,상품_상세조회
SESS0000387,검색
SESS0000388,검색
SESS0000389,상품_상세조회
SESS0000390,상품_상세조회
SESS0000391,상품_상세조회
SESS0000392,구매완료
SESS0000393,구매완료
SESS0000394,검색
SESS0000395,카테고리_이동
SESS0000396,구매완료
SESS0000397,상품_상세조회
SESS0000398,결제페이지_진입
SESS0000399,구매완료
SESS0000400,상품_상세조회
SESS0000401,상품_상세조회
SESS0000402,구매완료
SESS0000403,상품_상세조회
SESS0000404,구매완료
SESS0000405,검색
SESS0000406,상품_상세조회
SESS0000407,상품_상세조회
SESS0000408,구매완료
SESS0000409,구매완료
SESS0000410,구매완료
SESS0000411,상품_상세조회
SESS0000412,결제페이지_진입
SESS0000413,찜하기
SESS0000414,카테고리_이동
SESS0000415,장바구니_이탈
SESS0000416,찜하기
SESS0000417,결제페이지_진입
SESS0000418,상품_상세조회
SESS0000419,구매완료
SESS0000420,상품_상세조회
SESS0000421,구매완료
SESS0000422,상품_상세조회
SESS0000423,검색
SESS0000424,상품_상세조회
SESS0000425,결제페이지_진입
SESS0000426,상품_상세조회
SESS0000427,카테고리_이동
SESS0000428,찜하기
SESS0000429,구매완료
SESS0000430,상품_상세조회
SESS0000431,구매완료
SESS0000432,결제페이지_진입
SESS0000433,구매완료
SESS0000434,상품_상세조회
SESS0000435,상품_상세조회
SESS0000436,상품_상세조회
SESS0000437,검색
SESS0000438,상품_상세조회
SESS0000439,상품_상세조회
SESS0000440,카테고리_이동
SESS0000441,상품_상세조회
SESS0000442,카테고리_이동
SESS0000443,결제페이지_진입
SESS0000444,상품_상세조회
SESS0000445,검색
SESS0000446,검색
SESS0000447,상품_상세조회
SESS0000448,상품_상세조회
SESS0000449,결제페이지_진입
SESS0000450,구매완료
SESS0000451,검색
SESS0000452,상품_상세조회
SESS0000453,상품_상세조회
SESS0000454,상품_상세조회
SESS0000455,찜하기
SESS0000456,카테고리_이동
SESS0000457,상품_상세조회
SESS0000458,장바구니_이탈
SESS0000459,상품_상세조회
SESS0000460,상품_상세조회
SESS0000461,구매완료
SESS0000462,카테고리_이동
SESS0000463,검색
SESS0000464,장바구니_이탈
SESS0000465,상품_상세조회
SESS0000466,상품_상세조회
SESS0000467,검색
SESS0000468,장바구니_이탈
SESS0000469,상품_상세조회
SESS0000470,카테고리_이동
SESS0000471,결제페이지_진입
SESS0000472,카테고리_이동
SESS0000473,상품_상세조회
SESS0000474,카테고리_이동
SESS0000475,검색
SESS0000476,상품_상세조회
SESS0000477,카테고리_이동
SESS0000478,상품_상세조회
SESS0000479,상품_상세조회
SESS0000480,찜하기
SESS0000481,상품_상세조회
SESS0000482,상품_상세조회
SESS0000483,상품_상세조회
SESS0000484,결제페이지_진입
SESS0000485,찜하기
SESS0000486,구매완료
SESS0000487,검색
SESS0000488,상품_상세조회
SESS0000489,상품_상세조회
SESS0000490,상품_상세조회
SESS0000491,상품_상세조회
SESS0000492,장바구니_이탈
SESS0000493,상품_상세조회
SESS0000494,구매완료
SESS0000495,검색
SESS0000496,상품_상세조회
SESS0000497,장바구니_이탈
SESS0000498,찜하기
SESS0000499,장바구니_이탈
SESS0000500,상품_상세조회
SESS0000501,검색
SESS0000502,구매완료
SESS0000503,상품_상세조회
SESS0000504,상품_상세조회
SESS0000505,상품_상세조회
SESS0000506,구매완료
SESS0000507,검색
SESS0000508,구매완료
SESS0000509,상품_상세조회
SESS0000510,결제페이지_진입
SESS0000511,상품_상세조회
SESS0000512,상품_상세조회
SESS0000513,상품_상세조회
SESS0000514,상품_상세조회
SESS0000515,구매완료
SESS0000516,장바구니_이탈
SESS0000517,상품_상세조회
SESS0000518,상품_상세조회
SESS0000519,찜하기
SESS0000520,상품_상세조회
SESS0000521,상품_상세조회
SESS0000522,카테고리_이동
SESS0000523,상품_상세조회
SESS0000524,찜하기
SESS0000525,상품_상세조회
SESS0000526,상품_상세조회
SESS0000527,상품_상세조회
SESS0000528,구매완료
SESS0000529,구매완료
SESS0000530,구매완료
SESS0000531,상품_상세조회
SESS0000532,상품_상세조회
SESS0000533,상품_상세조회
SESS0000534,상품_상세조회
SESS0000535,상품_상세조회
SESS0000536,상품_상세조회
SESS0000537,장바구니_이탈
SESS0000538,상품_상세조회
SESS0000539,카테고리_이동
SESS0000540,상품_상세조회
SESS0000541,구매완료
SESS0000542,검색
SESS0000543,결제페이지_진입
SESS0000544,상품_상세조회
SESS0000545,상품_상세조회
SESS0000546,구매완료
SESS0000547,상품_상세조회
SESS0000548,검색
SESS0000549,상품_상세조회
SESS0000550,상품_상세조회
SESS0000551,상품_상세조회
SESS0000552,구매완료
SESS0000553,상품_상세조회
SESS0000554,결제페이지_진입
SESS0000555,찜하기
SESS0000556,검색
SESS0000557,상품_상세조회
SESS0000558,상품_상세조회
SESS0000559,검색
SESS0000560,상품_상세조회
SESS0000561,검색
SESS0000562,검색
SESS0000563,상품_상세조회
SESS0000564,카테고리_이동
SESS0000565,상품_상세조회
SESS0000566,카테고리_이동
SESS0000567,결제페이지_진입
SESS0000568,상품_상세조회
SESS0000569,상품_상세조회
SESS0000570,상품_상세조회
SESS0000571,검색
SESS0000572,카테고리_이동
SESS0000573,상품_상세조회
SESS0000574,상품_상세조회
SESS0000575,상품_상세조회
SESS0000576,상품_상세조회
SESS0000577,상품_상세조회
SESS0000578,찜하기
SESS0000579,구매완료
SESS0000580,찜하기
SESS0000581,상품_상세조회
SESS0000582,결제페이지_진입
SESS0000583,카테고리_이동
SESS0000584,상품_상세조회
SESS0000585,상품_상세조회
SESS0000586,구매완료
SESS0000587,상품_상세조회
SESS0000588,결제페이지_진입
SESS0000589,구매완료
SESS0000590,구매완료
SESS0000591,구매완료
SESS0000592,상품_상세조회
SESS0000593,찜하기
SESS0000594,구매완료
SESS0000595,상품_상세조회
SESS0000596,구매완료
SESS0000597,카테고리_이동
SESS0000598,상품_상세조회
SESS0000599,장바구니_이탈
SESS0000600,상품_상세조회
SESS0000601,구매완료
SESS0000602,검색
SESS0000603,상품_상세조회
SESS0000604,상품_상세조회
SESS0000605,상품_상세조회
SESS0000606,상품_상세조회
SESS0000607,상품_상세조회
SESS0000608,상품_상세조회
SESS0000609,결제페이지_진입
SESS0000610,카테고리_이동
SESS0000611,상품_상세조회
SESS0000612,상품_상세조회
SESS0000613,상품_상세조회
SESS0000614,찜하기
SESS0000615,상품_상세조회
SESS0000616,결제페이지_진입
SESS0000617,상품_상세조회
SESS0000618,구매완료
SESS0000619,구매완료
SESS0000620,상품_상세조회
SESS0000621,결제페이지_진입
SESS0000622,카테고리_이동
SESS0000623,구매완료
SESS0000624,구매완료
SESS0000625,상품_상세조회
SESS0000626,상품_상세조회
SESS0000627,상품_상세조회
SESS0000628,상품_상세조회
SESS0000629,찜하기
SESS0000630,장바구니_이탈
SESS0000631,검색
SESS0000632,카테고리_이동
SESS0000633,상품_상세조회
SESS0000634,상품_상세조회
SESS0000635,상품_상세조회
SESS0000636,상품_상세조회
SESS0000637,찜하기
SESS0000638,찜하기
SESS0000639,구매완료
SESS0000640,찜하기
SESS0000641,상품_상세조회
SESS0000642,카테고리_이동
SESS0000643,상품_상세조회
SESS0000644,상품_상세조회
SESS0000645,찜하기
SESS0000646,상품_상세조회
SESS0000647,상품_상세조회
SESS0000648,검색
SESS0000649,카테고리_이동
SESS0000650,검색
SESS0000651,상품_상세조회
SESS0000652,카테고리_이동
SESS0000653,장바구니_이탈
SESS0000654,찜하기
SESS0000655,상품_상세조회
SESS0000656,카테고리_이동
SESS0000657,검색
SESS0000658,상품_상세조회
SESS0000659,상품_상세조회
SESS0000660,상품_상세조회
SESS0000661,상품_상세조회
SESS0000662,찜하기
SESS0000663,구매완료
SESS0000664,결제페이지_진입
SESS0000665,구매완료
SESS0000666,상품_상세조회
SESS0000667,구매완료
SESS0000668,카테고리_이동
SESS0000669,상품_상세조회
SESS0000670,상품_상세조회
SESS0000671,구매완료
SESS0000672,상품_상세조회
SESS0000673,검색
SESS0000674,찜하기
SESS0000675,구매완료
SESS0000676,구매완료
SESS0000677,상품_상세조회
SESS0000678,상품_상세조회
SESS0000679,찜하기
SESS0000680,상품_상세조회
SESS0000681,상품_상세조회
SESS0000682,상품_상세조회
SESS0000683,결제페이지_진입
SESS0000684,검색
SESS0000685,상품_상세조회
SESS0000686,상품_상세조회
SESS0000687,상품_상세조회
SESS0000688,구매완료
SESS0000689,상품_상세조회
SESS0000690,상품_상세조회
SESS0000691,구매완료
SESS0000692,검색
SESS0000693,구매완료
SESS0000694,장바구니_이탈
SESS0000695,구매완료
SESS0000696,구매완료
SESS0000697,상품_상세조회
SESS0000698,구매완료
SESS0000699,구매완료
SESS0000700,상품_상세조회
SESS0000701,상품_상세조회
SESS0000702,상품_상세조회
SESS0000703,검색
SESS0000704,상품_상세조회
SESS0000705,결제페이지_진입
SESS0000706,구매완료
SESS0000707,상품_상세조회
SESS0000708,상품_상세조회
SESS0000709,구매완료
SESS0000710,상품_상세조회
SESS0000711,상품_상세조회
SESS0000712,상품_상세조회
SESS0000713,구매완료
SESS0000714,상품_상세조회
SESS0000715,구매완료
SESS0000716,상품_상세조회
SESS0000717,찜하기
SESS0000718,상품_상세조회
SESS0000719,상품_상세조회
SESS0000720,구매완료
SESS0000721,구매완료
SESS0000722,카테고리_이동
SESS0000723,상품_상세조회
SESS0000724,찜하기
SESS0000725,상품_상세조회
SESS0000726,구매완료
SESS0000727,상품_상세조회
SESS0000728,상품_상세조회
SESS0000729,결제페이지_진입
SESS0000730,상품_상세조회
SESS0000731,찜하기
SESS0000732,상품_상세조회
SESS0000733,장바구니_이탈
SESS0000734,상품_상세조회
SESS0000735,카테고리_이동
SESS0000736,상품_상세조회
SESS0000737,상품_상세조회
SESS0000738,구매완료
SESS0000739,구매완료
SESS0000740,장바구니_이탈
SESS0000741,구매완료
SESS0000742,구매완료
SESS0000743,상품_상세조회
SESS0000744,결제페이지_진입
SESS0000745,찜하기
SESS0000746,상품_상세조회
SESS0000747,상품_상세조회
SESS0000748,상품_상세조회
SESS0000749,상품_상세조회
SESS0000750,검색
SESS0000751,상품_상세조회
SESS0000752,상품_상세조회
SESS0000753,카테고리_이동
SESS0000754,찜하기
SESS0000755,구매완료
SESS0000756,카테고리_이동
SESS0000757,구매완료
SESS0000758,구매완료
SESS0000759,상품_상세조회
SESS0000760,상품_상세조회
SESS0000761,상품_상세조회
SESS0000762,구매완료
SESS0000763,결제페이지_진입
SESS0000764,장바구니_이탈
SESS0000765,상품_상세조회
SESS0000766,구매완료
SESS0000767,카테고리_이동
SESS0000768,상품_상세조회
SESS0000769,카테고리_이동
SESS0000770,상품_상세조회
SESS0000771,상품_상세조회
SESS0000772,장바구니_이탈
SESS0000773,상품_상세조회
SESS0000774,상품_상세조회
SESS0000775,상품_상세조회
SESS0000776,구매완료
SESS0000777,상품_상세조회
SESS0000778,상품_상세조회
SESS0000779,상품_상세조회
SESS0000780,구매완료
SESS0000781,상품_상세조회
SESS0000782,찜하기
SESS0000783,상품_상세조회
SESS0000784,구매완료
SESS0000785,상품_상세조회
SESS0000786,상품_상세조회
SESS0000787,상품_상세조회
SESS0000788,상품_상세조회
SESS0000789,찜하기
SESS0000790,결제페이지_진입
SESS0000791,상품_상세조회
SESS0000792,결제페이지_진입
SESS0000793,구매완료
SESS0000794,카테고리_이동
SESS0000795,상품_상세조회
SESS0000796,상품_상세조회
SESS0000797,구매완료
SESS0000798,구매완료
SESS0000799,결제페이지_진입
SESS0000800,구매완료
SESS0000801,상품_상세조회
SESS0000802,상품_상세조회
SESS0000803,상품_상세조회
SESS0000804,상품_상세조회
SESS0000805,결제페이지_진입
SESS0000806,결제페이지_진입
SESS0000807,상품_상세조회
SESS0000808,상품_상세조회
SESS0000809,상품_상세조회
SESS0000810,상품_상세조회
SESS0000811,구매완료
SESS0000812,검색
SESS0000813,상품_상세조회
SESS0000814,구매완료
SESS0000815,상품_상세조회
SESS0000816,구매완료
SESS0000817,상품_상세조회
SESS0000818,상품_상세조회
SESS0000819,상품_상세조회
SESS0000820,상품_상세조회
SESS0000821,검색
SESS0000822,찜하기
SESS0000823,상품_상세조회
SESS0000824,상품_상세조회
SESS0000825,상품_상세조회
SESS0000826,상품_상세조회
SESS0000827,검색
SESS0000828,상품_상세조회
SESS0000829,카테고리_이동
SESS0000830,구매완료
SESS0000831,구매완료
SESS0000832,상품_상세조회
SESS0000833,결제페이지_진입
SESS0000834,구매완료
SESS0000835,카테고리_이동
SESS0000836,찜하기
SESS0000837,검색
SESS0000838,상품_상세조회
SESS0000839,찜하기
SESS0000840,상품_상세조회
SESS0000841,상품_상세조회
SESS0000842,상품_상세조회
SESS0000843,상품_상세조회
SESS0000844,구매완료
SESS0000845,상품_상세조회
SESS0000846,구매완료
SESS0000847,상품_상세조회
SESS0000848,상품_상세조회
SESS0000849,상품_상세조회
SESS0000850,결제페이지_진입
SESS0000851,상품_상세조회
SESS0000852,상품_상세조회
SESS0000853,구매완료
SESS0000854,검색
SESS0000855,상품_상세조회
SESS0000856,상품_상세조회
SESS0000857,찜하기
SESS0000858,장바구니_이탈
SESS0000859,상품_상세조회
SESS0000860,구매완료
SESS0000861,찜하기
SESS0000862,구매완료
SESS0000863,상품_상세조회
SESS0000864,구매완료
SESS0000865,카테고리_이동
SESS0000866,구매완료
SESS0000867,구매완료
SESS0000868,구매완료
SESS0000869,상품_상세조회
SESS0000870,결제페이지_진입
SESS0000871,상품_상세조회
SESS0000872,상품_상세조회
SESS0000873,검색
SESS0000874,구매완료
SESS0000875,상품_상세조회
SESS0000876,구매완료
SESS0000877,상품_상세조회
SESS0000878,상품_상세조회
SESS0000879,상품_상세조회
SESS0000880,상품_상세조회
SESS0000881,장바구니_이탈
SESS0000882,카테고리_이동
SESS0000883,구매완료
SESS0000884,상품_상세조회
SESS0000885,상품_상세조회
SESS0000886,찜하기
SESS0000887,상품_상세조회
SESS0000888,결제페이지_진입
SESS0000889,검색
SESS0000890,찜하기
SESS0000891,상품_상세조회
SESS0000892,장바구니_이탈
SESS0000893,상품_상세조회
SESS0000894,구매완료
SESS0000895,상품_상세조회
SESS0000896,검색
SESS0000897,검색
SESS0000898,찜하기
SESS0000899,상품_상세조회
SESS0000900,상품_상세조회
SESS0000901,상품_상세조회
SESS0000902,구매완료
SESS0000903,상품_상세조회
SESS0000904,상품_상세조회
SESS0000905,구매완료
SESS0000906,상품_상세조회
SESS0000907,검색
SESS0000908,상품_상세조회
SESS0000909,검색
SESS0000910,구매완료
SESS0000911,장바구니_이탈
SESS0000912,찜하기
SESS0000913,상품_상세조회
SESS0000914,카테고리_이동
SESS0000915,상품_상세조회
SESS0000916,구매완료
SESS0000917,상품_상세조회
SESS0000918,찜하기
SESS0000919,상품_상세조회
SESS0000920,장바구니_이탈
SESS0000921,구매완료
SESS0000922,상품_상세조회
SESS0000923,상품_상세조회
SESS0000924,상품_상세조회
SESS0000925,상품_상세조회
SESS0000926,상품_상세조회
SESS0000927,장바구니_이탈
SESS0000928,찜하기
SESS0000929,상품_상세조회
SESS0000930,상품_상세조회
SESS0000931,카테고리_이동
SESS0000932,결제페이지_진입
SESS0000933,상품_상세조회
SESS0000934,구매완료
SESS0000935,구매완료
SESS0000936,카테고리_이동
SESS0000937,장바구니_이탈
SESS0000938,찜하기
SESS0000939,카테고리_이동
SESS0000940,결제페이지_진입
SESS0000941,상품_상세조회
SESS0000942,상품_상세조회
SESS0000943,상품_상세조회
SESS0000944,찜하기
SESS0000945,상품_상세조회
SESS0000946,상품_상세조회
SESS0000947,상품_상세조회
SESS0000948,상품_상세조회
SESS0000949,구매완료
SESS0000950,상품_상세조회
SESS0000951,상품_상세조회
SESS0000952,카테고리_이동
SESS0000953,상품_상세조회
SESS0000954,구매완료
SESS0000955,검색
SESS0000956,결제페이지_진입
SESS0000957,상품_상세조회
SESS0000958,상품_상세조회
SESS0000959,구매완료
SESS0000960,상품_상세조회
SESS0000961,카테고리_이동
SESS0000962,찜하기
SESS0000963,장바구니_이탈
SESS0000964,카테고리_이동
SESS0000965,상품_상세조회
SESS0000966,찜하기
SESS0000967,상품_상세조회
SESS0000968,상품_상세조회
SESS0000969,결제페이지_진입
SESS0000970,찜하기
SESS0000971,찜하기
SESS0000972,상품_상세조회
SESS0000973,상품_상세조회
SESS0000974,상품_상세조회
SESS0000975,상품_상세조회
SESS0000976,상품_상세조회
SESS0000977,검색
SESS0000978,상품_상세조회
SESS0000979,결제페이지_진입
SESS0000980,찜하기
SESS0000981,상품_상세조회
SESS0000982,상품_상세조회
SESS0000983,카테고리_이동
SESS0000984,상품_상세조회
SESS0000985,상품_상세조회
SESS0000986,구매완료
SESS0000987,상품_상세조회
SESS0000988,카테고리_이동
SESS0000989,상품_상세조회
SESS0000990,결제페이지_진입
SESS0000991,구매완료
SESS0000992,구매완료
SESS0000993,결제페이지_진입
SESS0000994,상품_상세조회
SESS0000995,상품_상세조회
SESS0000996,구매완료
SESS0000997,구매완료
SESS0000998,상품_상세조회
SESS0000999,상품_상세조회
SESS0001000,구매완료
SESS0001001,상품_상세조회
SESS0001002,카테고리_이동
SESS0001003,카테고리_이동
SESS0001004,찜하기
SESS0001005,상품_상세조회
SESS0001006,카테고리_이동
SESS0001007,결제페이지_진입
SESS0001008,구매완료
SESS0001009,장바구니_이탈
SESS0001010,상품_상세조회
SESS0001011,상품_상세조회
SESS0001012,카테고리_이동
SESS0001013,찜하기
SESS0001014,구매완료
SESS0001015,결제페이지_진입
SESS0001016,상품_상세조회
SESS0001017,카테고리_이동
SESS0001018,결제페이지_진입
SESS0001019,상품_상세조회
SESS0001020,구매완료
SESS0001021,상품_상세조회
SESS0001022,상품_상세조회
SESS0001023,결제페이지_진입
SESS0001024,카테고리_이동
SESS0001025,상품_상세조회
SESS0001026,카테고리_이동
SESS0001027,상품_상세조회
SESS0001028,상품_상세조회
SESS0001029,상품_상세조회
SESS0001030,찜하기
SESS0001031,카테고리_이동
SESS0001032,구매완료
SESS0001033,카테고리_이동
SESS0001034,상품_상세조회
SESS0001035,상품_상세조회
SESS0001036,상품_상세조회
SESS0001037,찜하기
SESS0001038,상품_상세조회
SESS0001039,카테고리_이동
SESS0001040,상품_상세조회
SESS0001041,결제페이지_진입
SESS0001042,구매완료
SESS0001043,카테고리_이동
SESS0001044,상품_상세조회
SESS0001045,구매완료
SESS0001046,결제페이지_진입
SESS0001047,상품_상세조회
SESS0001048,상품_상세조회
SESS0001049,구매완료
SESS0001050,상품_상세조회
SESS0001051,상품_상세조회
SESS0001052,상품_상세조회
SESS0001053,검색
SESS0001054,상품_상세조회
SESS0001055,상품_상세조회
SESS0001056,상품_상세조회
SESS0001057,상품_상세조회
SESS0001058,상품_상세조회
SESS0001059,검색
SESS0001060,상품_상세조회
SESS0001061,결제페이지_진입
SESS0001062,찜하기
SESS0001063,구매완료
SESS0001064,상품_상세조회
SESS0001065,상품_상세조회
SESS0001066,상품_상세조회
SESS0001067,찜하기
SESS0001068,장바구니_이탈
SESS0001069,장바구니_이탈
SESS0001070,찜하기
SESS0001071,찜하기
SESS0001072,상품_상세조회
SESS0001073,상품_상세조회
SESS0001074,상품_상세조회
SESS0001075,장바구니_이탈
SESS0001076,검색
SESS0001077,상품_상세조회
SESS0001078,상품_상세조회
SESS0001079,결제페이지_진입
SESS0001080,찜하기
SESS0001081,찜하기
SESS0001082,구매완료
SESS0001083,상품_상세조회
SESS0001084,결제페이지_진입
SESS0001085,장바구니_이탈
SESS0001086,상품_상세조회
SESS0001087,결제페이지_진입
SESS0001088,상품_상세조회
SESS0001089,구매완료
SESS0001090,상품_상세조회
SESS0001091,상품_상세조회
SESS0001092,상품_상세조회
SESS0001093,결제페이지_진입
SESS0001094,구매완료
SESS0001095,상품_상세조회
SESS0001096,상품_상세조회
SESS0001097,구매완료
SESS0001098,카테고리_이동
SESS0001099,검색
SESS0001100,상품_상세조회
SESS0001101,상품_상세조회
SESS0001102,카테고리_이동
SESS0001103,상품_상세조회
SESS0001104,상품_상세조회
SESS0001105,찜하기
SESS0001106,결제페이지_진입
SESS0001107,찜하기
SESS0001108,상품_상세조회
SESS0001109,구매완료
SESS0001110,구매완료
SESS0001111,찜하기
SESS0001112,결제페이지_진입
SESS0001113,상품_상세조회
SESS0001114,상품_상세조회
SESS0001115,찜하기
SESS0001116,검색
SESS0001117,검색
SESS0001118,구매완료
SESS0001119,상품_상세조회
SESS0001120,검색
SESS0001121,구매완료
SESS0001122,구매완료
SESS0001123,상품_상세조회
SESS0001124,찜하기
SESS0001125,찜하기
SESS0001126,찜하기
SESS0001127,상품_상세조회
SESS0001128,구매완료
SESS0001129,구매완료
SESS0001130,상품_상세조회
SESS0001131,검색
SESS0001132,결제페이지_진입
SESS0001133,상품_상세조회
SESS0001134,상품_상세조회
SESS0001135,상품_상세조회
SESS0001136,카테고리_이동
SESS0001137,카테고리_이동
SESS0001138,찜하기
SESS0001139,검색
SESS0001140,상품_상세조회
SESS0001141,구매완료
SESS0001142,상품_상세조회
SESS0001143,구매완료
SESS0001144,검색
SESS0001145,찜하기
SESS0001146,구매완료
SESS0001147,결제페이지_진입
SESS0001148,상품_상세조회
SESS0001149,상품_상세조회
SESS0001150,상품_상세조회
SESS0001151,상품_상세조회
SESS0001152,찜하기
SESS0001153,카테고리_이동
SESS0001154,상품_상세조회
SESS0001155,상품_상세조회
SESS0001156,상품_상세조회
SESS0001157,구매완료
SESS0001158,상품_상세조회
SESS0001159,찜하기
SESS0001160,상품_상세조회
SESS0001161,상품_상세조회
SESS0001162,구매완료
SESS0001163,구매완료
SESS0001164,찜하기
SESS0001165,결제페이지_진입
SESS0001166,상품_상세조회
SESS0001167,카테고리_이동
SESS0001168,구매완료
SESS0001169,구매완료
SESS0001170,구매완료
SESS0001171,상품_상세조회
SESS0001172,구매완료
SESS0001173,상품_상세조회
SESS0001174,상품_상세조회
SESS0001175,찜하기
SESS0001176,구매완료
SESS0001177,상품_상세조회
SESS0001178,찜하기
SESS0001179,결제페이지_진입
SESS0001180,상품_상세조회
SESS0001181,결제페이지_진입
SESS0001182,카테고리_이동
SESS0001183,카테고리_이동
SESS0001184,찜하기
SESS0001185,상품_상세조회
SESS0001186,찜하기
SESS0001187,상품_상세조회
SESS0001188,찜하기
SESS0001189,상품_상세조회
SESS0001190,구매완료
SESS0001191,구매완료
SESS0001192,상품_상세조회
SESS0001193,구매완료
SESS0001194,상품_상세조회
SESS0001195,상품_상세조회
SESS0001196,카테고리_이동
SESS0001197,상품_상세조회
SESS0001198,상품_상세조회
SESS0001199,상품_상세조회
SESS0001200,찜하기
SESS0001201,검색
SESS0001202,결제페이지_진입
SESS0001203,카테고리_이동
SESS0001204,상품_상세조회
SESS0001205,상품_상세조회
SESS0001206,상품_상세조회
SESS0001207,상품_상세조회
SESS0001208,구매완료
SESS0001209,상품_상세조회
SESS0001210,상품_상세조회
SESS0001211,카테고리_이동
SESS0001212,카테고리_이동
SESS0001213,찜하기
SESS0001214,구매완료
SESS0001215,카테고리_이동
SESS0001216,구매완료
SESS0001217,상품_상세조회
SESS0001218,상품_상세조회
SESS0001219,카테고리_이동
SESS0001220,상품_상세조회
SESS0001221,구매완료
SESS0001222,구매완료
SESS0001223,상품_상세조회
SESS0001224,찜하기
SESS0001225,찜하기
SESS0001226,구매완료
SESS0001227,검색
SESS0001228,상품_상세조회
SESS0001229,상품_상세조회
SESS0001230,결제페이지_진입
SESS0001231,상품_상세조회
SESS0001232,상품_상세조회
SESS0001233,결제페이지_진입
SESS0001234,상품_상세조회
SESS0001235,결제페이지_진입
SESS0001236,검색
SESS0001237,카테고리_이동
SESS0001238,상품_상세조회
SESS0001239,구매완료
SESS0001240,카테고리_이동
SESS0001241,상품_상세조회
SESS0001242,상품_상세조회
SESS0001243,카테고리_이동
SESS0001244,구매완료
SESS0001245,상품_상세조회
SESS0001246,찜하기
SESS0001247,상품_상세조회
SESS0001248,상품_상세조회
SESS0001249,상품_상세조회
SESS0001250,구매완료
SESS0001251,결제페이지_진입
SESS0001252,구매완료
SESS0001253,검색
SESS0001254,구매완료
SESS0001255,구매완료
SESS0001256,상품_상세조회
SESS0001257,상품_상세조회
SESS0001258,장바구니_이탈
SESS0001259,카테고리_이동
SESS0001260,카테고리_이동
SESS0001261,구매완료
SESS0001262,카테고리_이동
SESS0001263,검색
SESS0001264,결제페이지_진입
SESS0001265,결제페이지_진입
SESS0001266,구매완료
SESS0001267,찜하기
SESS0001268,상품_상세조회
SESS0001269,찜하기
SESS0001270,구매완료
SESS0001271,카테고리_이동
SESS0001272,구매완료
SESS0001273,상품_상세조회
SESS0001274,상품_상세조회
SESS0001275,구매완료
SESS0001276,구매완료
SESS0001277,상품_상세조회
SESS0001278,상품_상세조회
SESS0001279,장바구니_이탈
SESS0001280,카테고리_이동
SESS0001281,상품_상세조회
SESS0001282,상품_상세조회
SESS0001283,결제페이지_진입
SESS0001284,상품_상세조회
SESS0001285,카테고리_이동
SESS0001286,상품_상세조회
SESS0001287,구매완료
SESS0001288,카테고리_이동
SESS0001289,카테고리_이동
SESS0001290,상품_상세조회
SESS0001291,구매완료
SESS0001292,상품_상세조회
SESS0001293,검색
SESS0001294,상품_상세조회
SESS0001295,상품_상세조회
SESS0001296,상품_상세조회
SESS0001297,상품_상세조회
SESS0001298,상품_상세조회
SESS0001299,장바구니_이탈
SESS0001300,검색
SESS0001301,검색
SESS0001302,상품_상세조회
SESS0001303,상품_상세조회
SESS0001304,구매완료
SESS0001305,검색
SESS0001306,결제페이지_진입
SESS0001307,결제페이지_진입
SESS0001308,찜하기
SESS0001309,카테고리_이동
SESS0001310,구매완료
SESS0001311,카테고리_이동
SESS0001312,구매완료
SESS0001313,구매완료
SESS0001314,카테고리_이동
SESS0001315,구매완료
SESS0001316,구매완료
SESS0001317,상품_상세조회
SESS0001318,결제페이지_진입
SESS0001319,상품_상세조회
SESS0001320,카테고리_이동
SESS0001321,상품_상세조회
SESS0001322,상품_상세조회
SESS0001323,상품_상세조회
SESS0001324,검색
SESS0001325,카테고리_이동
SESS0001326,상품_상세조회
SESS0001327,상품_상세조회
SESS0001328,상품_상세조회
SESS0001329,상품_상세조회
SESS0001330,결제페이지_진입
SESS0001331,상품_상세조회
SESS0001332,카테고리_이동
SESS0001333,구매완료
SESS0001334,상품_상세조회
SESS0001335,찜하기
SESS0001336,구매완료
SESS0001337,장바구니_이탈
SESS0001338,구매완료
SESS0001339,구매완료
SESS0001340,상품_상세조회
SESS0001341,검색
SESS0001342,결제페이지_진입
SESS0001343,상품_상세조회
SESS0001344,상품_상세조회
SESS0001345,상품_상세조회
SESS0001346,찜하기
SESS0001347,구매완료
SESS0001348,구매완료
SESS0001349,상품_상세조회
SESS0001350,상품_상세조회
SESS0001351,구매완료
SESS0001352,상품_상세조회
SESS0001353,결제페이지_진입
SESS0001354,상품_상세조회
SESS0001355,찜하기
SESS0001356,상품_상세조회
SESS0001357,상품_상세조회
SESS0001358,결제페이지_진입
SESS0001359,검색
SESS0001360,찜하기
SESS0001361,검색
SESS0001362,상품_상세조회
SESS0001363,구매완료
SESS0001364,검색
SESS0001365,상품_상세조회
SESS0001366,검색
SESS0001367,구매완료
SESS0001368,결제페이지_진입
SESS0001369,카테고리_이동
SESS0001370,상품_상세조회
SESS0001371,상품_상세조회
SESS0001372,검색
SESS0001373,상품_상세조회
SESS0001374,상품_상세조회
SESS0001375,장바구니_이탈
SESS0001376,상품_상세조회
SESS0001377,상품_상세조회
SESS0001378,상품_상세조회
SESS0001379,상품_상세조회
SESS0001380,검색
SESS0001381,상품_상세조회
SESS0001382,구매완료
SESS0001383,상품_상세조회
SESS0001384,상품_상세조회
SESS0001385,카테고리_이동
SESS0001386,상품_상세조회
SESS0001387,상품_상세조회
SESS0001388,상품_상세조회
SESS0001389,상품_상세조회
SESS0001390,구매완료
SESS0001391,상품_상세조회
SESS0001392,구매완료
SESS0001393,상품_상세조회
SESS0001394,상품_상세조회
SESS0001395,상품_상세조회
SESS0001396,구매완료
SESS0001397,결제페이지_진입
SESS0001398,결제페이지_진입
SESS0001399,구매완료
SESS0001400,구매완료
SESS0001401,장바구니_이탈
SESS0001402,상품_상세조회
SESS0001403,카테고리_이동
SESS0001404,검색
SESS0001405,상품_상세조회
SESS0001406,상품_상세조회
SESS0001407,상품_상세조회
SESS0001408,구매완료
SESS0001409,찜하기
SESS0001410,상품_상세조회
SESS0001411,구매완료
SESS0001412,카테고리_이동
SESS0001413,상품_상세조회
SESS0001414,상품_상세조회
SESS0001415,상품_상세조회
SESS0001416,검색
SESS0001417,구매완료
SESS0001418,상품_상세조회
SESS0001419,찜하기
SESS0001420,상품_상세조회
SESS0001421,상품_상세조회
SESS0001422,검색
SESS0001423,상품_상세조회
SESS0001424,구매완료
SESS0001425,상품_상세조회
SESS0001426,상품_상세조회
SESS0001427,찜하기
SESS0001428,카테고리_이동
SESS0001429,상품_상세조회
SESS0001430,구매완료
SESS0001431,찜하기
SESS0001432,찜하기
SESS0001433,카테고리_이동
SESS0001434,상품_상세조회
SESS0001435,상품_상세조회
SESS0001436,구매완료
SESS0001437,상품_상세조회
SESS0001438,결제페이지_진입
SESS0001439,구매완료
SESS0001440,구매완료
SESS0001441,상품_상세조회
SESS0001442,장바구니_이탈
SESS0001443,카테고리_이동
SESS0001444,구매완료
SESS0001445,구매완료
SESS0001446,상품_상세조회
SESS0001447,상품_상세조회
SESS0001448,찜하기
SESS0001449,상품_상세조회
SESS0001450,상품_상세조회
SESS0001451,결제페이지_진입
SESS0001452,구매완료
SESS0001453,구매완료
SESS0001454,상품_상세조회
SESS0001455,구매완료
SESS0001456,결제페이지_진입
SESS0001457,상품_상세조회
SESS0001458,상품_상세조회
SESS0001459,상품_상세조회
SESS0001460,찜하기
SESS0001461,구매완료
SESS0001462,상품_상세조회
SESS0001463,상품_상세조회
SESS0001464,검색
SESS0001465,찜하기
SESS0001466,상품_상세조회
SESS0001467,찜하기
SESS0001468,상품_상세조회
SESS0001469,상품_상세조회
SESS0001470,카테고리_이동
SESS0001471,상품_상세조회
SESS0001472,상품_상세조회
SESS0001473,카테고리_이동
SESS0001474,구매완료
SESS0001475,찜하기
SESS0001476,상품_상세조회
SESS0001477,장바구니_이탈
SESS0001478,구매완료
SESS0001479,상품_상세조회
SESS0001480,상품_상세조회
SESS0001481,검색
SESS0001482,찜하기
SESS0001483,상품_상세조회
SESS0001484,상품_상세조회
SESS0001485,상품_상세조회
SESS0001486,구매완료
SESS0001487,상품_상세조회
SESS0001488,검색
SESS0001489,구매완료
SESS0001490,구매완료
SESS0001491,상품_상세조회
SESS0001492,구매완료
SESS0001493,상품_상세조회
SESS0001494,상품_상세조회
SESS0001495,카테고리_이동
SESS0001496,상품_상세조회
SESS0001497,찜하기
SESS0001498,상품_상세조회
SESS0001499,상품_상세조회
SESS0001500,구매완료
SESS0001501,상품_상세조회
SESS0001502,상품_상세조회
SESS0001503,장바구니_이탈
SESS0001504,상품_상세조회
SESS0001505,구매완료
SESS0001506,상품_상세조회
SESS0001507,상품_상세조회
SESS0001508,검색
SESS0001509,구매완료
SESS0001510,상품_상세조회
SESS0001511,구매완료
SESS0001512,구매완료
SESS0001513,구매완료
SESS0001514,구매완료
SESS0001515,상품_상세조회
SESS0001516,결제페이지_진입
SESS0001517,상품_상세조회
SESS0001518,구매완료
SESS0001519,상품_상세조회
SESS0001520,상품_상세조회
SESS0001521,상품_상세조회
SESS0001522,결제페이지_진입
SESS0001523,검색
SESS0001524,상품_상세조회
SESS0001525,상품_상세조회
SESS0001526,찜하기
SESS0001527,구매완료
SESS0001528,상품_상세조회
SESS0001529,상품_상세조회
SESS0001530,상품_상세조회
SESS0001531,카테고리_이동
SESS0001532,상품_상세조회
SESS0001533,상품_상세조회
SESS0001534,구매완료
SESS0001535,결제페이지_진입
SESS0001536,카테고리_이동
SESS0001537,구매완료
SESS0001538,구매완료
SESS0001539,찜하기
SESS0001540,찜하기
SESS0001541,상품_상세조회
SESS0001542,상품_상세조회
SESS0001543,상품_상세조회
SESS0001544,상품_상세조회
SESS0001545,상품_상세조회
SESS0001546,검색
SESS0001547,상품_상세조회
SESS0001548,상품_상세조회
SESS0001549,카테고리_이동
SESS0001550,카테고리_이동
SESS0001551,상품_상세조회
SESS0001552,결제페이지_진입
SESS0001553,상품_상세조회
SESS0001554,상품_상세조회
SESS0001555,카테고리_이동
SESS0001556,상품_상세조회
SESS0001557,상품_상세조회
SESS0001558,카테고리_이동
SESS0001559,구매완료
SESS0001560,상품_상세조회
SESS0001561,검색
SESS0001562,구매완료
SESS0001563,구매완료
SESS0001564,상품_상세조회
SESS0001565,상품_상세조회
SESS0001566,찜하기
SESS0001567,상품_상세조회
SESS0001568,검색
SESS0001569,상품_상세조회
SESS0001570,상품_상세조회
SESS0001571,상품_상세조회
SESS0001572,구매완료
SESS0001573,상품_상세조회
SESS0001574,장바구니_이탈
SESS0001575,상품_상세조회
SESS0001576,상품_상세조회
SESS0001577,구매완료
SESS0001578,상품_상세조회
SESS0001579,상품_상세조회
SESS0001580,상품_상세조회
SESS0001581,상품_상세조회
SESS0001582,상품_상세조회
SESS0001583,상품_상세조회
SESS0001584,구매완료
SESS0001585,상품_상세조회
SESS0001586,결제페이지_진입
SESS0001587,상품_상세조회
SESS0001588,카테고리_이동
SESS0001589,상품_상세조회
SESS0001590,상품_상세조회
SESS0001591,상품_상세조회
SESS0001592,결제페이지_진입
SESS0001593,찜하기
SESS0001594,상품_상세조회
SESS0001595,찜하기
SESS0001596,상품_상세조회
SESS0001597,결제페이지_진입
SESS0001598,찜하기
SESS0001599,검색
SESS0001600,구매완료
SESS0001601,상품_상세조회
SESS0001602,카테고리_이동
SESS0001603,상품_상세조회
SESS0001604,결제페이지_진입
SESS0001605,구매완료
SESS0001606,상품_상세조회
SESS0001607,상품_상세조회
SESS0001608,상품_상세조회
SESS0001609,찜하기
SESS0001610,상품_상세조회
SESS0001611,구매완료
SESS0001612,상품_상세조회
SESS0001613,상품_상세조회
SESS0001614,상품_상세조회
SESS0001615,카테고리_이동
SESS0001616,상품_상세조회
SESS0001617,검색
SESS0001618,상품_상세조회
SESS0001619,검색
SESS0001620,상품_상세조회
SESS0001621,카테고리_이동
SESS0001622,카테고리_이동
SESS0001623,상품_상세조회
SESS0001624,상품_상세조회
SESS0001625,결제페이지_진입
SESS0001626,상품_상세조회
SESS0001627,상품_상세조회
SESS0001628,상품_상세조회
SESS0001629,구매완료
SESS0001630,상품_상세조회
SESS0001631,카테고리_이동
SESS0001632,상품_상세조회
SESS0001633,상품_상세조회
SESS0001634,상품_상세조회
SESS0001635,카테고리_이동
SESS0001636,구매완료
SESS0001637,장바구니_이탈
SESS0001638,장바구니_이탈
SESS0001639,상품_상세조회
SESS0001640,상품_상세조회
SESS0001641,결제페이지_진입
SESS0001642,상품_상세조회
SESS0001643,상품_상세조회
SESS0001644,카테고리_이동
SESS0001645,카테고리_이동
SESS0001646,카테고리_이동
SESS0001647,구매완료
SESS0001648,상품_상세조회
SESS0001649,상품_상세조회
SESS0001650,찜하기
SESS0001651,구매완료
SESS0001652,상품_상세조회
SESS0001653,상품_상세조회
SESS0001654,상품_상세조회
SESS0001655,카테고리_이동
SESS0001656,상품_상세조회
SESS0001657,상품_상세조회
SESS0001658,상품_상세조회
SESS0001659,구매완료
SESS0001660,상품_상세조회
SESS0001661,카테고리_이동
SESS0001662,장바구니_이탈
SESS0001663,상품_상세조회
SESS0001664,상품_상세조회
SESS0001665,구매완료
SESS0001666,찜하기
SESS0001667,검색
SESS0001668,검색
SESS0001669,카테고리_이동
SESS0001670,찜하기
SESS0001671,카테고리_이동
SESS0001672,검색
SESS0001673,상품_상세조회
SESS0001674,상품_상세조회
SESS0001675,검색
SESS0001676,상품_상세조회
SESS0001677,상품_상세조회
SESS0001678,찜하기
SESS0001679,결제페이지_진입
SESS0001680,결제페이지_진입
SESS0001681,카테고리_이동
SESS0001682,검색
SESS0001683,상품_상세조회
SESS0001684,검색
SESS0001685,상품_상세조회
SESS0001686,결제페이지_진입
SESS0001687,결제페이지_진입
SESS0001688,상품_상세조회
SESS0001689,구매완료
SESS0001690,찜하기
SESS0001691,구매완료
SESS0001692,구매완료
SESS0001693,결제페이지_진입
SESS0001694,상품_상세조회
SESS0001695,찜하기
SESS0001696,카테고리_이동
SESS0001697,상품_상세조회
SESS0001698,상품_상세조회
SESS0001699,상품_상세조회
SESS0001700,카테고리_이동
SESS0001701,상품_상세조회
SESS0001702,구매완료
SESS0001703,찜하기
SESS0001704,결제페이지_진입
SESS0001705,구매완료
SESS0001706,찜하기
SESS0001707,카테고리_이동
SESS0001708,구매완료
SESS0001709,카테고리_이동
SESS0001710,결제페이지_진입
SESS0001711,찜하기
SESS0001712,찜하기
SESS0001713,구매완료
SESS0001714,구매완료
SESS0001715,구매완료
SESS0001716,구매완료
SESS0001717,상품_상세조회
SESS0001718,상품_상세조회
SESS0001719,상품_상세조회
SESS0001720,찜하기
SESS0001721,구매완료
SESS0001722,상품_상세조회
SESS0001723,검색
SESS0001724,상품_상세조회
SESS0001725,구매완료
SESS0001726,상품_상세조회
SESS0001727,구매완료
SESS0001728,상품_상세조회
SESS0001729,구매완료
SESS0001730,카테고리_이동
SESS0001731,구매완료
SESS0001732,결제페이지_진입
SESS0001733,상품_상세조회
SESS0001734,상품_상세조회
SESS0001735,상품_상세조회
SESS0001736,상품_상세조회
SESS0001737,찜하기
SESS0001738,찜하기
SESS0001739,구매완료
SESS0001740,상품_상세조회
SESS0001741,상품_상세조회
SESS0001742,상품_상세조회
SESS0001743,구매완료
SESS0001744,찜하기
SESS0001745,카테고리_이동
SESS0001746,찜하기
SESS0001747,찜하기
SESS0001748,상품_상세조회
SESS0001749,상품_상세조회
SESS0001750,검색
SESS0001751,찜하기
SESS0001752,상품_상세조회
SESS0001753,결제페이지_진입
SESS0001754,검색
SESS0001755,상품_상세조회
SESS0001756,검색
SESS0001757,상품_상세조회
SESS0001758,구매완료
SESS0001759,구매완료
SESS0001760,상품_상세조회
SESS0001761,검색
SESS0001762,상품_상세조회
SESS0001763,상품_상세조회
SESS0001764,상품_상세조회
SESS0001765,찜하기
SESS0001766,구매완료
SESS0001767,상품_상세조회
SESS0001768,구매완료
SESS0001769,상품_상세조회
SESS0001770,카테고리_이동
SESS0001771,구매완료
SESS0001772,찜하기
SESS0001773,검색
SESS0001774,상품_상세조회
SESS0001775,상품_상세조회
SESS0001776,상품_상세조회
SESS0001777,구매완료
SESS0001778,상품_상세조회
SESS0001779,카테고리_이동
SESS0001780,카테고리_이동
SESS0001781,검색
SESS0001782,상품_상세조회
SESS0001783,구매완료
SESS0001784,상품_상세조회
SESS0001785,검색
SESS0001786,찜하기
SESS0001787,상품_상세조회
SESS0001788,상품_상세조회
SESS0001789,상품_상세조회
SESS0001790,상품_상세조회
SESS0001791,상품_상세조회
SESS0001792,구매완료
SESS0001793,검색
SESS0001794,카테고리_이동
SESS0001795,상품_상세조회
SESS0001796,찜하기
SESS0001797,결제페이지_진입
SESS0001798,상품_상세조회
SESS0001799,상품_상세조회
SESS0001800,구매완료
SESS0001801,찜하기
SESS0001802,상품_상세조회
SESS0001803,구매완료
SESS0001804,상품_상세조회
SESS0001805,구매완료
SESS0001806,상품_상세조회
SESS0001807,상품_상세조회
SESS0001808,상품_상세조회
SESS0001809,결제페이지_진입
SESS0001810,상품_상세조회
SESS0001811,상품_상세조회
SESS0001812,상품_상세조회
SESS0001813,상품_상세조회
SESS0001814,상품_상세조회
SESS0001815,찜하기
SESS0001816,구매완료
SESS0001817,상품_상세조회
SESS0001818,구매완료
SESS0001819,검색
SESS0001820,검색
SESS0001821,구매완료
SESS0001822,상품_상세조회
SESS0001823,상품_상세조회
SESS0001824,상품_상세조회
SESS0001825,카테고리_이동
SESS0001826,상품_상세조회
SESS0001827,상품_상세조회
SESS0001828,상품_상세조회
SESS0001829,상품_상세조회
SESS0001830,상품_상세조회
SESS0001831,구매완료
SESS0001832,상품_상세조회
SESS0001833,상품_상세조회
SESS0001834,상품_상세조회
SESS0001835,상품_상세조회
SESS0001836,결제페이지_진입
SESS0001837,카테고리_이동
SESS0001838,찜하기
SESS0001839,상품_상세조회
SESS0001840,카테고리_이동
SESS0001841,장바구니_이탈
SESS0001842,상품_상세조회
SESS0001843,카테고리_이동
SESS0001844,장바구니_이탈
SESS0001845,구매완료
SESS0001846,구매완료
SESS0001847,구매완료
SESS0001848,구매완료
SESS0001849,상품_상세조회
SESS0001850,찜하기
SESS0001851,구매완료
SESS0001852,상품_상세조회
SESS0001853,결제페이지_진입
SESS0001854,구매완료
SESS0001855,상품_상세조회
SESS0001856,상품_상세조회
SESS0001857,상품_상세조회
SESS0001858,찜하기
SESS0001859,결제페이지_진입
SESS0001860,상품_상세조회
SESS0001861,구매완료
SESS0001862,상품_상세조회
SESS0001863,결제페이지_진입
SESS0001864,상품_상세조회
SESS0001865,상품_상세조회
SESS0001866,상품_상세조회
SESS0001867,검색
SESS0001868,상품_상세조회
SESS0001869,구매완료
SESS0001870,구매완료
SESS0001871,결제페이지_진입
SESS0001872,검색
SESS0001873,상품_상세조회
SESS0001874,결제페이지_진입
SESS0001875,상품_상세조회
SESS0001876,구매완료
SESS0001877,상품_상세조회
SESS0001878,상품_상세조회
SESS0001879,상품_상세조회
SESS0001880,장바구니_이탈
SESS0001881,찜하기
SESS0001882,검색
SESS0001883,구매완료
SESS0001884,카테고리_이동
SESS0001885,상품_상세조회
SESS0001886,상품_상세조회
SESS0001887,상품_상세조회
SESS0001888,상품_상세조회
SESS0001889,상품_상세조회
SESS0001890,구매완료
SESS0001891,상품_상세조회
SESS0001892,결제페이지_진입
SESS0001893,결제페이지_진입
SESS0001894,검색
SESS0001895,결제페이지_진입
SESS0001896,찜하기
SESS0001897,구매완료
SESS0001898,상품_상세조회
SESS0001899,상품_상세조회
SESS0001900,찜하기
SESS0001901,검색
SESS0001902,구매완료
SESS0001903,상품_상세조회
SESS0001904,상품_상세조회
SESS0001905,구매완료
SESS0001906,검색
SESS0001907,상품_상세조회
SESS0001908,상품_상세조회
SESS0001909,찜하기
SESS0001910,구매완료
SESS0001911,상품_상세조회
SESS0001912,구매완료
SESS0001913,구매완료
SESS0001914,상품_상세조회
SESS0001915,상품_상세조회
SESS0001916,상품_상세조회
SESS0001917,결제페이지_진입
SESS0001918,상품_상세조회
SESS0001919,구매완료
SESS0001920,상품_상세조회
SESS0001921,상품_상세조회
SESS0001922,찜하기
SESS0001923,상품_상세조회
SESS0001924,찜하기
SESS0001925,검색
SESS0001926,구매완료
SESS0001927,상품_상세조회
SESS0001928,구매완료
SESS0001929,상품_상세조회
SESS0001930,찜하기
SESS0001931,찜하기
SESS0001932,구매완료
SESS0001933,검색
SESS0001934,상품_상세조회
SESS0001935,상품_상세조회
SESS0001936,구매완료
SESS0001937,검색
SESS0001938,상품_상세조회
SESS0001939,상품_상세조회
SESS0001940,찜하기
SESS0001941,상품_상세조회
SESS0001942,결제페이지_진입
SESS0001943,구매완료
SESS0001944,상품_상세조회
SESS0001945,결제페이지_진입
SESS0001946,결제페이지_진입
SESS0001947,상품_상세조회
SESS0001948,상품_상세조회
SESS0001949,구매완료
SESS0001950,상품_상세조회
SESS0001951,장바구니_이탈
SESS0001952,찜하기
SESS0001953,검색
SESS0001954,상품_상세조회
SESS0001955,구매완료
SESS0001956,구매완료
SESS0001957,카테고리_이동
SESS0001958,검색
SESS0001959,상품_상세조회
SESS0001960,상품_상세조회
SESS0001961,상품_상세조회
SESS0001962,카테고리_이동
SESS0001963,상품_상세조회
SESS0001964,상품_상세조회
SESS0001965,상품_상세조회
SESS0001966,상품_상세조회
SESS0001967,찜하기
SESS0001968,상품_상세조회
SESS0001969,결제페이지_진입
SESS0001970,구매완료
SESS0001971,찜하기
SESS0001972,상품_상세조회
SESS0001973,구매완료
SESS0001974,구매완료
SESS0001975,구매완료
SESS0001976,상품_상세조회
SESS0001977,검색
SESS0001978,상품_상세조회
SESS0001979,카테고리_이동
SESS0001980,상품_상세조회
SESS0001981,구매완료
SESS0001982,상품_상세조회
SESS0001983,상품_상세조회
SESS0001984,찜하기
SESS0001985,결제페이지_진입
SESS0001986,찜하기
SESS0001987,상품_상세조회
SESS0001988,카테고리_이동
SESS0001989,구매완료
SESS0001990,상품_상세조회
SESS0001991,상품_상세조회
SESS0001992,상품_상세조회
SESS0001993,검색
SESS0001994,구매완료
SESS0001995,검색
SESS0001996,결제페이지_진입
SESS0001997,상품_상세조회
SESS0001998,검색
SESS0001999,상품_상세조회
SESS0002000,상품_상세조회
SESS0002001,구매완료
SESS0002002,카테고리_이동
SESS0002003,카테고리_이동
SESS0002004,상품_상세조회
SESS0002005,상품_상세조회
SESS0002006,검색
SESS0002007,결제페이지_진입
SESS0002008,상품_상세조회
SESS0002009,구매완료
SESS0002010,상품_상세조회
SESS0002011,상품_상세조회
SESS0002012,상품_상세조회
SESS0002013,상품_상세조회
SESS0002014,상품_상세조회
SESS0002015,검색
SESS0002016,구매완료
SESS0002017,상품_상세조회
SESS0002018,상품_상세조회
SESS0002019,검색
SESS0002020,상품_상세조회
SESS0002021,상품_상세조회
SESS0002022,검색
SESS0002023,검색
SESS0002024,장바구니_이탈
SESS0002025,상품_상세조회
SESS0002026,상품_상세조회
SESS0002027,찜하기
SESS0002028,상품_상세조회
SESS0002029,상품_상세조회
SESS0002030,결제페이지_진입
SESS0002031,구매완료
SESS0002032,상품_상세조회
SESS0002033,상품_상세조회
SESS0002034,구매완료
SESS0002035,결제페이지_진입
SESS0002036,구매완료
SESS0002037,결제페이지_진입
SESS0002038,결제페이지_진입
SESS0002039,구매완료
SESS0002040,구매완료
SESS0002041,찜하기
SESS0002042,검색
SESS0002043,구매완료
SESS0002044,상품_상세조회
SESS0002045,구매완료
SESS0002046,찜하기
SESS0002047,상품_상세조회
SESS0002048,상품_상세조회
SESS0002049,구매완료
SESS0002050,상품_상세조회
SESS0002051,구매완료
SESS0002052,검색
SESS0002053,찜하기
SESS0002054,구매완료
SESS0002055,구매완료
SESS0002056,검색
SESS0002057,구매완료
SESS0002058,상품_상세조회
SESS0002059,상품_상세조회
SESS0002060,상품_상세조회
SESS0002061,상품_상세조회
SESS0002062,구매완료
SESS0002063,카테고리_이동
SESS0002064,상품_상세조회
SESS0002065,구매완료
SESS0002066,상품_상세조회
SESS0002067,상품_상세조회
SESS0002068,찜하기
SESS0002069,검색
SESS0002070,상품_상세조회
SESS0002071,검색
SESS0002072,검색
SESS0002073,장바구니_담기
SESS0002074,구매완료
SESS0002075,상품_상세조회
SESS0002076,검색
SESS0002077,구매완료
SESS0002078,상품_상세조회
SESS0002079,결제페이지_진입
SESS0002080,상품_상세조회
SESS0002081,찜하기
SESS0002082,상품_상세조회
SESS0002083,카테고리_이동
SESS0002084,상품_상세조회
SESS0002085,찜하기
SESS0002086,장바구니_이탈
SESS0002087,상품_상세조회
SESS0002088,상품_상세조회
SESS0002089,상품_상세조회
SESS0002090,상품_상세조회
SESS0002091,구매완료
SESS0002092,구매완료
SESS0002093,상품_상세조회
SESS0002094,상품_상세조회
SESS0002095,카테고리_이동
SESS0002096,찜하기
SESS0002097,검색
SESS0002098,찜하기
SESS0002099,구매완료
SESS0002100,찜하기
SESS0002101,검색
SESS0002102,카테고리_이동
SESS0002103,상품_상세조회
SESS0002104,찜하기
SESS0002105,장바구니_이탈
SESS0002106,구매완료
SESS0002107,상품_상세조회
SESS0002108,구매완료
SESS0002109,상품_상세조회
SESS0002110,카테고리_이동
SESS0002111,상품_상세조회
SESS0002112,구매완료
SESS0002113,찜하기
SESS0002114,카테고리_이동
SESS0002115,상품_상세조회
SESS0002116,구매완료
SESS0002117,상품_상세조회
SESS0002118,구매완료
SESS0002119,구매완료
SESS0002120,상품_상세조회
SESS0002121,상품_상세조회
SESS0002122,구매완료
SESS0002123,검색
SESS0002124,상품_상세조회
SESS0002125,상품_상세조회
SESS0002126,상품_상세조회
SESS0002127,결제페이지_진입
SESS0002128,상품_상세조회
SESS0002129,구매완료
SESS0002130,상품_상세조회
SESS0002131,상품_상세조회
SESS0002132,상품_상세조회
SESS0002133,구매완료
SESS0002134,상품_상세조회
SESS0002135,카테고리_이동
SESS0002136,상품_상세조회
SESS0002137,상품_상세조회
SESS0002138,상품_상세조회
SESS0002139,상품_상세조회
SESS0002140,상품_상세조회
SESS0002141,찜하기
SESS0002142,상품_상세조회
SESS0002143,상품_상세조회
SESS0002144,결제페이지_진입
SESS0002145,상품_상세조회
SESS0002146,상품_상세조회
SESS0002147,상품_상세조회
SESS0002148,찜하기
SESS0002149,검색
SESS0002150,상품_상세조회
SESS0002151,결제페이지_진입
SESS0002152,카테고리_이동
SESS0002153,찜하기
SESS0002154,찜하기
SESS0002155,상품_상세조회
SESS0002156,카테고리_이동
SESS0002157,상품_상세조회
SESS0002158,카테고리_이동
SESS0002159,구매완료
SESS0002160,상품_상세조회
SESS0002161,상품_상세조회
SESS0002162,상품_상세조회
SESS0002163,상품_상세조회
SESS0002164,상품_상세조회
SESS0002165,결제페이지_진입
SESS0002166,찜하기
SESS0002167,찜하기
SESS0002168,검색
SESS0002169,카테고리_이동
SESS0002170,찜하기
SESS0002171,상품_상세조회
SESS0002172,구매완료
SESS0002173,결제페이지_진입
SESS0002174,구매완료
SESS0002175,장바구니_이탈
SESS0002176,상품_상세조회
SESS0002177,상품_상세조회
SESS0002178,상품_상세조회
SESS0002179,구매완료
SESS0002180,상품_상세조회
SESS0002181,찜하기
SESS0002182,찜하기
SESS0002183,카테고리_이동
SESS0002184,카테고리_이동
SESS0002185,상품_상세조회
SESS0002186,상품_상세조회
SESS0002187,찜하기
SESS0002188,결제페이지_진입
SESS0002189,찜하기
SESS0002190,상품_상세조회
SESS0002191,상품_상세조회
SESS0002192,카테고리_이동
SESS0002193,찜하기
SESS0002194,결제페이지_진입
SESS0002195,검색
SESS0002196,검색
SESS0002197,찜하기
SESS0002198,구매완료
SESS0002199,카테고리_이동
SESS0002200,상품_상세조회
SESS0002201,구매완료
SESS0002202,상품_상세조회
SESS0002203,상품_상세조회
SESS0002204,결제페이지_진입
SESS0002205,결제페이지_진입
SESS0002206,상품_상세조회
SESS0002207,상품_상세조회
SESS0002208,상품_상세조회
SESS0002209,상품_상세조회
SESS0002210,찜하기
SESS0002211,상품_상세조회
SESS0002212,상품_상세조회
SESS0002213,상품_상세조회
SESS0002214,상품_상세조회
SESS0002215,검색
SESS0002216,상품_상세조회
SESS0002217,상품_상세조회
SESS0002218,상품_상세조회
SESS0002219,상품_상세조회
SESS0002220,검색
SESS0002221,상품_상세조회
SESS0002222,상품_상세조회
SESS0002223,카테고리_이동
SESS0002224,상품_상세조회
SESS0002225,구매완료
SESS0002226,상품_상세조회
SESS0002227,상품_상세조회
SESS0002228,구매완료
SESS0002229,결제페이지_진입
SESS0002230,상품_상세조회
SESS0002231,구매완료
SESS0002232,상품_상세조회
SESS0002233,찜하기
SESS0002234,상품_상세조회
SESS0002235,상품_상세조회
SESS0002236,상품_상세조회
SESS0002237,상품_상세조회
SESS0002238,상품_상세조회
SESS0002239,구매완료
SESS0002240,결제페이지_진입
SESS0002241,장바구니_이탈
SESS0002242,상품_상세조회
SESS0002243,구매완료
SESS0002244,검색
SESS0002245,상품_상세조회
SESS0002246,검색
SESS0002247,검색
SESS0002248,상품_상세조회
SESS0002249,상품_상세조회
SESS0002250,상품_상세조회
SESS0002251,카테고리_이동
SESS0002252,상품_상세조회
SESS0002253,상품_상세조회
SESS0002254,구매완료
SESS0002255,카테고리_이동
SESS0002256,구매완료
SESS0002257,상품_상세조회
SESS0002258,구매완료
SESS0002259,카테고리_이동
SESS0002260,상품_상세조회
SESS0002261,상품_상세조회
SESS0002262,구매완료
SESS0002263,상품_상세조회
SESS0002264,구매완료
SESS0002265,상품_상세조회
SESS0002266,카테고리_이동
SESS0002267,찜하기
SESS0002268,결제페이지_진입
SESS0002269,찜하기
SESS0002270,구매완료
SESS0002271,상품_상세조회
SESS0002272,카테고리_이동
SESS0002273,검색
SESS0002274,구매완료
SESS0002275,카테고리_이동
SESS0002276,장바구니_이탈
SESS0002277,검색
SESS0002278,상품_상세조회
SESS0002279,상품_상세조회
SESS0002280,상품_상세조회
SESS0002281,상품_상세조회
SESS0002282,검색
SESS0002283,장바구니_이탈
SESS0002284,장바구니_이탈
SESS0002285,상품_상세조회
SESS0002286,구매완료
SESS0002287,상품_상세조회
SESS0002288,상품_상세조회
SESS0002289,상품_상세조회
SESS0002290,구매완료
SESS0002291,상품_상세조회
SESS0002292,검색
SESS0002293,상품_상세조회
SESS0002294,상품_상세조회
SESS0002295,상품_상세조회
SESS0002296,상품_상세조회
SESS0002297,상품_상세조회
SESS0002298,상품_상세조회
SESS0002299,상품_상세조회
SESS0002300,검색
SESS0002301,카테고리_이동
SESS0002302,상품_상세조회
SESS0002303,결제페이지_진입
SESS0002304,상품_상세조회
SESS0002305,구매완료
SESS0002306,상품_상세조회
SESS0002307,구매완료
SESS0002308,상품_상세조회
SESS0002309,상품_상세조회
SESS0002310,결제페이지_진입
SESS0002311,상품_상세조회
SESS0002312,카테고리_이동
SESS0002313,결제페이지_진입
SESS0002314,상품_상세조회
SESS0002315,상품_상세조회
SESS0002316,카테고리_이동
SESS0002317,상품_상세조회
SESS0002318,상품_상세조회
SESS0002319,상품_상세조회
SESS0002320,상품_상세조회
SESS0002321,상품_상세조회
SESS0002322,장바구니_이탈
SESS0002323,찜하기
SESS0002324,카테고리_이동
SESS0002325,상품_상세조회
SESS0002326,장바구니_이탈
SESS0002327,결제페이지_진입
SESS0002328,상품_상세조회
SESS0002329,카테고리_이동
SESS0002330,장바구니_이탈
SESS0002331,구매완료
SESS0002332,상품_상세조회
SESS0002333,카테고리_이동
SESS0002334,결제페이지_진입
SESS0002335,상품_상세조회
SESS0002336,찜하기
SESS0002337,결제페이지_진입
SESS0002338,상품_상세조회
SESS0002339,결제페이지_진입
SESS0002340,카테고리_이동
SESS0002341,찜하기
SESS0002342,상품_상세조회
SESS0002343,카테고리_이동
SESS0002344,결제페이지_진입
SESS0002345,찜하기
SESS0002346,상품_상세조회
SESS0002347,장바구니_이탈
SESS0002348,구매완료
SESS0002349,카테고리_이동
SESS0002350,상품_상세조회
SESS0002351,장바구니_이탈
SESS0002352,카테고리_이동
SESS0002353,상품_상세조회
SESS0002354,카테고리_이동
SESS0002355,상품_상세조회
SESS0002356,카테고리_이동
SESS0002357,상품_상세조회
SESS0002358,구매완료
SESS0002359,구매완료
SESS0002360,상품_상세조회
SESS0002361,상품_상세조회
SESS0002362,상품_상세조회
SESS0002363,상품_상세조회
SESS0002364,상품_상세조회
SESS0002365,상품_상세조회
SESS0002366,구매완료
SESS0002367,장바구니_이탈
SESS0002368,상품_상세조회
SESS0002369,상품_상세조회
SESS0002370,찜하기
SESS0002371,구매완료
SESS0002372,상품_상세조회
SESS0002373,상품_상세조회
SESS0002374,상품_상세조회
SESS0002375,검색
SESS0002376,상품_상세조회
SESS0002377,검색
SESS0002378,상품_상세조회
SESS0002379,상품_상세조회
SESS0002380,결제페이지_진입
SESS0002381,카테고리_이동
SESS0002382,카테고리_이동
SESS0002383,상품_상세조회
SESS0002384,찜하기
SESS0002385,구매완료
SESS0002386,찜하기
SESS0002387,상품_상세조회
SESS0002388,구매완료
SESS0002389,결제페이지_진입
SESS0002390,상품_상세조회
SESS0002391,상품_상세조회
SESS0002392,상품_상세조회
SESS0002393,상품_상세조회
SESS0002394,상품_상세조회
SESS0002395,카테고리_이동
SESS0002396,찜하기
SESS0002397,검색
SESS0002398,검색
SESS0002399,검색
SESS0002400,상품_상세조회
SESS0002401,찜하기
SESS0002402,상품_상세조회
SESS0002403,상품_상세조회
SESS0002404,카테고리_이동
SESS0002405,구매완료
SESS0002406,구매완료
SESS0002407,상품_상세조회
SESS0002408,카테고리_이동
SESS0002409,상품_상세조회
SESS0002410,상품_상세조회
SESS0002411,카테고리_이동
SESS0002412,상품_상세조회
SESS0002413,상품_상세조회
SESS0002414,검색
SESS0002415,상품_상세조회
SESS0002416,상품_상세조회
SESS0002417,상품_상세조회
SESS0002418,상품_상세조회
SESS0002419,찜하기
SESS0002420,결제페이지_진입
SESS0002421,결제페이지_진입
SESS0002422,상품_상세조회
SESS0002423,구매완료
SESS0002424,상품_상세조회
SESS0002425,상품_상세조회
SESS0002426,장바구니_이탈
SESS0002427,상품_상세조회
SESS0002428,결제페이지_진입
SESS0002429,구매완료
SESS0002430,장바구니_이탈
SESS0002431,구매완료
SESS0002432,구매완료
SESS0002433,장바구니_이탈
SESS0002434,구매완료
SESS0002435,결제페이지_진입
SESS0002436,상품_상세조회
SESS0002437,결제페이지_진입
SESS0002438,상품_상세조회
SESS0002439,결제페이지_진입
SESS0002440,장바구니_이탈
SESS0002441,상품_상세조회
SESS0002442,상품_상세조회
SESS0002443,찜하기
SESS0002444,검색
SESS0002445,상품_상세조회
SESS0002446,구매완료
SESS0002447,찜하기
SESS0002448,장바구니_이탈
SESS0002449,상품_상세조회
SESS0002450,상품_상세조회
SESS0002451,구매완료
SESS0002452,상품_상세조회
SESS0002453,카테고리_이동
SESS0002454,카테고리_이동
SESS0002455,찜하기
SESS0002456,상품_상세조회
SESS0002457,상품_상세조회
SESS0002458,결제페이지_진입
SESS0002459,검색
SESS0002460,상품_상세조회
SESS0002461,검색
SESS0002462,상품_상세조회
SESS0002463,결제페이지_진입
SESS0002464,상품_상세조회
SESS0002465,상품_상세조회
SESS0002466,상품_상세조회
SESS0002467,찜하기
SESS0002468,검색
SESS0002469,구매완료
SESS0002470,구매완료
SESS0002471,상품_상세조회
SESS0002472,찜하기
SESS0002473,카테고리_이동
SESS0002474,구매완료
SESS0002475,찜하기
SESS0002476,결제페이지_진입
SESS0002477,결제페이지_진입
SESS0002478,상품_상세조회
SESS0002479,결제페이지_진입
SESS0002480,상품_상세조회
SESS0002481,상품_상세조회
SESS0002482,검색
SESS0002483,상품_상세조회
SESS0002484,상품_상세조회
SESS0002485,상품_상세조회
SESS0002486,구매완료
SESS0002487,찜하기
SESS0002488,결제페이지_진입
SESS0002489,상품_상세조회
SESS0002490,구매완료
SESS0002491,결제페이지_진입
SESS0002492,결제페이지_진입
SESS0002493,상품_상세조회
SESS0002494,결제페이지_진입
SESS0002495,구매완료
SESS0002496,상품_상세조회
SESS0002497,상품_상세조회
SESS0002498,구매완료
SESS0002499,상품_상세조회
SESS0002500,검색
SESS0002501,결제페이지_진입
SESS0002502,찜하기
SESS0002503,결제페이지_진입
SESS0002504,상품_상세조회
SESS0002505,구매완료
SESS0002506,구매완료
SESS0002507,상품_상세조회
SESS0002508,구매완료
SESS0002509,카테고리_이동
SESS0002510,상품_상세조회
SESS0002511,상품_상세조회
SESS0002512,카테고리_이동
SESS0002513,상품_상세조회
SESS0002514,상품_상세조회
SESS0002515,상품_상세조회
SESS0002516,상품_상세조회
SESS0002517,상품_상세조회
SESS0002518,구매완료
SESS0002519,카테고리_이동
SESS0002520,찜하기
SESS0002521,상품_상세조회
SESS0002522,결제페이지_진입
SESS0002523,구매완료
SESS0002524,장바구니_이탈
SESS0002525,결제페이지_진입
SESS0002526,구매완료
SESS0002527,구매완료
SESS0002528,구매완료
SESS0002529,상품_상세조회
SESS0002530,상품_상세조회
SESS0002531,상품_상세조회
SESS0002532,구매완료
SESS0002533,상품_상세조회
SESS0002534,구매완료
SESS0002535,상품_상세조회
SESS0002536,상품_상세조회
SESS0002537,상품_상세조회
SESS0002538,상품_상세조회
SESS0002539,상품_상세조회
SESS0002540,구매완료
SESS0002541,구매완료
SESS0002542,찜하기
SESS0002543,상품_상세조회
SESS0002544,구매완료
SESS0002545,찜하기
SESS0002546,상품_상세조회
SESS0002547,장바구니_이탈
SESS0002548,상품_상세조회
SESS0002549,상품_상세조회
SESS0002550,검색
SESS0002551,상품_상세조회
SESS0002552,카테고리_이동
SESS0002553,결제페이지_진입
SESS0002554,결제페이지_진입
SESS0002555,상품_상세조회
SESS0002556,상품_상세조회
SESS0002557,상품_상세조회
SESS0002558,상품_상세조회
SESS0002559,카테고리_이동
SESS0002560,상품_상세조회
SESS0002561,상품_상세조회
SESS0002562,결제페이지_진입
SESS0002563,상품_상세조회
SESS0002564,검색
SESS0002565,상품_상세조회
SESS0002566,구매완료
SESS0002567,찜하기
SESS0002568,구매완료
SESS0002569,카테고리_이동
SESS0002570,찜하기
SESS0002571,찜하기
SESS0002572,상품_상세조회
SESS0002573,찜하기
SESS0002574,상품_상세조회
SESS0002575,찜하기
SESS0002576,카테고리_이동
SESS0002577,상품_상세조회
SESS0002578,상품_상세조회
SESS0002579,상품_상세조회
SESS0002580,상품_상세조회
SESS0002581,상품_상세조회
SESS0002582,상품_상세조회
SESS0002583,구매완료
SESS0002584,구매완료
SESS0002585,구매완료
SESS0002586,장바구니_이탈
SESS0002587,찜하기
SESS0002588,검색
SESS0002589,카테고리_이동
SESS0002590,상품_상세조회
SESS0002591,상품_상세조회
SESS0002592,상품_상세조회
SESS0002593,찜하기
SESS0002594,상품_상세조회
SESS0002595,결제페이지_진입
SESS0002596,상품_상세조회
SESS0002597,상품_상세조회
SESS0002598,상품_상세조회
SESS0002599,구매완료
SESS0002600,찜하기
SESS0002601,찜하기
SESS0002602,상품_상세조회
SESS0002603,상품_상세조회
SESS0002604,구매완료
SESS0002605,장바구니_이탈
SESS0002606,상품_상세조회
SESS0002607,상품_상세조회
SESS0002608,상품_상세조회
SESS0002609,찜하기
SESS0002610,검색
SESS0002611,상품_상세조회
SESS0002612,구매완료
SESS0002613,상품_상세조회
SESS0002614,상품_상세조회
SESS0002615,상품_상세조회
SESS0002616,상품_상세조회
SESS0002617,찜하기
SESS0002618,상품_상세조회
SESS0002619,상품_상세조회
SESS0002620,상품_상세조회
SESS0002621,상품_상세조회
SESS0002622,상품_상세조회
SESS0002623,상품_상세조회
SESS0002624,상품_상세조회
SESS0002625,상품_상세조회
SESS0002626,상품_상세조회
SESS0002627,상품_상세조회
SESS0002628,카테고리_이동
SESS0002629,결제페이지_진입
SESS0002630,상품_상세조회
SESS0002631,구매완료
SESS0002632,카테고리_이동
SESS0002633,카테고리_이동
SESS0002634,찜하기
SESS0002635,상품_상세조회
SESS0002636,상품_상세조회
SESS0002637,상품_상세조회
SESS0002638,상품_상세조회
SESS0002639,찜하기
SESS0002640,찜하기
SESS0002641,구매완료
SESS0002642,결제페이지_진입
SESS0002643,구매완료
SESS0002644,장바구니_이탈
SESS0002645,상품_상세조회
SESS0002646,카테고리_이동
SESS0002647,상품_상세조회
SESS0002648,검색
SESS0002649,상품_상세조회
SESS0002650,찜하기
SESS0002651,구매완료
SESS0002652,구매완료
SESS0002653,찜하기
SESS0002654,상품_상세조회
SESS0002655,상품_상세조회
SESS0002656,장바구니_이탈
SESS0002657,검색
SESS0002658,찜하기
SESS0002659,상품_상세조회
SESS0002660,카테고리_이동
SESS0002661,상품_상세조회
SESS0002662,구매완료
SESS0002663,상품_상세조회
SESS0002664,구매완료
SESS0002665,구매완료
SESS0002666,상품_상세조회
SESS0002667,상품_상세조회
SESS0002668,장바구니_이탈
SESS0002669,상품_상세조회
SESS0002670,상품_상세조회
SESS0002671,상품_상세조회
SESS0002672,상품_상세조회
SESS0002673,상품_상세조회
SESS0002674,상품_상세조회
SESS0002675,찜하기
SESS0002676,카테고리_이동
SESS0002677,상품_상세조회
SESS0002678,검색
SESS0002679,카테고리_이동
SESS0002680,장바구니_이탈
SESS0002681,상품_상세조회
SESS0002682,상품_상세조회
SESS0002683,상품_상세조회
SESS0002684,검색
SESS0002685,결제페이지_진입
SESS0002686,구매완료
SESS0002687,상품_상세조회
SESS0002688,구매완료
SESS0002689,결제페이지_진입
SESS0002690,카테고리_이동
SESS0002691,검색
SESS0002692,상품_상세조회
SESS0002693,카테고리_이동
SESS0002694,찜하기
SESS0002695,상품_상세조회
SESS0002696,상품_상세조회
SESS0002697,카테고리_이동
SESS0002698,장바구니_이탈
SESS0002699,구매완료
SESS0002700,장바구니_이탈
SESS0002701,상품_상세조회
SESS0002702,상품_상세조회
SESS0002703,상품_상세조회
SESS0002704,상품_상세조회
SESS0002705,검색
SESS0002706,구매완료
SESS0002707,결제페이지_진입
SESS0002708,상품_상세조회
SESS0002709,상품_상세조회
SESS0002710,상품_상세조회
SESS0002711,구매완료
SESS0002712,상품_상세조회
SESS0002713,상품_상세조회
SESS0002714,상품_상세조회
SESS0002715,찜하기
SESS0002716,구매완료
SESS0002717,상품_상세조회
SESS0002718,찜하기
SESS0002719,구매완료
SESS0002720,구매완료
SESS0002721,상품_상세조회
SESS0002722,카테고리_이동
SESS0002723,구매완료
SESS0002724,구매완료
SESS0002725,카테고리_이동
SESS0002726,찜하기
SESS0002727,결제페이지_진입
SESS0002728,찜하기
SESS0002729,상품_상세조회
SESS0002730,찜하기
SESS0002731,결제페이지_진입
SESS0002732,상품_상세조회
SESS0002733,상품_상세조회
SESS0002734,상품_상세조회
SESS0002735,구매완료
SESS0002736,결제페이지_진입
SESS0002737,상품_상세조회
SESS0002738,상품_상세조회
SESS0002739,상품_상세조회
SESS0002740,찜하기
SESS0002741,상품_상세조회
SESS0002742,카테고리_이동
SESS0002743,찜하기
SESS0002744,장바구니_이탈
SESS0002745,상품_상세조회
SESS0002746,장바구니_이탈
SESS0002747,구매완료
SESS0002748,카테고리_이동
SESS0002749,검색
SESS0002750,상품_상세조회
SESS0002751,상품_상세조회
SESS0002752,카테고리_이동
SESS0002753,상품_상세조회
SESS0002754,상품_상세조회
SESS0002755,장바구니_이탈
SESS0002756,상품_상세조회
SESS0002757,검색
SESS0002758,장바구니_이탈
SESS0002759,상품_상세조회
SESS0002760,구매완료
SESS0002761,장바구니_이탈
SESS0002762,찜하기
SESS0002763,상품_상세조회
SESS0002764,구매완료
SESS0002765,구매완료
SESS0002766,찜하기
SESS0002767,결제페이지_진입
SESS0002768,상품_상세조회
SESS0002769,상품_상세조회
SESS0002770,구매완료
SESS0002771,구매완료
SESS0002772,상품_상세조회
SESS0002773,상품_상세조회
SESS0002774,검색
SESS0002775,결제페이지_진입
SESS0002776,상품_상세조회
SESS0002777,구매완료
SESS0002778,카테고리_이동
SESS0002779,결제페이지_진입
SESS0002780,카테고리_이동
SESS0002781,상품_상세조회
SESS0002782,상품_상세조회
SESS0002783,상품_상세조회
SESS0002784,구매완료
SESS0002785,상품_상세조회
SESS0002786,상품_상세조회
SESS0002787,구매완료
SESS0002788,찜하기
SESS0002789,상품_상세조회
SESS0002790,상품_상세조회
SESS0002791,상품_상세조회
SESS0002792,구매완료
SESS0002793,상품_상세조회
SESS0002794,상품_상세조회
SESS0002795,상품_상세조회
SESS0002796,상품_상세조회
SESS0002797,구매완료
SESS0002798,상품_상세조회
SESS0002799,상품_상세조회
SESS0002800,상품_상세조회
SESS0002801,찜하기
SESS0002802,상품_상세조회
SESS0002803,상품_상세조회
SESS0002804,결제페이지_진입
SESS0002805,상품_상세조회
SESS0002806,카테고리_이동
SESS0002807,상품_상세조회
SESS0002808,상품_상세조회
SESS0002809,구매완료
SESS0002810,검색
SESS0002811,상품_상세조회
SESS0002812,상품_상세조회
SESS0002813,상품_상세조회
SESS0002814,장바구니_이탈
SESS0002815,구매완료
SESS0002816,카테고리_이동
SESS0002817,결제페이지_진입
SESS0002818,카테고리_이동
SESS0002819,상품_상세조회
SESS0002820,카테고리_이동
SESS0002821,상품_상세조회
SESS0002822,상품_상세조회
SESS0002823,구매완료
SESS0002824,상품_상세조회
SESS0002825,결제페이지_진입
SESS0002826,상품_상세조회
SESS0002827,상품_상세조회
SESS0002828,결제페이지_진입
SESS0002829,구매완료
SESS0002830,결제페이지_진입
SESS0002831,카테고리_이동
SESS0002832,상품_상세조회
SESS0002833,구매완료
SESS0002834,상품_상세조회
SESS0002835,구매완료
SESS0002836,상품_상세조회
SESS0002837,구매완료
SESS0002838,상품_상세조회
SESS0002839,구매완료
SESS0002840,상품_상세조회
SESS0002841,상품_상세조회
SESS0002842,상품_상세조회
SESS0002843,상품_상세조회
SESS0002844,찜하기
SESS0002845,상품_상세조회
SESS0002846,구매완료
SESS0002847,구매완료
SESS0002848,검색
SESS0002849,상품_상세조회
SESS0002850,구매완료
SESS0002851,상품_상세조회
SESS0002852,검색
SESS0002853,검색
SESS0002854,구매완료
SESS0002855,상품_상세조회
SESS0002856,결제페이지_진입
SESS0002857,상품_상세조회
SESS0002858,카테고리_이동
SESS0002859,검색
SESS0002860,구매완료
SESS0002861,검색
SESS0002862,카테고리_이동
SESS0002863,찜하기
SESS0002864,찜하기
SESS0002865,상품_상세조회
SESS0002866,구매완료
SESS0002867,상품_상세조회
SESS0002868,검색
SESS0002869,상품_상세조회
SESS0002870,상품_상세조회
SESS0002871,구매완료
SESS0002872,결제페이지_진입
SESS0002873,상품_상세조회
SESS0002874,상품_상세조회
SESS0002875,구매완료
SESS0002876,상품_상세조회
SESS0002877,검색
SESS0002878,검색
SESS0002879,장바구니_이탈
SESS0002880,카테고리_이동
SESS0002881,찜하기
SESS0002882,구매완료
SESS0002883,카테고리_이동
SESS0002884,구매완료
SESS0002885,결제페이지_진입
SESS0002886,검색
SESS0002887,결제페이지_진입
SESS0002888,구매완료
SESS0002889,결제페이지_진입
SESS0002890,구매완료
SESS0002891,상품_상세조회
SESS0002892,상품_상세조회
SESS0002893,결제페이지_진입
SESS0002894,찜하기
SESS0002895,상품_상세조회
SESS0002896,상품_상세조회
SESS0002897,상품_상세조회
SESS0002898,상품_상세조회
SESS0002899,상품_상세조회
SESS0002900,상품_상세조회
SESS0002901,장바구니_이탈
SESS0002902,구매완료
SESS0002903,상품_상세조회
SESS0002904,상품_상세조회
SESS0002905,상품_상세조회
SESS0002906,구매완료
SESS0002907,검색
SESS0002908,상품_상세조회
SESS0002909,구매완료
SESS0002910,상품_상세조회
SESS0002911,상품_상세조회
SESS0002912,카테고리_이동
SESS0002913,장바구니_이탈
SESS0002914,구매완료
SESS0002915,상품_상세조회
SESS0002916,검색
SESS0002917,상품_상세조회
SESS0002918,결제페이지_진입
SESS0002919,카테고리_이동
SESS0002920,상품_상세조회
SESS0002921,검색
SESS0002922,구매완료
SESS0002923,검색
SESS0002924,구매완료
SESS0002925,검색
SESS0002926,구매완료
SESS0002927,구매완료
SESS0002928,결제페이지_진입
SESS0002929,검색
SESS0002930,상품_상세조회
SESS0002931,상품_상세조회
SESS0002932,구매완료
SESS0002933,상품_상세조회
SESS0002934,찜하기
SESS0002935,검색
SESS0002936,검색
SESS0002937,상품_상세조회
SESS0002938,검색
SESS0002939,상품_상세조회
SESS0002940,검색
SESS0002941,검색
SESS0002942,상품_상세조회
SESS0002943,장바구니_이탈
SESS0002944,상품_상세조회
SESS0002945,카테고리_이동
SESS0002946,상품_상세조회
SESS0002947,카테고리_이동
SESS0002948,구매완료
SESS0002949,상품_상세조회
SESS0002950,구매완료
SESS0002951,검색
SESS0002952,장바구니_이탈
SESS0002953,결제페이지_진입
SESS0002954,카테고리_이동
SESS0002955,장바구니_이탈
SESS0002956,검색
SESS0002957,구매완료
SESS0002958,카테고리_이동
SESS0002959,상품_상세조회
SESS0002960,찜하기
SESS0002961,찜하기
SESS0002962,검색
SESS0002963,상품_상세조회
SESS0002964,찜하기
SESS0002965,상품_상세조회
SESS0002966,구매완료
SESS0002967,상품_상세조회
SESS0002968,상품_상세조회
SESS0002969,상품_상세조회
SESS0002970,검색
SESS0002971,검색
SESS0002972,구매완료
SESS0002973,카테고리_이동
SESS0002974,구매완료
SESS0002975,상품_상세조회
SESS0002976,상품_상세조회
SESS0002977,찜하기
SESS0002978,상품_상세조회
SESS0002979,결제페이지_진입
SESS0002980,상품_상세조회
SESS0002981,상품_상세조회
SESS0002982,찜하기
SESS0002983,상품_상세조회
SESS0002984,카테고리_이동
SESS0002985,결제페이지_진입
SESS0002986,상품_상세조회
SESS0002987,구매완료
SESS0002988,구매완료
SESS0002989,구매완료
SESS0002990,상품_상세조회
SESS0002991,카테고리_이동
SESS0002992,상품_상세조회
SESS0002993,찜하기
SESS0002994,상품_상세조회
SESS0002995,찜하기
SESS0002996,상품_상세조회
SESS0002997,상품_상세조회
SESS0002998,상품_상세조회
SESS0002999,구매완료
SESS0003000,구매완료
SESS0003001,구매완료
SESS0003002,결제페이지_진입
SESS0003003,상품_상세조회
SESS0003004,상품_상세조회
SESS0003005,장바구니_이탈
SESS0003006,상품_상세조회
SESS0003007,검색
SESS0003008,구매완료
SESS0003009,카테고리_이동
SESS0003010,장바구니_이탈
SESS0003011,찜하기
SESS0003012,상품_상세조회
SESS0003013,상품_상세조회
SESS0003014,상품_상세조회
SESS0003015,구매완료
SESS0003016,구매완료
SESS0003017,상품_상세조회
SESS0003018,상품_상세조회
SESS0003019,카테고리_이동
SESS0003020,상품_상세조회
SESS0003021,검색
SESS0003022,상품_상세조회
SESS0003023,상품_상세조회
SESS0003024,상품_상세조회
SESS0003025,카테고리_이동
SESS0003026,상품_상세조회
SESS0003027,검색
SESS0003028,상품_상세조회
SESS0003029,구매완료
SESS0003030,카테고리_이동
SESS0003031,구매완료
SESS0003032,결제페이지_진입
SESS0003033,상품_상세조회
SESS0003034,찜하기
SESS0003035,상품_상세조회
SESS0003036,상품_상세조회
SESS0003037,찜하기
SESS0003038,상품_상세조회
SESS0003039,상품_상세조회
SESS0003040,상품_상세조회
SESS0003041,검색
SESS0003042,찜하기
SESS0003043,카테고리_이동
SESS0003044,상품_상세조회
SESS0003045,검색
SESS0003046,상품_상세조회
SESS0003047,검색
SESS0003048,상품_상세조회
SESS0003049,상품_상세조회
SESS0003050,상품_상세조회
SESS0003051,검색
SESS0003052,검색
SESS0003053,구매완료
SESS0003054,구매완료
SESS0003055,구매완료
SESS0003056,카테고리_이동
SESS0003057,결제페이지_진입
SESS0003058,구매완료
SESS0003059,구매완료
SESS0003060,상품_상세조회
SESS0003061,상품_상세조회
SESS0003062,검색
SESS0003063,상품_상세조회
SESS0003064,상품_상세조회
SESS0003065,결제페이지_진입
SESS0003066,찜하기
SESS0003067,구매완료
SESS0003068,상품_상세조회
SESS0003069,결제페이지_진입
SESS0003070,상품_상세조회
SESS0003071,결제페이지_진입
SESS0003072,검색
SESS0003073,상품_상세조회
SESS0003074,상품_상세조회
SESS0003075,구매완료
SESS0003076,상품_상세조회
SESS0003077,상품_상세조회
SESS0003078,상품_상세조회
SESS0003079,카테고리_이동
SESS0003080,구매완료
SESS0003081,구매완료
SESS0003082,구매완료
SESS0003083,구매완료
SESS0003084,구매완료
SESS0003085,검색
SESS0003086,장바구니_이탈
SESS0003087,찜하기
SESS0003088,카테고리_이동
SESS0003089,찜하기
SESS0003090,상품_상세조회
SESS0003091,카테고리_이동
SESS0003092,카테고리_이동
SESS0003093,결제페이지_진입
SESS0003094,장바구니_이탈
SESS0003095,상품_상세조회
SESS0003096,상품_상세조회
SESS0003097,검색
SESS0003098,상품_상세조회
SESS0003099,구매완료
SESS0003100,장바구니_이탈
SESS0003101,상품_상세조회
SESS0003102,찜하기
SESS0003103,찜하기
SESS0003104,상품_상세조회
SESS0003105,구매완료
SESS0003106,구매완료
SESS0003107,찜하기
SESS0003108,구매완료
SESS0003109,구매완료
SESS0003110,검색
SESS0003111,상품_상세조회
SESS0003112,결제페이지_진입
SESS0003113,카테고리_이동
SESS0003114,상품_상세조회
SESS0003115,결제페이지_진입
SESS0003116,찜하기
SESS0003117,상품_상세조회
SESS0003118,구매완료
SESS0003119,상품_상세조회
SESS0003120,상품_상세조회
SESS0003121,장바구니_이탈
SESS0003122,상품_상세조회
SESS0003123,검색
SESS0003124,검색
SESS0003125,결제페이지_진입
SESS0003126,장바구니_이탈
SESS0003127,찜하기
SESS0003128,카테고리_이동
SESS0003129,상품_상세조회
SESS0003130,구매완료
SESS0003131,상품_상세조회
SESS0003132,검색
SESS0003133,상품_상세조회
SESS0003134,상품_상세조회
SESS0003135,장바구니_이탈
SESS0003136,상품_상세조회
SESS0003137,상품_상세조회
SESS0003138,상품_상세조회
SESS0003139,상품_상세조회
SESS0003140,장바구니_이탈
SESS0003141,찜하기
SESS0003142,상품_상세조회
SESS0003143,상품_상세조회
SESS0003144,상품_상세조회
SESS0003145,검색
SESS0003146,상품_상세조회
SESS0003147,상품_상세조회
SESS0003148,찜하기
SESS0003149,상품_상세조회
SESS0003150,구매완료
SESS0003151,상품_상세조회
SESS0003152,구매완료
SESS0003153,찜하기
SESS0003154,상품_상세조회
SESS0003155,상품_상세조회
SESS0003156,구매완료
SESS0003157,구매완료
SESS0003158,상품_상세조회
SESS0003159,찜하기
SESS0003160,상품_상세조회
SESS0003161,구매완료
SESS0003162,상품_상세조회
SESS0003163,검색
SESS0003164,찜하기
SESS0003165,카테고리_이동
SESS0003166,결제페이지_진입
SESS0003167,찜하기
SESS0003168,상품_상세조회
SESS0003169,상품_상세조회
SESS0003170,검색
SESS0003171,상품_상세조회
SESS0003172,상품_상세조회
SESS0003173,찜하기
SESS0003174,상품_상세조회
SESS0003175,상품_상세조회
SESS0003176,구매완료
SESS0003177,상품_상세조회
SESS0003178,구매완료
SESS0003179,구매완료
SESS0003180,찜하기
SESS0003181,결제페이지_진입
SESS0003182,상품_상세조회
SESS0003183,상품_상세조회
SESS0003184,찜하기
SESS0003185,상품_상세조회
SESS0003186,상품_상세조회
SESS0003187,구매완료
SESS0003188,상품_상세조회
SESS0003189,결제페이지_진입
SESS0003190,카테고리_이동
SESS0003191,상품_상세조회
SESS0003192,결제페이지_진입
SESS0003193,상품_상세조회
SESS0003194,구매완료
SESS0003195,상품_상세조회
SESS0003196,상품_상세조회
SESS0003197,상품_상세조회
SESS0003198,검색
SESS0003199,상품_상세조회
SESS0003200,결제페이지_진입
SESS0003201,검색
SESS0003202,상품_상세조회
SESS0003203,검색
SESS0003204,찜하기
SESS0003205,카테고리_이동
SESS0003206,상품_상세조회
SESS0003207,상품_상세조회
SESS0003208,검색
SESS0003209,구매완료
SESS0003210,구매완료
SESS0003211,상품_상세조회
SESS0003212,상품_상세조회
SESS0003213,상품_상세조회
SESS0003214,찜하기
SESS0003215,상품_상세조회
SESS0003216,상품_상세조회
SESS0003217,상품_상세조회
SESS0003218,구매완료
SESS0003219,검색
SESS0003220,카테고리_이동
SESS0003221,카테고리_이동
SESS0003222,구매완료
SESS0003223,검색
SESS0003224,상품_상세조회
SESS0003225,상품_상세조회
SESS0003226,찜하기
SESS0003227,카테고리_이동
SESS0003228,찜하기
SESS0003229,상품_상세조회
SESS0003230,상품_상세조회
SESS0003231,상품_상세조회
SESS0003232,구매완료
SESS0003233,카테고리_이동
SESS0003234,찜하기
SESS0003235,상품_상세조회
SESS0003236,구매완료
SESS0003237,구매완료
SESS0003238,상품_상세조회
SESS0003239,카테고리_이동
SESS0003240,상품_상세조회
SESS0003241,구매완료
SESS0003242,검색
SESS0003243,카테고리_이동
SESS0003244,상품_상세조회
SESS0003245,검색
SESS0003246,구매완료
SESS0003247,상품_상세조회
SESS0003248,상품_상세조회
SESS0003249,상품_상세조회
SESS0003250,상품_상세조회
SESS0003251,카테고리_이동
SESS0003252,찜하기
SESS0003253,상품_상세조회
SESS0003254,구매완료
SESS0003255,구매완료
SESS0003256,상품_상세조회
SESS0003257,상품_상세조회
SESS0003258,구매완료
SESS0003259,상품_상세조회
SESS0003260,카테고리_이동
SESS0003261,상품_상세조회
SESS0003262,결제페이지_진입
SESS0003263,검색
SESS0003264,상품_상세조회
SESS0003265,상품_상세조회
SESS0003266,상품_상세조회
SESS0003267,상품_상세조회
SESS0003268,상품_상세조회
SESS0003269,구매완료
SESS0003270,상품_상세조회
SESS0003271,장바구니_이탈
SESS0003272,카테고리_이동
SESS0003273,찜하기
SESS0003274,찜하기
SESS0003275,찜하기
SESS0003276,찜하기
SESS0003277,카테고리_이동
SESS0003278,검색
SESS0003279,장바구니_이탈
SESS0003280,구매완료
SESS0003281,구매완료
SESS0003282,상품_상세조회
SESS0003283,상품_상세조회
SESS0003284,상품_상세조회
SESS0003285,구매완료
SESS0003286,검색
SESS0003287,상품_상세조회
SESS0003288,상품_상세조회
SESS0003289,상품_상세조회
SESS0003290,상품_상세조회
SESS0003291,검색
SESS0003292,결제페이지_진입
SESS0003293,상품_상세조회
SESS0003294,구매완료
SESS0003295,상품_상세조회
SESS0003296,검색
SESS0003297,카테고리_이동
SESS0003298,결제페이지_진입
SESS0003299,상품_상세조회
SESS0003300,구매완료
SESS0003301,상품_상세조회
SESS0003302,상품_상세조회
SESS0003303,검색
SESS0003304,결제페이지_진입
SESS0003305,결제페이지_진입
SESS0003306,찜하기
SESS0003307,상품_상세조회
SESS0003308,구매완료
SESS0003309,구매완료
SESS0003310,결제페이지_진입
SESS0003311,상품_상세조회
SESS0003312,구매완료
SESS0003313,장바구니_이탈
SESS0003314,상품_상세조회
SESS0003315,찜하기
SESS0003316,상품_상세조회
SESS0003317,상품_상세조회
SESS0003318,구매완료
SESS0003319,찜하기
SESS0003320,상품_상세조회
SESS0003321,찜하기
SESS0003322,검색
SESS0003323,구매완료
SESS0003324,검색
SESS0003325,구매완료
SESS0003326,장바구니_이탈
SESS0003327,상품_상세조회
SESS0003328,상품_상세조회
SESS0003329,상품_상세조회
SESS0003330,카테고리_이동
SESS0003331,상품_상세조회
SESS0003332,구매완료
SESS0003333,구매완료
SESS0003334,상품_상세조회
SESS0003335,찜하기
SESS0003336,상품_상세조회
SESS0003337,검색
SESS0003338,상품_상세조회
SESS0003339,카테고리_이동
SESS0003340,상품_상세조회
SESS0003341,구매완료
SESS0003342,검색
SESS0003343,구매완료
SESS0003344,상품_상세조회
SESS0003345,상품_상세조회
SESS0003346,상품_상세조회
SESS0003347,구매완료
SESS0003348,상품_상세조회
SESS0003349,상품_상세조회
SESS0003350,장바구니_이탈
SESS0003351,구매완료
SESS0003352,상품_상세조회
SESS0003353,상품_상세조회
SESS0003354,결제페이지_진입
SESS0003355,구매완료
SESS0003356,상품_상세조회
SESS0003357,상품_상세조회
SESS0003358,상품_상세조회
SESS0003359,구매완료
SESS0003360,상품_상세조회
SESS0003361,검색
SESS0003362,구매완료
SESS0003363,구매완료
SESS0003364,상품_상세조회
SESS0003365,상품_상세조회
SESS0003366,상품_상세조회
SESS0003367,장바구니_이탈
SESS0003368,검색
SESS0003369,검색
SESS0003370,결제페이지_진입
SESS0003371,장바구니_이탈
SESS0003372,찜하기
SESS0003373,검색
SESS0003374,상품_상세조회
SESS0003375,상품_상세조회
SESS0003376,상품_상세조회
SESS0003377,상품_상세조회
SESS0003378,구매완료
SESS0003379,상품_상세조회
SESS0003380,구매완료
SESS0003381,상품_상세조회
SESS0003382,상품_상세조회
SESS0003383,검색
SESS0003384,카테고리_이동
SESS0003385,상품_상세조회
SESS0003386,검색
SESS0003387,상품_상세조회
SESS0003388,상품_상세조회
SESS0003389,상품_상세조회
SESS0003390,구매완료
SESS0003391,구매완료
SESS0003392,찜하기
SESS0003393,상품_상세조회
SESS0003394,카테고리_이동
SESS0003395,구매완료
SESS0003396,구매완료
SESS0003397,구매완료
SESS0003398,구매완료
SESS0003399,결제페이지_진입
SESS0003400,상품_상세조회
SESS0003401,찜하기
SESS0003402,상품_상세조회
SESS0003403,상품_상세조회
SESS0003404,카테고리_이동
SESS0003405,구매완료
SESS0003406,상품_상세조회
SESS0003407,결제페이지_진입
SESS0003408,상품_상세조회
SESS0003409,구매완료
SESS0003410,구매완료
SESS0003411,상품_상세조회
SESS0003412,구매완료
SESS0003413,구매완료
SESS0003414,찜하기
SESS0003415,결제페이지_진입
SESS0003416,상품_상세조회
SESS0003417,카테고리_이동
SESS0003418,찜하기
SESS0003419,상품_상세조회
SESS0003420,상품_상세조회
SESS0003421,구매완료
SESS0003422,상품_상세조회
SESS0003423,상품_상세조회
SESS0003424,상품_상세조회
SESS0003425,상품_상세조회
SESS0003426,찜하기
SESS0003427,결제페이지_진입
SESS0003428,검색
SESS0003429,상품_상세조회
SESS0003430,구매완료
SESS0003431,검색
SESS0003432,상품_상세조회
SESS0003433,상품_상세조회
SESS0003434,구매완료
SESS0003435,결제페이지_진입
SESS0003436,찜하기
SESS0003437,카테고리_이동
SESS0003438,찜하기
SESS0003439,결제페이지_진입
SESS0003440,구매완료
SESS0003441,상품_상세조회
SESS0003442,장바구니_이탈
SESS0003443,상품_상세조회
SESS0003444,상품_상세조회
SESS0003445,카테고리_이동
SESS0003446,상품_상세조회
SESS0003447,결제페이지_진입
SESS0003448,상품_상세조회
SESS0003449,카테고리_이동
SESS0003450,카테고리_이동
SESS0003451,찜하기
SESS0003452,상품_상세조회
SESS0003453,상품_상세조회
SESS0003454,상품_상세조회
SESS0003455,상품_상세조회
SESS0003456,찜하기
SESS0003457,상품_상세조회
SESS0003458,구매완료
SESS0003459,구매완료
SESS0003460,상품_상세조회
SESS0003461,구매완료
SESS0003462,찜하기
SESS0003463,상품_상세조회
SESS0003464,결제페이지_진입
SESS0003465,상품_상세조회
SESS0003466,구매완료
SESS0003467,상품_상세조회
SESS0003468,장바구니_이탈
SESS0003469,상품_상세조회
SESS0003470,구매완료
SESS0003471,구매완료
SESS0003472,상품_상세조회
SESS0003473,상품_상세조회
SESS0003474,결제페이지_진입
SESS0003475,상품_상세조회
SESS0003476,상품_상세조회
SESS0003477,상품_상세조회
SESS0003478,구매완료
SESS0003479,검색
SESS0003480,상품_상세조회
SESS0003481,상품_상세조회
SESS0003482,구매완료
SESS0003483,상품_상세조회
SESS0003484,장바구니_이탈
SESS0003485,상품_상세조회
SESS0003486,구매완료
SESS0003487,찜하기
SESS0003488,상품_상세조회
SESS0003489,상품_상세조회
SESS0003490,카테고리_이동
SESS0003491,상품_상세조회
SESS0003492,상품_상세조회
SESS0003493,상품_상세조회
SESS0003494,결제페이지_진입
SESS0003495,찜하기
SESS0003496,상품_상세조회
SESS0003497,상품_상세조회
SESS0003498,카테고리_이동
SESS0003499,결제페이지_진입
SESS0003500,결제페이지_진입
SESS0003501,결제페이지_진입
SESS0003502,상품_상세조회
SESS0003503,검색
SESS0003504,상품_상세조회
SESS0003505,상품_상세조회
SESS0003506,상품_상세조회
SESS0003507,검색
SESS0003508,상품_상세조회
SESS0003509,검색
SESS0003510,상품_상세조회
SESS0003511,상품_상세조회
SESS0003512,찜하기
SESS0003513,상품_상세조회
SESS0003514,상품_상세조회
SESS0003515,상품_상세조회
SESS0003516,검색
SESS0003517,상품_상세조회
SESS0003518,상품_상세조회
SESS0003519,상품_상세조회
SESS0003520,구매완료
SESS0003521,구매완료
SESS0003522,결제페이지_진입
SESS0003523,상품_상세조회
SESS0003524,구매완료
SESS0003525,결제페이지_진입
SESS0003526,상품_상세조회
SESS0003527,상품_상세조회
SESS0003528,상품_상세조회
SESS0003529,상품_상세조회
SESS0003530,결제페이지_진입
SESS0003531,상품_상세조회
SESS0003532,검색
SESS0003533,구매완료
SESS0003534,상품_상세조회
SESS0003535,상품_상세조회
SESS0003536,상품_상세조회
SESS0003537,구매완료
SESS0003538,구매완료
SESS0003539,구매완료
SESS0003540,구매완료
SESS0003541,상품_상세조회
SESS0003542,구매완료
SESS0003543,상품_상세조회
SESS0003544,상품_상세조회
SESS0003545,상품_상세조회
SESS0003546,상품_상세조회
SESS0003547,검색
SESS0003548,상품_상세조회
SESS0003549,상품_상세조회
SESS0003550,카테고리_이동
SESS0003551,상품_상세조회
SESS0003552,상품_상세조회
SESS0003553,결제페이지_진입
SESS0003554,상품_상세조회
SESS0003555,찜하기
SESS0003556,검색
SESS0003557,찜하기
SESS0003558,상품_상세조회
SESS0003559,구매완료
SESS0003560,상품_상세조회
SESS0003561,카테고리_이동
SESS0003562,상품_상세조회
SESS0003563,구매완료
SESS0003564,구매완료
SESS0003565,찜하기
SESS0003566,상품_상세조회
SESS0003567,결제페이지_진입
SESS0003568,상품_상세조회
SESS0003569,상품_상세조회
SESS0003570,구매완료
SESS0003571,결제페이지_진입
SESS0003572,장바구니_이탈
SESS0003573,카테고리_이동
SESS0003574,상품_상세조회
SESS0003575,상품_상세조회
SESS0003576,구매완료
SESS0003577,상품_상세조회
SESS0003578,검색
SESS0003579,장바구니_이탈
SESS0003580,상품_상세조회
SESS0003581,상품_상세조회
SESS0003582,상품_상세조회
SESS0003583,구매완료
SESS0003584,상품_상세조회
SESS0003585,상품_상세조회
SESS0003586,상품_상세조회
SESS0003587,구매완료
SESS0003588,구매완료
SESS0003589,검색
SESS0003590,구매완료
SESS0003591,상품_상세조회
SESS0003592,상품_상세조회
SESS0003593,구매완료
SESS0003594,결제페이지_진입
SESS0003595,상품_상세조회
SESS0003596,구매완료
SESS0003597,상품_상세조회
SESS0003598,장바구니_이탈
SESS0003599,장바구니_이탈
SESS0003600,장바구니_이탈
SESS0003601,상품_상세조회
SESS0003602,상품_상세조회
SESS0003603,구매완료
SESS0003604,장바구니_이탈
SESS0003605,상품_상세조회
SESS0003606,구매완료
SESS0003607,구매완료
SESS0003608,구매완료
SESS0003609,찜하기
SESS0003610,상품_상세조회
SESS0003611,결제페이지_진입
SESS0003612,상품_상세조회
SESS0003613,상품_상세조회
SESS0003614,검색
SESS0003615,카테고리_이동
SESS0003616,구매완료
SESS0003617,상품_상세조회
SESS0003618,상품_상세조회
SESS0003619,장바구니_이탈
SESS0003620,구매완료
SESS0003621,카테고리_이동
SESS0003622,상품_상세조회
SESS0003623,구매완료
SESS0003624,찜하기
SESS0003625,상품_상세조회
SESS0003626,상품_상세조회
SESS0003627,상품_상세조회
SESS0003628,상품_상세조회
SESS0003629,상품_상세조회
SESS0003630,상품_상세조회
SESS0003631,검색
SESS0003632,결제페이지_진입
SESS0003633,구매완료
SESS0003634,결제페이지_진입
SESS0003635,구매완료
SESS0003636,상품_상세조회
SESS0003637,상품_상세조회
SESS0003638,상품_상세조회
SESS0003639,상품_상세조회
SESS0003640,구매완료
SESS0003641,결제페이지_진입
SESS0003642,검색
SESS0003643,상품_상세조회
SESS0003644,찜하기
SESS0003645,상품_상세조회
SESS0003646,찜하기
SESS0003647,상품_상세조회
SESS0003648,상품_상세조회
SESS0003649,상품_상세조회
SESS0003650,결제페이지_진입
SESS0003651,상품_상세조회
SESS0003652,구매완료
SESS0003653,카테고리_이동
SESS0003654,상품_상세조회
SESS0003655,상품_상세조회
SESS0003656,장바구니_이탈
SESS0003657,상품_상세조회
SESS0003658,구매완료
SESS0003659,상품_상세조회
SESS0003660,검색
SESS0003661,구매완료
SESS0003662,상품_상세조회
SESS0003663,카테고리_이동
SESS0003664,구매완료
SESS0003665,구매완료
SESS0003666,찜하기
SESS0003667,상품_상세조회
SESS0003668,구매완료
SESS0003669,상품_상세조회
SESS0003670,구매완료
SESS0003671,상품_상세조회
SESS0003672,결제페이지_진입
SESS0003673,구매완료
SESS0003674,카테고리_이동
SESS0003675,검색
SESS0003676,상품_상세조회
SESS0003677,상품_상세조회
SESS0003678,구매완료
SESS0003679,결제페이지_진입
SESS0003680,찜하기
SESS0003681,검색
SESS0003682,장바구니_이탈
SESS0003683,결제페이지_진입
SESS0003684,상품_상세조회
SESS0003685,결제페이지_진입
SESS0003686,상품_상세조회
SESS0003687,찜하기
SESS0003688,구매완료
SESS0003689,결제페이지_진입
SESS0003690,찜하기
SESS0003691,상품_상세조회
SESS0003692,결제페이지_진입
SESS0003693,상품_상세조회
SESS0003694,상품_상세조회
SESS0003695,상품_상세조회
SESS0003696,상품_상세조회
SESS0003697,결제페이지_진입
SESS0003698,상품_상세조회
SESS0003699,카테고리_이동
SESS0003700,상품_상세조회
SESS0003701,상품_상세조회
SESS0003702,구매완료
SESS0003703,구매완료
SESS0003704,상품_상세조회
SESS0003705,상품_상세조회
SESS0003706,구매완료
SESS0003707,상품_상세조회
SESS0003708,상품_상세조회
SESS0003709,카테고리_이동
SESS0003710,결제페이지_진입
SESS0003711,상품_상세조회
SESS0003712,상품_상세조회
SESS0003713,상품_상세조회
SESS0003714,상품_상세조회
SESS0003715,상품_상세조회
SESS0003716,상품_상세조회
SESS0003717,카테고리_이동
SESS0003718,상품_상세조회
SESS0003719,상품_상세조회
SESS0003720,상품_상세조회
SESS0003721,결제페이지_진입
SESS0003722,상품_상세조회
SESS0003723,상품_상세조회
SESS0003724,찜하기
SESS0003725,카테고리_이동
SESS0003726,상품_상세조회
SESS0003727,상품_상세조회
SESS0003728,결제페이지_진입
SESS0003729,상품_상세조회
SESS0003730,상품_상세조회
SESS0003731,구매완료
SESS0003732,구매완료
SESS0003733,결제페이지_진입
SESS0003734,상품_상세조회
SESS0003735,찜하기
SESS0003736,카테고리_이동
SESS0003737,상품_상세조회
SESS0003738,찜하기
SESS0003739,구매완료
SESS0003740,결제페이지_진입
SESS0003741,상품_상세조회
SESS0003742,구매완료
SESS0003743,상품_상세조회
SESS0003744,상품_상세조회
SESS0003745,상품_상세조회
SESS0003746,카테고리_이동
SESS0003747,구매완료
SESS0003748,장바구니_이탈
SESS0003749,상품_상세조회
SESS0003750,카테고리_이동
SESS0003751,상품_상세조회
SESS0003752,결제페이지_진입
SESS0003753,상품_상세조회
SESS0003754,구매완료
SESS0003755,구매완료
SESS0003756,상품_상세조회
SESS0003757,검색
SESS0003758,찜하기
SESS0003759,상품_상세조회
SESS0003760,찜하기
SESS0003761,상품_상세조회
SESS0003762,상품_상세조회
SESS0003763,구매완료
SESS0003764,찜하기
SESS0003765,상품_상세조회
SESS0003766,상품_상세조회
SESS0003767,카테고리_이동
SESS0003768,장바구니_이탈
SESS0003769,상품_상세조회
SESS0003770,상품_상세조회
SESS0003771,상품_상세조회
SESS0003772,결제페이지_진입
SESS0003773,구매완료
SESS0003774,상품_상세조회
SESS0003775,구매완료
SESS0003776,상품_상세조회
SESS0003777,상품_상세조회
SESS0003778,상품_상세조회
SESS0003779,구매완료
SESS0003780,상품_상세조회
SESS0003781,상품_상세조회
SESS0003782,상품_상세조회
SESS0003783,상품_상세조회
SESS0003784,찜하기
SESS0003785,상품_상세조회
SESS0003786,상품_상세조회
SESS0003787,상품_상세조회
SESS0003788,구매완료
SESS0003789,카테고리_이동
SESS0003790,상품_상세조회
SESS0003791,상품_상세조회
SESS0003792,상품_상세조회
SESS0003793,결제페이지_진입
SESS0003794,상품_상세조회
SESS0003795,상품_상세조회
SESS0003796,카테고리_이동
SESS0003797,구매완료
SESS0003798,구매완료
SESS0003799,구매완료
SESS0003800,찜하기
SESS0003801,카테고리_이동
SESS0003802,상품_상세조회
SESS0003803,상품_상세조회
SESS0003804,찜하기
SESS0003805,상품_상세조회
SESS0003806,상품_상세조회
SESS0003807,찜하기
SESS0003808,상품_상세조회
SESS0003809,카테고리_이동
SESS0003810,상품_상세조회
SESS0003811,상품_상세조회
SESS0003812,검색
SESS0003813,상품_상세조회
SESS0003814,상품_상세조회
SESS0003815,검색
SESS0003816,찜하기
SESS0003817,카테고리_이동
SESS0003818,구매완료
SESS0003819,상품_상세조회
SESS0003820,상품_상세조회
SESS0003821,상품_상세조회
SESS0003822,구매완료
SESS0003823,카테고리_이동
SESS0003824,상품_상세조회
SESS0003825,상품_상세조회
SESS0003826,결제페이지_진입
SESS0003827,구매완료
SESS0003828,찜하기
SESS0003829,장바구니_이탈
SESS0003830,검색
SESS0003831,상품_상세조회
SESS0003832,카테고리_이동
SESS0003833,구매완료
SESS0003834,결제페이지_진입
SESS0003835,카테고리_이동
SESS0003836,상품_상세조회
SESS0003837,카테고리_이동
SESS0003838,구매완료
SESS0003839,상품_상세조회
SESS0003840,카테고리_이동
SESS0003841,상품_상세조회
SESS0003842,구매완료
SESS0003843,찜하기
SESS0003844,상품_상세조회
SESS0003845,찜하기
SESS0003846,구매완료
SESS0003847,상품_상세조회
SESS0003848,상품_상세조회
SESS0003849,결제페이지_진입
SESS0003850,상품_상세조회
SESS0003851,상품_상세조회
SESS0003852,상품_상세조회
SESS0003853,상품_상세조회
SESS0003854,상품_상세조회
SESS0003855,상품_상세조회
SESS0003856,상품_상세조회
SESS0003857,상품_상세조회
SESS0003858,결제페이지_진입
SESS0003859,구매완료
SESS0003860,찜하기
SESS0003861,카테고리_이동
SESS0003862,카테고리_이동
SESS0003863,상품_상세조회
SESS0003864,상품_상세조회
SESS0003865,구매완료
SESS0003866,구매완료
SESS0003867,상품_상세조회
SESS0003868,결제페이지_진입
SESS0003869,카테고리_이동
SESS0003870,카테고리_이동
SESS0003871,상품_상세조회
SESS0003872,구매완료
SESS0003873,상품_상세조회
SESS0003874,상품_상세조회
SESS0003875,상품_상세조회
SESS0003876,찜하기
SESS0003877,결제페이지_진입
SESS0003878,구매완료
SESS0003879,상품_상세조회
SESS0003880,결제페이지_진입
SESS0003881,구매완료
SESS0003882,상품_상세조회
SESS0003883,검색
SESS0003884,카테고리_이동
SESS0003885,상품_상세조회
SESS0003886,결제페이지_진입
SESS0003887,상품_상세조회
SESS0003888,상품_상세조회
SESS0003889,상품_상세조회
SESS0003890,결제페이지_진입
SESS0003891,찜하기
SESS0003892,결제페이지_진입
SESS0003893,검색
SESS0003894,구매완료
SESS0003895,카테고리_이동
SESS0003896,구매완료
SESS0003897,구매완료
SESS0003898,결제페이지_진입
SESS0003899,결제페이지_진입
SESS0003900,구매완료
SESS0003901,결제페이지_진입
SESS0003902,찜하기
SESS0003903,결제페이지_진입
SESS0003904,상품_상세조회
SESS0003905,찜하기
SESS0003906,구매완료
SESS0003907,카테고리_이동
SESS0003908,상품_상세조회
SESS0003909,찜하기
SESS0003910,구매완료
SESS0003911,카테고리_이동
SESS0003912,검색
SESS0003913,카테고리_이동
SESS0003914,상품_상세조회
SESS0003915,구매완료
SESS0003916,상품_상세조회
SESS0003917,카테고리_이동
SESS0003918,구매완료
SESS0003919,결제페이지_진입
SESS0003920,상품_상세조회
SESS0003921,찜하기
SESS0003922,구매완료
SESS0003923,상품_상세조회
SESS0003924,상품_상세조회
SESS0003925,상품_상세조회
SESS0003926,상품_상세조회
SESS0003927,장바구니_이탈
SESS0003928,구매완료
SESS0003929,상품_상세조회
SESS0003930,상품_상세조회
SESS0003931,상품_상세조회
SESS0003932,구매완료
SESS0003933,상품_상세조회
SESS0003934,상품_상세조회
SESS0003935,구매완료
SESS0003936,카테고리_이동
SESS0003937,장바구니_이탈
SESS0003938,카테고리_이동
SESS0003939,결제페이지_진입
SESS0003940,구매완료
SESS0003941,카테고리_이동
SESS0003942,상품_상세조회
SESS0003943,구매완료
SESS0003944,찜하기
SESS0003945,상품_상세조회
SESS0003946,결제페이지_진입
SESS0003947,찜하기
SESS0003948,결제페이지_진입
SESS0003949,상품_상세조회
SESS0003950,상품_상세조회
SESS0003951,상품_상세조회
SESS0003952,상품_상세조회
SESS0003953,결제페이지_진입
SESS0003954,상품_상세조회
SESS0003955,장바구니_이탈
SESS0003956,결제페이지_진입
SESS0003957,상품_상세조회
SESS0003958,상품_상세조회
SESS0003959,결제페이지_진입
SESS0003960,상품_상세조회
SESS0003961,장바구니_이탈
SESS0003962,결제페이지_진입
SESS0003963,상품_상세조회
SESS0003964,상품_상세조회
SESS0003965,결제페이지_진입
SESS0003966,상품_상세조회
SESS0003967,구매완료
SESS0003968,상품_상세조회
SESS0003969,상품_상세조회
SESS0003970,구매완료
SESS0003971,구매완료
SESS0003972,상품_상세조회
SESS0003973,상품_상세조회
SESS0003974,구매완료
SESS0003975,상품_상세조회
SESS0003976,카테고리_이동
SESS0003977,구매완료
SESS0003978,카테고리_이동
SESS0003979,상품_상세조회
SESS0003980,구매완료
SESS0003981,장바구니_이탈
SESS0003982,장바구니_이탈
SESS0003983,상품_상세조회
SESS0003984,상품_상세조회
SESS0003985,검색
SESS0003986,상품_상세조회
SESS0003987,검색
SESS0003988,상품_상세조회
SESS0003989,구매완료
SESS0003990,결제페이지_진입
SESS0003991,카테고리_이동
SESS0003992,구매완료
SESS0003993,검색
SESS0003994,구매완료
SESS0003995,상품_상세조회
SESS0003996,상품_상세조회
SESS0003997,결제페이지_진입
SESS0003998,상품_상세조회
SESS0003999,찜하기
SESS0004000,찜하기
SESS0004001,검색
SESS0004002,상품_상세조회
SESS0004003,장바구니_이탈
SESS0004004,카테고리_이동
SESS0004005,상품_상세조회
SESS0004006,상품_상세조회
SESS0004007,찜하기
SESS0004008,검색
SESS0004009,카테고리_이동
SESS0004010,검색
SESS0004011,상품_상세조회
SESS0004012,검색
SESS0004013,찜하기
SESS0004014,구매완료
SESS0004015,카테고리_이동
SESS0004016,결제페이지_진입
SESS0004017,카테고리_이동
SESS0004018,상품_상세조회
SESS0004019,상품_상세조회
SESS0004020,상품_상세조회
SESS0004021,구매완료
SESS0004022,상품_상세조회
SESS0004023,결제페이지_진입
SESS0004024,검색
SESS0004025,결제페이지_진입
SESS0004026,상품_상세조회
SESS0004027,구매완료
SESS0004028,카테고리_이동
SESS0004029,상품_상세조회
SESS0004030,상품_상세조회
SESS0004031,상품_상세조회
SESS0004032,상품_상세조회
SESS0004033,찜하기
SESS0004034,결제페이지_진입
SESS0004035,결제페이지_진입
SESS0004036,결제페이지_진입
SESS0004037,구매완료
SESS0004038,상품_상세조회
SESS0004039,결제페이지_진입
SESS0004040,구매완료
SESS0004041,상품_상세조회
SESS0004042,상품_상세조회
SESS0004043,검색
SESS0004044,장바구니_이탈
SESS0004045,찜하기
SESS0004046,구매완료
SESS0004047,결제페이지_진입
SESS0004048,카테고리_이동
SESS0004049,검색
SESS0004050,장바구니_이탈
SESS0004051,카테고리_이동
SESS0004052,구매완료
SESS0004053,구매완료
SESS0004054,상품_상세조회
SESS0004055,상품_상세조회
SESS0004056,상품_상세조회
SESS0004057,상품_상세조회
SESS0004058,결제페이지_진입
SESS0004059,상품_상세조회
SESS0004060,찜하기
SESS0004061,상품_상세조회
SESS0004062,상품_상세조회
SESS0004063,상품_상세조회
SESS0004064,구매완료
SESS0004065,상품_상세조회
SESS0004066,상품_상세조회
SESS0004067,상품_상세조회
SESS0004068,찜하기
SESS0004069,검색
SESS0004070,검색
SESS0004071,상품_상세조회
SESS0004072,상품_상세조회
SESS0004073,구매완료
SESS0004074,상품_상세조회
SESS0004075,상품_상세조회
SESS0004076,구매완료
SESS0004077,찜하기
SESS0004078,상품_상세조회
SESS0004079,상품_상세조회
SESS0004080,상품_상세조회
SESS0004081,상품_상세조회
SESS0004082,상품_상세조회
SESS0004083,검색
SESS0004084,검색
SESS0004085,찜하기
SESS0004086,상품_상세조회
SESS0004087,찜하기
SESS0004088,상품_상세조회
SESS0004089,찜하기
SESS0004090,구매완료
SESS0004091,결제페이지_진입
SESS0004092,찜하기
SESS0004093,상품_상세조회
SESS0004094,카테고리_이동
SESS0004095,상품_상세조회
SESS0004096,상품_상세조회
SESS0004097,구매완료
SESS0004098,상품_상세조회
SESS0004099,장바구니_이탈
SESS0004100,상품_상세조회
SESS0004101,상품_상세조회
SESS0004102,상품_상세조회
SESS0004103,상품_상세조회
SESS0004104,찜하기
SESS0004105,검색
SESS0004106,상품_상세조회
SESS0004107,상품_상세조회
SESS0004108,상품_상세조회
SESS0004109,검색
SESS0004110,찜하기
SESS0004111,구매완료
SESS0004112,카테고리_이동
SESS0004113,상품_상세조회
SESS0004114,상품_상세조회
SESS0004115,검색
SESS0004116,장바구니_이탈
SESS0004117,상품_상세조회
SESS0004118,구매완료
SESS0004119,카테고리_이동
SESS0004120,찜하기
SESS0004121,구매완료
SESS0004122,상품_상세조회
SESS0004123,상품_상세조회
SESS0004124,상품_상세조회
SESS0004125,상품_상세조회
SESS0004126,상품_상세조회
SESS0004127,상품_상세조회
SESS0004128,상품_상세조회
SESS0004129,찜하기
SESS0004130,상품_상세조회
SESS0004131,검색
SESS0004132,상품_상세조회
SESS0004133,구매완료
SESS0004134,검색
SESS0004135,구매완료
SESS0004136,구매완료
SESS0004137,상품_상세조회
SESS0004138,상품_상세조회
SESS0004139,상품_상세조회
SESS0004140,구매완료
SESS0004141,구매완료
SESS0004142,구매완료
SESS0004143,구매완료
SESS0004144,상품_상세조회
SESS0004145,결제페이지_진입
SESS0004146,상품_상세조회
SESS0004147,찜하기
SESS0004148,구매완료
SESS0004149,구매완료
SESS0004150,상품_상세조회
SESS0004151,상품_상세조회
SESS0004152,상품_상세조회
SESS0004153,찜하기
SESS0004154,상품_상세조회
SESS0004155,카테고리_이동
SESS0004156,구매완료
SESS0004157,상품_상세조회
SESS0004158,구매완료
SESS0004159,상품_상세조회
SESS0004160,상품_상세조회
SESS0004161,찜하기
SESS0004162,상품_상세조회
SESS0004163,상품_상세조회
SESS0004164,검색
SESS0004165,상품_상세조회
SESS0004166,상품_상세조회
SESS0004167,상품_상세조회
SESS0004168,결제페이지_진입
SESS0004169,상품_상세조회
SESS0004170,카테고리_이동
SESS0004171,상품_상세조회
SESS0004172,상품_상세조회
SESS0004173,상품_상세조회
SESS0004174,찜하기
SESS0004175,결제페이지_진입
SESS0004176,구매완료
SESS0004177,상품_상세조회
SESS0004178,상품_상세조회
SESS0004179,상품_상세조회
SESS0004180,상품_상세조회
SESS0004181,결제페이지_진입
SESS0004182,상품_상세조회
SESS0004183,구매완료
SESS0004184,상품_상세조회
SESS0004185,상품_상세조회
SESS0004186,찜하기
SESS0004187,결제페이지_진입
SESS0004188,찜하기
SESS0004189,결제페이지_진입
SESS0004190,검색
SESS0004191,상품_상세조회
SESS0004192,상품_상세조회
SESS0004193,상품_상세조회
SESS0004194,구매완료
SESS0004195,상품_상세조회
SESS0004196,상품_상세조회
SESS0004197,상품_상세조회
SESS0004198,찜하기
SESS0004199,구매완료
SESS0004200,상품_상세조회
SESS0004201,장바구니_이탈
SESS0004202,검색
SESS0004203,검색
SESS0004204,찜하기
SESS0004205,상품_상세조회
SESS0004206,상품_상세조회
SESS0004207,구매완료
SESS0004208,상품_상세조회
SESS0004209,검색
SESS0004210,상품_상세조회
SESS0004211,카테고리_이동
SESS0004212,상품_상세조회
SESS0004213,상품_상세조회
SESS0004214,구매완료
SESS0004215,상품_상세조회
SESS0004216,상품_상세조회
SESS0004217,검색
SESS0004218,상품_상세조회
SESS0004219,상품_상세조회
SESS0004220,상품_상세조회
SESS0004221,상품_상세조회
SESS0004222,상품_상세조회
SESS0004223,상품_상세조회
SESS0004224,상품_상세조회
SESS0004225,상품_상세조회
SESS0004226,구매완료
SESS0004227,상품_상세조회
SESS0004228,상품_상세조회
SESS0004229,상품_상세조회
SESS0004230,상품_상세조회
SESS0004231,구매완료
SESS0004232,상품_상세조회
SESS0004233,카테고리_이동
SESS0004234,구매완료
SESS0004235,결제페이지_진입
SESS0004236,결제페이지_진입
SESS0004237,구매완료
SESS0004238,찜하기
SESS0004239,상품_상세조회
SESS0004240,장바구니_이탈
SESS0004241,결제페이지_진입
SESS0004242,상품_상세조회
SESS0004243,상품_상세조회
SESS0004244,상품_상세조회
SESS0004245,상품_상세조회
SESS0004246,상품_상세조회
SESS0004247,상품_상세조회
SESS0004248,상품_상세조회
SESS0004249,검색
SESS0004250,구매완료
SESS0004251,상품_상세조회
SESS0004252,카테고리_이동
SESS0004253,찜하기
SESS0004254,상품_상세조회
SESS0004255,카테고리_이동
SESS0004256,상품_상세조회
SESS0004257,결제페이지_진입
SESS0004258,찜하기
SESS0004259,상품_상세조회
SESS0004260,장바구니_이탈
SESS0004261,결제페이지_진입
SESS0004262,상품_상세조회
SESS0004263,상품_상세조회
SESS0004264,상품_상세조회
SESS0004265,찜하기
SESS0004266,상품_상세조회
SESS0004267,상품_상세조회
SESS0004268,장바구니_이탈
SESS0004269,상품_상세조회
SESS0004270,구매완료
SESS0004271,구매완료
SESS0004272,상품_상세조회
SESS0004273,찜하기
SESS0004274,상품_상세조회
SESS0004275,상품_상세조회
SESS0004276,상품_상세조회
SESS0004277,구매완료
SESS0004278,찜하기
SESS0004279,상품_상세조회
SESS0004280,찜하기
SESS0004281,카테고리_이동
SESS0004282,상품_상세조회
SESS0004283,상품_상세조회
SESS0004284,상품_상세조회
SESS0004285,상품_상세조회
SESS0004286,구매완료
SESS0004287,카테고리_이동
SESS0004288,상품_상세조회
SESS0004289,상품_상세조회
SESS0004290,검색
SESS0004291,구매완료
SESS0004292,구매완료
SESS0004293,상품_상세조회
SESS0004294,상품_상세조회
SESS0004295,상품_상세조회
SESS0004296,상품_상세조회
SESS0004297,찜하기
SESS0004298,상품_상세조회
SESS0004299,상품_상세조회
SESS0004300,상품_상세조회
SESS0004301,장바구니_이탈
SESS0004302,상품_상세조회
SESS0004303,찜하기
SESS0004304,구매완료
SESS0004305,구매완료
SESS0004306,구매완료
SESS0004307,상품_상세조회
SESS0004308,구매완료
SESS0004309,카테고리_이동
SESS0004310,구매완료
SESS0004311,상품_상세조회
SESS0004312,구매완료
SESS0004313,카테고리_이동
SESS0004314,장바구니_이탈
SESS0004315,장바구니_이탈
SESS0004316,상품_상세조회
SESS0004317,상품_상세조회
SESS0004318,장바구니_이탈
SESS0004319,찜하기
SESS0004320,상품_상세조회
SESS0004321,카테고리_이동
SESS0004322,상품_상세조회
SESS0004323,상품_상세조회
SESS0004324,찜하기
SESS0004325,상품_상세조회
SESS0004326,상품_상세조회
SESS0004327,상품_상세조회
SESS0004328,상품_상세조회
SESS0004329,상품_상세조회
SESS0004330,구매완료
SESS0004331,구매완료
SESS0004332,상품_상세조회
SESS0004333,카테고리_이동
SESS0004334,상품_상세조회
SESS0004335,상품_상세조회
SESS0004336,장바구니_이탈
SESS0004337,상품_상세조회
SESS0004338,찜하기
SESS0004339,결제페이지_진입
SESS0004340,상품_상세조회
SESS0004341,구매완료
SESS0004342,카테고리_이동
SESS0004343,상품_상세조회
SESS0004344,상품_상세조회
SESS0004345,카테고리_이동
SESS0004346,카테고리_이동
SESS0004347,찜하기
SESS0004348,상품_상세조회
SESS0004349,상품_상세조회
SESS0004350,상품_상세조회
SESS0004351,상품_상세조회
SESS0004352,카테고리_이동
SESS0004353,상품_상세조회
SESS0004354,상품_상세조회
SESS0004355,상품_상세조회
SESS0004356,상품_상세조회
SESS0004357,결제페이지_진입
SESS0004358,카테고리_이동
SESS0004359,상품_상세조회
SESS0004360,결제페이지_진입
SESS0004361,카테고리_이동
SESS0004362,상품_상세조회
SESS0004363,상품_상세조회
SESS0004364,상품_상세조회
SESS0004365,상품_상세조회
SESS0004366,구매완료
SESS0004367,상품_상세조회
SESS0004368,검색
SESS0004369,검색
SESS0004370,결제페이지_진입
SESS0004371,결제페이지_진입
SESS0004372,상품_상세조회
SESS0004373,구매완료
SESS0004374,상품_상세조회
SESS0004375,검색
SESS0004376,결제페이지_진입
SESS0004377,상품_상세조회
SESS0004378,찜하기
SESS0004379,상품_상세조회
SESS0004380,상품_상세조회
SESS0004381,카테고리_이동
SESS0004382,검색
SESS0004383,상품_상세조회
SESS0004384,장바구니_이탈
SESS0004385,상품_상세조회
SESS0004386,상품_상세조회
SESS0004387,구매완료
SESS0004388,구매완료
SESS0004389,상품_상세조회
SESS0004390,장바구니_이탈
SESS0004391,상품_상세조회
SESS0004392,상품_상세조회
SESS0004393,구매완료
SESS0004394,카테고리_이동
SESS0004395,상품_상세조회
SESS0004396,상품_상세조회
SESS0004397,상품_상세조회
SESS0004398,구매완료
SESS0004399,상품_상세조회
SESS0004400,상품_상세조회
SESS0004401,결제페이지_진입
SESS0004402,상품_상세조회
SESS0004403,구매완료
SESS0004404,검색
SESS0004405,상품_상세조회
SESS0004406,카테고리_이동
SESS0004407,상품_상세조회
SESS0004408,구매완료
SESS0004409,상품_상세조회
SESS0004410,검색
SESS0004411,상품_상세조회
SESS0004412,상품_상세조회
SESS0004413,상품_상세조회
SESS0004414,구매완료
SESS0004415,검색
SESS0004416,결제페이지_진입
SESS0004417,상품_상세조회
SESS0004418,상품_상세조회
SESS0004419,상품_상세조회
SESS0004420,상품_상세조회
SESS0004421,찜하기
SESS0004422,상품_상세조회
SESS0004423,상품_상세조회
SESS0004424,상품_상세조회
SESS0004425,상품_상세조회
SESS0004426,찜하기
SESS0004427,상품_상세조회
SESS0004428,구매완료
SESS0004429,장바구니_이탈
SESS0004430,검색
SESS0004431,상품_상세조회
SESS0004432,결제페이지_진입
SESS0004433,상품_상세조회
SESS0004434,찜하기
SESS0004435,상품_상세조회
SESS0004436,상품_상세조회
SESS0004437,상품_상세조회
SESS0004438,상품_상세조회
SESS0004439,상품_상세조회
SESS0004440,상품_상세조회
SESS0004441,검색
SESS0004442,상품_상세조회
SESS0004443,상품_상세조회
SESS0004444,카테고리_이동
SESS0004445,결제페이지_진입
SESS0004446,상품_상세조회
SESS0004447,결제페이지_진입
SESS0004448,카테고리_이동
SESS0004449,구매완료
SESS0004450,구매완료
SESS0004451,검색
SESS0004452,상품_상세조회
SESS0004453,구매완료
SESS0004454,구매완료
SESS0004455,상품_상세조회
SESS0004456,찜하기
SESS0004457,찜하기
SESS0004458,구매완료
SESS0004459,상품_상세조회
SESS0004460,상품_상세조회
SESS0004461,카테고리_이동
SESS0004462,상품_상세조회
SESS0004463,장바구니_이탈
SESS0004464,상품_상세조회
SESS0004465,찜하기
SESS0004466,상품_상세조회
SESS0004467,상품_상세조회
SESS0004468,구매완료
SESS0004469,장바구니_이탈
SESS0004470,상품_상세조회
SESS0004471,장바구니_이탈
SESS0004472,카테고리_이동
SESS0004473,구매완료
SESS0004474,찜하기
SESS0004475,상품_상세조회
SESS0004476,상품_상세조회
SESS0004477,카테고리_이동
SESS0004478,상품_상세조회
SESS0004479,찜하기
SESS0004480,상품_상세조회
SESS0004481,검색
SESS0004482,카테고리_이동
SESS0004483,찜하기
SESS0004484,상품_상세조회
SESS0004485,상품_상세조회
SESS0004486,상품_상세조회
SESS0004487,상품_상세조회
SESS0004488,카테고리_이동
SESS0004489,카테고리_이동
SESS0004490,검색
SESS0004491,카테고리_이동
SESS0004492,상품_상세조회
SESS0004493,검색
SESS0004494,상품_상세조회
SESS0004495,결제페이지_진입
SESS0004496,상품_상세조회
SESS0004497,구매완료
SESS0004498,결제페이지_진입
SESS0004499,장바구니_이탈
SESS0004500,상품_상세조회
SESS0004501,검색
SESS0004502,구매완료
SESS0004503,구매완료
SESS0004504,상품_상세조회
SESS0004505,찜하기
SESS0004506,장바구니_이탈
SESS0004507,카테고리_이동
SESS0004508,장바구니_이탈
SESS0004509,찜하기
SESS0004510,상품_상세조회
SESS0004511,구매완료
SESS0004512,구매완료
SESS0004513,상품_상세조회
SESS0004514,상품_상세조회
SESS0004515,상품_상세조회
SESS0004516,장바구니_이탈
SESS0004517,구매완료
SESS0004518,상품_상세조회
SESS0004519,찜하기
SESS0004520,상품_상세조회
SESS0004521,결제페이지_진입
SESS0004522,카테고리_이동
SESS0004523,상품_상세조회
SESS0004524,상품_상세조회
SESS0004525,상품_상세조회
SESS0004526,검색
SESS0004527,상품_상세조회
SESS0004528,찜하기
SESS0004529,구매완료
SESS0004530,검색
SESS0004531,결제페이지_진입
SESS0004532,찜하기
SESS0004533,상품_상세조회
SESS0004534,구매완료
SESS0004535,상품_상세조회
SESS0004536,상품_상세조회
SESS0004537,검색
SESS0004538,찜하기
SESS0004539,구매완료
SESS0004540,구매완료
SESS0004541,장바구니_이탈
SESS0004542,카테고리_이동
SESS0004543,상품_상세조회
SESS0004544,찜하기
SESS0004545,상품_상세조회
SESS0004546,상품_상세조회
SESS0004547,상품_상세조회
SESS0004548,상품_상세조회
SESS0004549,장바구니_이탈
SESS0004550,구매완료
SESS0004551,상품_상세조회
SESS0004552,상품_상세조회
SESS0004553,상품_상세조회
SESS0004554,찜하기
SESS0004555,구매완료
SESS0004556,상품_상세조회
SESS0004557,찜하기
SESS0004558,상품_상세조회
SESS0004559,구매완료
SESS0004560,상품_상세조회
SESS0004561,상품_상세조회
SESS0004562,상품_상세조회
SESS0004563,검색
SESS0004564,장바구니_이탈
SESS0004565,구매완료
SESS0004566,상품_상세조회
SESS0004567,결제페이지_진입
SESS0004568,상품_상세조회
SESS0004569,카테고리_이동
SESS0004570,상품_상세조회
SESS0004571,구매완료
SESS0004572,상품_상세조회
SESS0004573,검색
SESS0004574,상품_상세조회
SESS0004575,검색
SESS0004576,결제페이지_진입
SESS0004577,찜하기
SESS0004578,상품_상세조회
SESS0004579,상품_상세조회
SESS0004580,상품_상세조회
SESS0004581,상품_상세조회
SESS0004582,장바구니_이탈
SESS0004583,상품_상세조회
SESS0004584,구매완료
SESS0004585,구매완료
SESS0004586,상품_상세조회
SESS0004587,카테고리_이동
SESS0004588,상품_상세조회
SESS0004589,상품_상세조회
SESS0004590,장바구니_이탈
SESS0004591,상품_상세조회
SESS0004592,구매완료
SESS0004593,상품_상세조회
SESS0004594,찜하기
SESS0004595,상품_상세조회
SESS0004596,찜하기
SESS0004597,상품_상세조회
SESS0004598,검색
SESS0004599,상품_상세조회
SESS0004600,상품_상세조회
SESS0004601,상품_상세조회
SESS0004602,찜하기
SESS0004603,결제페이지_진입
SESS0004604,상품_상세조회
SESS0004605,구매완료
SESS0004606,상품_상세조회
SESS0004607,상품_상세조회
SESS0004608,상품_상세조회
SESS0004609,찜하기
SESS0004610,찜하기
SESS0004611,상품_상세조회
SESS0004612,상품_상세조회
SESS0004613,구매완료
SESS0004614,상품_상세조회
SESS0004615,찜하기
SESS0004616,상품_상세조회
SESS0004617,상품_상세조회
SESS0004618,상품_상세조회
SESS0004619,구매완료
SESS0004620,장바구니_이탈
SESS0004621,카테고리_이동
SESS0004622,상품_상세조회
SESS0004623,상품_상세조회
SESS0004624,장바구니_이탈
SESS0004625,상품_상세조회
SESS0004626,카테고리_이동
SESS0004627,구매완료
SESS0004628,결제페이지_진입
SESS0004629,상품_상세조회
SESS0004630,찜하기
SESS0004631,장바구니_이탈
SESS0004632,구매완료
SESS0004633,구매완료
SESS0004634,카테고리_이동
SESS0004635,검색
SESS0004636,상품_상세조회
SESS0004637,상품_상세조회
SESS0004638,상품_상세조회
SESS0004639,검색
SESS0004640,상품_상세조회
SESS0004641,검색
SESS0004642,구매완료
SESS0004643,구매완료
SESS0004644,상품_상세조회
SESS0004645,결제페이지_진입
SESS0004646,찜하기
SESS0004647,상품_상세조회
SESS0004648,결제페이지_진입
SESS0004649,카테고리_이동
SESS0004650,검색
SESS0004651,상품_상세조회
SESS0004652,구매완료
SESS0004653,상품_상세조회
SESS0004654,상품_상세조회
SESS0004655,상품_상세조회
SESS0004656,상품_상세조회
SESS0004657,상품_상세조회
SESS0004658,장바구니_이탈
SESS0004659,구매완료
SESS0004660,찜하기
SESS0004661,상품_상세조회
SESS0004662,검색
SESS0004663,카테고리_이동
SESS0004664,카테고리_이동
SESS0004665,상품_상세조회
SESS0004666,결제페이지_진입
SESS0004667,결제페이지_진입
SESS0004668,찜하기
SESS0004669,상품_상세조회
SESS0004670,상품_상세조회
SESS0004671,구매완료
SESS0004672,상품_상세조회
SESS0004673,상품_상세조회
SESS0004674,검색
SESS0004675,상품_상세조회
SESS0004676,상품_상세조회
SESS0004677,상품_상세조회
SESS0004678,상품_상세조회
SESS0004679,상품_상세조회
SESS0004680,카테고리_이동
SESS0004681,결제페이지_진입
SESS0004682,찜하기
SESS0004683,장바구니_이탈
SESS0004684,상품_상세조회
SESS0004685,상품_상세조회
SESS0004686,상품_상세조회
SESS0004687,상품_상세조회
SESS0004688,검색
SESS0004689,카테고리_이동
SESS0004690,구매완료
SESS0004691,상품_상세조회
SESS0004692,카테고리_이동
SESS0004693,찜하기
SESS0004694,구매완료
SESS0004695,상품_상세조회
SESS0004696,상품_상세조회
SESS0004697,상품_상세조회
SESS0004698,상품_상세조회
SESS0004699,상품_상세조회
SESS0004700,구매완료
SESS0004701,상품_상세조회
SESS0004702,상품_상세조회
SESS0004703,상품_상세조회
SESS0004704,상품_상세조회
SESS0004705,구매완료
SESS0004706,결제페이지_진입
SESS0004707,상품_상세조회
SESS0004708,상품_상세조회
SESS0004709,상품_상세조회
SESS0004710,상품_상세조회
SESS0004711,상품_상세조회
SESS0004712,상품_상세조회
SESS0004713,결제페이지_진입
SESS0004714,상품_상세조회
SESS0004715,구매완료
SESS0004716,카테고리_이동
SESS0004717,상품_상세조회
SESS0004718,상품_상세조회
SESS0004719,찜하기
SESS0004720,카테고리_이동
SESS0004721,구매완료
SESS0004722,상품_상세조회
SESS0004723,상품_상세조회
SESS0004724,상품_상세조회
SESS0004725,상품_상세조회
SESS0004726,구매완료
SESS0004727,구매완료
SESS0004728,구매완료
SESS0004729,찜하기
SESS0004730,구매완료
SESS0004731,상품_상세조회
SESS0004732,구매완료
SESS0004733,상품_상세조회
SESS0004734,상품_상세조회
SESS0004735,결제페이지_진입
SESS0004736,상품_상세조회
SESS0004737,카테고리_이동
SESS0004738,상품_상세조회
SESS0004739,상품_상세조회
SESS0004740,검색
SESS0004741,상품_상세조회
SESS0004742,카테고리_이동
SESS0004743,상품_상세조회
SESS0004744,구매완료
SESS0004745,구매완료
SESS0004746,상품_상세조회
SESS0004747,결제페이지_진입
SESS0004748,구매완료
SESS0004749,상품_상세조회
SESS0004750,상품_상세조회
SESS0004751,상품_상세조회
SESS0004752,상품_상세조회
SESS0004753,상품_상세조회
SESS0004754,구매완료
SESS0004755,구매완료
SESS0004756,상품_상세조회
SESS0004757,검색
SESS0004758,상품_상세조회
SESS0004759,상품_상세조회
SESS0004760,상품_상세조회
SESS0004761,장바구니_이탈
SESS0004762,상품_상세조회
SESS0004763,구매완료
SESS0004764,상품_상세조회
SESS0004765,결제페이지_진입
SESS0004766,상품_상세조회
SESS0004767,상품_상세조회
SESS0004768,검색
SESS0004769,카테고리_이동
SESS0004770,카테고리_이동
SESS0004771,상품_상세조회
SESS0004772,찜하기
SESS0004773,상품_상세조회
SESS0004774,카테고리_이동
SESS0004775,상품_상세조회
SESS0004776,구매완료
SESS0004777,상품_상세조회
SESS0004778,구매완료
SESS0004779,상품_상세조회
SESS0004780,상품_상세조회
SESS0004781,상품_상세조회
SESS0004782,구매완료
SESS0004783,상품_상세조회
SESS0004784,검색
SESS0004785,상품_상세조회
SESS0004786,상품_상세조회
SESS0004787,찜하기
SESS0004788,구매완료
SESS0004789,상품_상세조회
SESS0004790,구매완료
SESS0004791,카테고리_이동
SESS0004792,상품_상세조회
SESS0004793,결제페이지_진입
SESS0004794,상품_상세조회
SESS0004795,검색
SESS0004796,검색
SESS0004797,구매완료
SESS0004798,상품_상세조회
SESS0004799,상품_상세조회
SESS0004800,상품_상세조회
SESS0004801,구매완료
SESS0004802,카테고리_이동
SESS0004803,구매완료
SESS0004804,상품_상세조회
SESS0004805,상품_상세조회
SESS0004806,상품_상세조회
SESS0004807,카테고리_이동
SESS0004808,상품_상세조회
SESS0004809,구매완료
SESS0004810,상품_상세조회
SESS0004811,구매완료
SESS0004812,상품_상세조회
SESS0004813,상품_상세조회
SESS0004814,상품_상세조회
SESS0004815,카테고리_이동
SESS0004816,검색
SESS0004817,구매완료
SESS0004818,상품_상세조회
SESS0004819,상품_상세조회
SESS0004820,상품_상세조회
SESS0004821,상품_상세조회
SESS0004822,카테고리_이동
SESS0004823,구매완료
SESS0004824,상품_상세조회
SESS0004825,찜하기
SESS0004826,카테고리_이동
SESS0004827,구매완료
SESS0004828,구매완료
SESS0004829,상품_상세조회
SESS0004830,결제페이지_진입
SESS0004831,상품_상세조회
SESS0004832,결제페이지_진입
SESS0004833,상품_상세조회
SESS0004834,카테고리_이동
SESS0004835,상품_상세조회
SESS0004836,카테고리_이동
SESS0004837,구매완료
SESS0004838,상품_상세조회
SESS0004839,상품_상세조회
SESS0004840,구매완료
SESS0004841,상품_상세조회
SESS0004842,검색
SESS0004843,결제페이지_진입
SESS0004844,상품_상세조회
SESS0004845,결제페이지_진입
SESS0004846,상품_상세조회
SESS0004847,상품_상세조회
SESS0004848,상품_상세조회
SESS0004849,상품_상세조회
SESS0004850,검색
SESS0004851,상품_상세조회
SESS0004852,상품_상세조회
SESS0004853,상품_상세조회
SESS0004854,상품_상세조회
SESS0004855,상품_상세조회
SESS0004856,검색
SESS0004857,상품_상세조회
SESS0004858,카테고리_이동
SESS0004859,결제페이지_진입
SESS0004860,찜하기
SESS0004861,상품_상세조회
SESS0004862,구매완료
SESS0004863,상품_상세조회
SESS0004864,구매완료
SESS0004865,카테고리_이동
SESS0004866,장바구니_이탈
SESS0004867,결제페이지_진입
SESS0004868,상품_상세조회
SESS0004869,상품_상세조회
SESS0004870,상품_상세조회
SESS0004871,상품_상세조회
SESS0004872,구매완료
SESS0004873,상품_상세조회
SESS0004874,상품_상세조회
SESS0004875,카테고리_이동
SESS0004876,상품_상세조회
SESS0004877,찜하기
SESS0004878,구매완료
SESS0004879,검색
SESS0004880,구매완료
SESS0004881,찜하기
SESS0004882,결제페이지_진입
SESS0004883,카테고리_이동
SESS0004884,구매완료
SESS0004885,상품_상세조회
SESS0004886,상품_상세조회
SESS0004887,상품_상세조회
SESS0004888,상품_상세조회
SESS0004889,상품_상세조회
SESS0004890,상품_상세조회
SESS0004891,상품_상세조회
SESS0004892,카테고리_이동
SESS0004893,찜하기
SESS0004894,상품_상세조회
SESS0004895,구매완료
SESS0004896,카테고리_이동
SESS0004897,장바구니_이탈
SESS0004898,상품_상세조회
SESS0004899,결제페이지_진입
SESS0004900,상품_상세조회
SESS0004901,구매완료
SESS0004902,찜하기
SESS0004903,상품_상세조회
SESS0004904,상품_상세조회
SESS0004905,카테고리_이동
SESS0004906,상품_상세조회
