sessionId,deviceType
SESS0000001,모바일
SESS0000002,모바일
SESS0000003,모바일
SESS0000004,모바일
SESS0000005,모바일
SESS0000006,모바일
SESS0000007,모바일
SESS0000008,모바일
SESS0000009,모바일
SESS0000010,모바일
SESS0000011,모바일
SESS0000012,모바일
SESS0000013,모바일
SESS0000014,모바일
SESS0000015,모바일
SESS0000016,PC
SESS0000017,모바일
SESS0000018,모바일
SESS0000019,모바일
SESS0000020,모바일
SESS0000021,모바일
SESS0000022,모바일
SESS0000023,모바일
SESS0000024,모바일
SESS0000025,모바일
SESS0000026,모바일
SESS0000027,모바일
SESS0000028,모바일
SESS0000029,모바일
SESS0000030,PC
SESS0000031,PC
SESS0000032,PC
SESS0000033,모바일
SESS0000034,태블릿
SESS0000035,모바일
SESS0000036,모바일
SESS0000037,모바일
SESS0000038,모바일
SESS0000039,모바일
SESS0000040,모바일
SESS0000041,모바일
SESS0000042,모바일
SESS0000043,PC
SESS0000044,PC
SESS0000045,모바일
SESS0000046,모바일
SESS0000047,모바일
SESS0000048,PC
SESS0000049,PC
SESS0000050,모바일
SESS0000051,모바일
SESS0000052,모바일
SESS0000053,모바일
SESS0000054,모바일
SESS0000055,모바일
SESS0000056,모바일
SESS0000057,모바일
SESS0000058,모바일
SESS0000059,모바일
SESS0000060,모바일
SESS0000061,모바일
SESS0000062,모바일
SESS0000063,모바일
SESS0000064,모바일
SESS0000065,모바일
SESS0000066,모바일
SESS0000067,모바일
SESS0000068,모바일
SESS0000069,모바일
SESS0000070,모바일
SESS0000071,모바일
SESS0000072,모바일
SESS0000073,모바일
SESS0000074,모바일
SESS0000075,모바일
SESS0000076,모바일
SESS0000077,모바일
SESS0000078,모바일
SESS0000079,모바일
SESS0000080,모바일
SESS0000081,모바일
SESS0000082,모바일
SESS0000083,모바일
SESS0000084,모바일
SESS0000085,모바일
SESS0000086,모바일
SESS0000087,모바일
SESS0000088,모바일
SESS0000089,모바일
SESS0000090,모바일
SESS0000091,모바일
SESS0000092,모바일
SESS0000093,PC
SESS0000094,모바일
SESS0000095,모바일
SESS0000096,모바일
SESS0000097,모바일
SESS0000098,모바일
SESS0000099,모바일
SESS0000100,모바일
SESS0000101,모바일
SESS0000102,모바일
SESS0000103,모바일
SESS0000104,태블릿
SESS0000105,태블릿
SESS0000106,태블릿
SESS0000107,태블릿
SESS0000108,태블릿
SESS0000109,태블릿
SESS0000110,모바일
SESS0000111,모바일
SESS0000112,모바일
SESS0000113,모바일
SESS0000114,모바일
SESS0000115,모바일
SESS0000116,모바일
SESS0000117,모바일
SESS0000118,모바일
SESS0000119,모바일
SESS0000120,모바일
SESS0000121,모바일
SESS0000122,모바일
SESS0000123,모바일
SESS0000124,모바일
SESS0000125,모바일
SESS0000126,모바일
SESS0000127,모바일
SESS0000128,모바일
SESS0000129,모바일
SESS0000130,모바일
SESS0000131,모바일
SESS0000132,모바일
SESS0000133,모바일
SESS0000134,모바일
SESS0000135,모바일
SESS0000136,모바일
SESS0000137,모바일
SESS0000138,모바일
SESS0000139,모바일
SESS0000140,모바일
SESS0000141,모바일
SESS0000142,모바일
SESS0000143,PC
SESS0000144,PC
SESS0000145,모바일
SESS0000146,모바일
SESS0000147,모바일
SESS0000148,모바일
SESS0000149,모바일
SESS0000150,모바일
SESS0000151,태블릿
SESS0000152,태블릿
SESS0000153,모바일
SESS0000154,모바일
SESS0000155,모바일
SESS0000156,모바일
SESS0000157,모바일
SESS0000158,모바일
SESS0000159,모바일
SESS0000160,모바일
SESS0000161,모바일
SESS0000162,모바일
SESS0000163,모바일
SESS0000164,모바일
SESS0000165,모바일
SESS0000166,모바일
SESS0000167,태블릿
SESS0000168,태블릿
SESS0000169,모바일
SESS0000170,모바일
SESS0000171,모바일
SESS0000172,모바일
SESS0000173,태블릿
SESS0000174,PC
SESS0000175,PC
SESS0000176,PC
SESS0000177,PC
SESS0000178,PC
SESS0000179,PC
SESS0000180,PC
SESS0000181,PC
SESS0000182,PC
SESS0000183,PC
SESS0000184,모바일
SESS0000185,모바일
SESS0000186,모바일
SESS0000187,모바일
SESS0000188,PC
SESS0000189,모바일
SESS0000190,모바일
SESS0000191,모바일
SESS0000192,모바일
SESS0000193,모바일
SESS0000194,모바일
SESS0000195,모바일
SESS0000196,PC
SESS0000197,PC
SESS0000198,모바일
SESS0000199,모바일
SESS0000200,모바일
SESS0000201,모바일
SESS0000202,모바일
SESS0000203,모바일
SESS0000204,모바일
SESS0000205,모바일
SESS0000206,모바일
SESS0000207,모바일
SESS0000208,모바일
SESS0000209,모바일
SESS0000210,모바일
SESS0000211,모바일
SESS0000212,모바일
SESS0000213,모바일
SESS0000214,모바일
SESS0000215,모바일
SESS0000216,모바일
SESS0000217,모바일
SESS0000218,모바일
SESS0000219,태블릿
SESS0000220,태블릿
SESS0000221,태블릿
SESS0000222,태블릿
SESS0000223,태블릿
SESS0000224,태블릿
SESS0000225,태블릿
SESS0000226,태블릿
SESS0000227,태블릿
SESS0000228,태블릿
SESS0000229,태블릿
SESS0000230,태블릿
SESS0000231,태블릿
SESS0000232,모바일
SESS0000233,모바일
SESS0000234,모바일
SESS0000235,모바일
SESS0000236,모바일
SESS0000237,모바일
SESS0000238,모바일
SESS0000239,모바일
SESS0000240,모바일
SESS0000241,모바일
SESS0000242,PC
SESS0000243,모바일
SESS0000244,모바일
SESS0000245,태블릿
SESS0000246,태블릿
SESS0000247,태블릿
SESS0000248,태블릿
SESS0000249,모바일
SESS0000250,모바일
SESS0000251,모바일
SESS0000252,모바일
SESS0000253,모바일
SESS0000254,모바일
SESS0000255,모바일
SESS0000256,모바일
SESS0000257,모바일
SESS0000258,모바일
SESS0000259,모바일
SESS0000260,모바일
SESS0000261,모바일
SESS0000262,모바일
SESS0000263,모바일
SESS0000264,모바일
SESS0000265,모바일
SESS0000266,모바일
SESS0000267,모바일
SESS0000268,모바일
SESS0000269,모바일
SESS0000270,모바일
SESS0000271,모바일
SESS0000272,모바일
SESS0000273,PC
SESS0000274,PC
SESS0000275,모바일
SESS0000276,모바일
SESS0000277,모바일
SESS0000278,모바일
SESS0000279,모바일
SESS0000280,모바일
SESS0000281,모바일
SESS0000282,모바일
SESS0000283,모바일
SESS0000284,PC
SESS0000285,모바일
SESS0000286,모바일
SESS0000287,모바일
SESS0000288,모바일
SESS0000289,모바일
SESS0000290,모바일
SESS0000291,모바일
SESS0000292,모바일
SESS0000293,모바일
SESS0000294,모바일
SESS0000295,모바일
SESS0000296,모바일
SESS0000297,모바일
SESS0000298,모바일
SESS0000299,모바일
SESS0000300,PC
SESS0000301,PC
SESS0000302,태블릿
SESS0000303,모바일
SESS0000304,PC
SESS0000305,PC
SESS0000306,PC
SESS0000307,PC
SESS0000308,모바일
SESS0000309,모바일
SESS0000310,모바일
SESS0000311,모바일
SESS0000312,모바일
SESS0000313,모바일
SESS0000314,모바일
SESS0000315,PC
SESS0000316,PC
SESS0000317,PC
SESS0000318,PC
SESS0000319,PC
SESS0000320,PC
SESS0000321,PC
SESS0000322,PC
SESS0000323,PC
SESS0000324,모바일
SESS0000325,모바일
SESS0000326,모바일
SESS0000327,모바일
SESS0000328,모바일
SESS0000329,모바일
SESS0000330,모바일
SESS0000331,모바일
SESS0000332,모바일
SESS0000333,모바일
SESS0000334,모바일
SESS0000335,모바일
SESS0000336,PC
SESS0000337,PC
SESS0000338,PC
SESS0000339,모바일
SESS0000340,모바일
SESS0000341,모바일
SESS0000342,모바일
SESS0000343,모바일
SESS0000344,모바일
SESS0000345,모바일
SESS0000346,모바일
SESS0000347,모바일
SESS0000348,모바일
SESS0000349,모바일
SESS0000350,모바일
SESS0000351,모바일
SESS0000352,모바일
SESS0000353,모바일
SESS0000354,모바일
SESS0000355,모바일
SESS0000356,모바일
SESS0000357,모바일
SESS0000358,모바일
SESS0000359,모바일
SESS0000360,모바일
SESS0000361,모바일
SESS0000362,모바일
SESS0000363,모바일
SESS0000364,모바일
SESS0000365,모바일
SESS0000366,모바일
SESS0000367,모바일
SESS0000368,모바일
SESS0000369,모바일
SESS0000370,모바일
SESS0000371,모바일
SESS0000372,모바일
SESS0000373,모바일
SESS0000374,모바일
SESS0000375,모바일
SESS0000376,모바일
SESS0000377,모바일
SESS0000378,모바일
SESS0000379,모바일
SESS0000380,모바일
SESS0000381,모바일
SESS0000382,모바일
SESS0000383,모바일
SESS0000384,PC
SESS0000385,모바일
SESS0000386,모바일
SESS0000387,모바일
SESS0000388,모바일
SESS0000389,PC
SESS0000390,PC
SESS0000391,PC
SESS0000392,PC
SESS0000393,태블릿
SESS0000394,태블릿
SESS0000395,태블릿
SESS0000396,태블릿
SESS0000397,태블릿
SESS0000398,태블릿
SESS0000399,모바일
SESS0000400,모바일
SESS0000401,모바일
SESS0000402,모바일
SESS0000403,모바일
SESS0000404,모바일
SESS0000405,모바일
SESS0000406,PC
SESS0000407,모바일
SESS0000408,모바일
SESS0000409,모바일
SESS0000410,모바일
SESS0000411,모바일
SESS0000412,모바일
SESS0000413,모바일
SESS0000414,모바일
SESS0000415,PC
SESS0000416,PC
SESS0000417,PC
SESS0000418,PC
SESS0000419,PC
SESS0000420,PC
SESS0000421,모바일
SESS0000422,모바일
SESS0000423,모바일
SESS0000424,모바일
SESS0000425,모바일
SESS0000426,모바일
SESS0000427,모바일
SESS0000428,모바일
SESS0000429,모바일
SESS0000430,모바일
SESS0000431,모바일
SESS0000432,모바일
SESS0000433,모바일
SESS0000434,모바일
SESS0000435,모바일
SESS0000436,모바일
SESS0000437,모바일
SESS0000438,모바일
SESS0000439,모바일
SESS0000440,모바일
SESS0000441,모바일
SESS0000442,모바일
SESS0000443,모바일
SESS0000444,모바일
SESS0000445,모바일
SESS0000446,모바일
SESS0000447,모바일
SESS0000448,모바일
SESS0000449,모바일
SESS0000450,모바일
SESS0000451,모바일
SESS0000452,모바일
SESS0000453,모바일
SESS0000454,모바일
SESS0000455,모바일
SESS0000456,모바일
SESS0000457,모바일
SESS0000458,모바일
SESS0000459,모바일
SESS0000460,모바일
SESS0000461,모바일
SESS0000462,모바일
SESS0000463,모바일
SESS0000464,PC
SESS0000465,태블릿
SESS0000466,태블릿
SESS0000467,태블릿
SESS0000468,태블릿
SESS0000469,모바일
SESS0000470,모바일
SESS0000471,모바일
SESS0000472,모바일
SESS0000473,모바일
SESS0000474,PC
SESS0000475,PC
SESS0000476,PC
SESS0000477,PC
SESS0000478,PC
SESS0000479,모바일
SESS0000480,모바일
SESS0000481,모바일
SESS0000482,모바일
SESS0000483,모바일
SESS0000484,모바일
SESS0000485,모바일
SESS0000486,모바일
SESS0000487,모바일
SESS0000488,모바일
SESS0000489,모바일
SESS0000490,모바일
SESS0000491,모바일
SESS0000492,태블릿
SESS0000493,모바일
SESS0000494,PC
SESS0000495,PC
SESS0000496,PC
SESS0000497,PC
SESS0000498,PC
SESS0000499,PC
SESS0000500,PC
SESS0000501,PC
SESS0000502,PC
SESS0000503,PC
SESS0000504,PC
SESS0000505,PC
SESS0000506,모바일
SESS0000507,모바일
SESS0000508,모바일
SESS0000509,태블릿
SESS0000510,태블릿
SESS0000511,태블릿
SESS0000512,태블릿
SESS0000513,태블릿
SESS0000514,태블릿
SESS0000515,모바일
SESS0000516,모바일
SESS0000517,모바일
SESS0000518,모바일
SESS0000519,모바일
SESS0000520,모바일
SESS0000521,모바일
SESS0000522,모바일
SESS0000523,모바일
SESS0000524,모바일
SESS0000525,모바일
SESS0000526,모바일
SESS0000527,모바일
SESS0000528,모바일
SESS0000529,모바일
SESS0000530,모바일
SESS0000531,모바일
SESS0000532,모바일
SESS0000533,모바일
SESS0000534,모바일
SESS0000535,모바일
SESS0000536,PC
SESS0000537,PC
SESS0000538,PC
SESS0000539,PC
SESS0000540,PC
SESS0000541,태블릿
SESS0000542,태블릿
SESS0000543,태블릿
SESS0000544,PC
SESS0000545,PC
SESS0000546,PC
SESS0000547,모바일
SESS0000548,모바일
SESS0000549,모바일
SESS0000550,모바일
SESS0000551,모바일
SESS0000552,모바일
SESS0000553,모바일
SESS0000554,모바일
SESS0000555,모바일
SESS0000556,모바일
SESS0000557,모바일
SESS0000558,모바일
SESS0000559,모바일
SESS0000560,태블릿
SESS0000561,태블릿
SESS0000562,태블릿
SESS0000563,모바일
SESS0000564,모바일
SESS0000565,모바일
SESS0000566,모바일
SESS0000567,모바일
SESS0000568,모바일
SESS0000569,모바일
SESS0000570,모바일
SESS0000571,모바일
SESS0000572,모바일
SESS0000573,모바일
SESS0000574,모바일
SESS0000575,모바일
SESS0000576,모바일
SESS0000577,모바일
SESS0000578,모바일
SESS0000579,모바일
SESS0000580,모바일
SESS0000581,모바일
SESS0000582,PC
SESS0000583,모바일
SESS0000584,PC
SESS0000585,PC
SESS0000586,PC
SESS0000587,PC
SESS0000588,PC
SESS0000589,PC
SESS0000590,모바일
SESS0000591,모바일
SESS0000592,모바일
SESS0000593,모바일
SESS0000594,모바일
SESS0000595,모바일
SESS0000596,모바일
SESS0000597,모바일
SESS0000598,모바일
SESS0000599,모바일
SESS0000600,모바일
SESS0000601,모바일
SESS0000602,모바일
SESS0000603,모바일
SESS0000604,모바일
SESS0000605,모바일
SESS0000606,모바일
SESS0000607,모바일
SESS0000608,모바일
SESS0000609,모바일
SESS0000610,모바일
SESS0000611,모바일
SESS0000612,모바일
SESS0000613,모바일
SESS0000614,모바일
SESS0000615,모바일
SESS0000616,모바일
SESS0000617,모바일
SESS0000618,모바일
SESS0000619,모바일
SESS0000620,모바일
SESS0000621,모바일
SESS0000622,모바일
SESS0000623,모바일
SESS0000624,PC
SESS0000625,PC
SESS0000626,PC
SESS0000627,태블릿
SESS0000628,태블릿
SESS0000629,PC
SESS0000630,PC
SESS0000631,PC
SESS0000632,모바일
SESS0000633,모바일
SESS0000634,모바일
SESS0000635,모바일
SESS0000636,모바일
SESS0000637,모바일
SESS0000638,모바일
SESS0000639,모바일
SESS0000640,모바일
SESS0000641,모바일
SESS0000642,모바일
SESS0000643,PC
SESS0000644,모바일
SESS0000645,모바일
SESS0000646,태블릿
SESS0000647,태블릿
SESS0000648,태블릿
SESS0000649,태블릿
SESS0000650,모바일
SESS0000651,모바일
SESS0000652,모바일
SESS0000653,모바일
SESS0000654,모바일
SESS0000655,모바일
SESS0000656,모바일
SESS0000657,모바일
SESS0000658,모바일
SESS0000659,모바일
SESS0000660,모바일
SESS0000661,모바일
SESS0000662,모바일
SESS0000663,모바일
SESS0000664,모바일
SESS0000665,모바일
SESS0000666,모바일
SESS0000667,모바일
SESS0000668,모바일
SESS0000669,모바일
SESS0000670,모바일
SESS0000671,모바일
SESS0000672,모바일
SESS0000673,모바일
SESS0000674,모바일
SESS0000675,모바일
SESS0000676,모바일
SESS0000677,모바일
SESS0000678,모바일
SESS0000679,모바일
SESS0000680,모바일
SESS0000681,모바일
SESS0000682,모바일
SESS0000683,모바일
SESS0000684,모바일
SESS0000685,모바일
SESS0000686,태블릿
SESS0000687,모바일
SESS0000688,모바일
SESS0000689,모바일
SESS0000690,모바일
SESS0000691,모바일
SESS0000692,모바일
SESS0000693,모바일
SESS0000694,모바일
SESS0000695,모바일
SESS0000696,모바일
SESS0000697,모바일
SESS0000698,모바일
SESS0000699,모바일
SESS0000700,모바일
SESS0000701,모바일
SESS0000702,모바일
SESS0000703,모바일
SESS0000704,모바일
SESS0000705,PC
SESS0000706,모바일
SESS0000707,모바일
SESS0000708,모바일
SESS0000709,PC
SESS0000710,모바일
SESS0000711,모바일
SESS0000712,모바일
SESS0000713,모바일
SESS0000714,모바일
SESS0000715,모바일
SESS0000716,모바일
SESS0000717,모바일
SESS0000718,모바일
SESS0000719,모바일
SESS0000720,모바일
SESS0000721,모바일
SESS0000722,모바일
SESS0000723,모바일
SESS0000724,모바일
SESS0000725,모바일
SESS0000726,모바일
SESS0000727,모바일
SESS0000728,모바일
SESS0000729,모바일
SESS0000730,모바일
SESS0000731,태블릿
SESS0000732,태블릿
SESS0000733,모바일
SESS0000734,모바일
SESS0000735,모바일
SESS0000736,모바일
SESS0000737,모바일
SESS0000738,모바일
SESS0000739,모바일
SESS0000740,모바일
SESS0000741,모바일
SESS0000742,모바일
SESS0000743,모바일
SESS0000744,모바일
SESS0000745,모바일
SESS0000746,모바일
SESS0000747,모바일
SESS0000748,모바일
SESS0000749,모바일
SESS0000750,모바일
SESS0000751,모바일
SESS0000752,모바일
SESS0000753,모바일
SESS0000754,모바일
SESS0000755,모바일
SESS0000756,모바일
SESS0000757,모바일
SESS0000758,모바일
SESS0000759,모바일
SESS0000760,모바일
SESS0000761,모바일
SESS0000762,모바일
SESS0000763,모바일
SESS0000764,모바일
SESS0000765,모바일
SESS0000766,모바일
SESS0000767,모바일
SESS0000768,모바일
SESS0000769,모바일
SESS0000770,모바일
SESS0000771,모바일
SESS0000772,모바일
SESS0000773,태블릿
SESS0000774,태블릿
SESS0000775,태블릿
SESS0000776,태블릿
SESS0000777,태블릿
SESS0000778,태블릿
SESS0000779,태블릿
SESS0000780,태블릿
SESS0000781,태블릿
SESS0000782,태블릿
SESS0000783,모바일
SESS0000784,모바일
SESS0000785,태블릿
SESS0000786,태블릿
SESS0000787,모바일
SESS0000788,모바일
SESS0000789,모바일
SESS0000790,PC
SESS0000791,PC
SESS0000792,PC
SESS0000793,모바일
SESS0000794,모바일
SESS0000795,모바일
SESS0000796,PC
SESS0000797,PC
SESS0000798,모바일
SESS0000799,모바일
SESS0000800,모바일
SESS0000801,모바일
SESS0000802,PC
SESS0000803,PC
SESS0000804,PC
SESS0000805,PC
SESS0000806,PC
SESS0000807,모바일
SESS0000808,모바일
SESS0000809,모바일
SESS0000810,모바일
SESS0000811,모바일
SESS0000812,모바일
SESS0000813,모바일
SESS0000814,모바일
SESS0000815,모바일
SESS0000816,모바일
SESS0000817,모바일
SESS0000818,모바일
SESS0000819,태블릿
SESS0000820,태블릿
SESS0000821,태블릿
SESS0000822,태블릿
SESS0000823,모바일
SESS0000824,모바일
SESS0000825,모바일
SESS0000826,모바일
SESS0000827,모바일
SESS0000828,모바일
SESS0000829,모바일
SESS0000830,모바일
SESS0000831,모바일
SESS0000832,모바일
SESS0000833,모바일
SESS0000834,모바일
SESS0000835,모바일
SESS0000836,모바일
SESS0000837,모바일
SESS0000838,모바일
SESS0000839,PC
SESS0000840,PC
SESS0000841,PC
SESS0000842,PC
SESS0000843,PC
SESS0000844,PC
SESS0000845,PC
SESS0000846,모바일
SESS0000847,모바일
SESS0000848,모바일
SESS0000849,모바일
SESS0000850,모바일
SESS0000851,모바일
SESS0000852,PC
SESS0000853,PC
SESS0000854,PC
SESS0000855,PC
SESS0000856,모바일
SESS0000857,모바일
SESS0000858,모바일
SESS0000859,모바일
SESS0000860,모바일
SESS0000861,모바일
SESS0000862,모바일
SESS0000863,모바일
SESS0000864,모바일
SESS0000865,모바일
SESS0000866,모바일
SESS0000867,모바일
SESS0000868,모바일
SESS0000869,모바일
SESS0000870,모바일
SESS0000871,모바일
SESS0000872,모바일
SESS0000873,모바일
SESS0000874,모바일
SESS0000875,PC
SESS0000876,모바일
SESS0000877,모바일
SESS0000878,모바일
SESS0000879,모바일
SESS0000880,모바일
SESS0000881,모바일
SESS0000882,모바일
SESS0000883,모바일
SESS0000884,모바일
SESS0000885,모바일
SESS0000886,모바일
SESS0000887,모바일
SESS0000888,모바일
SESS0000889,PC
SESS0000890,PC
SESS0000891,모바일
SESS0000892,모바일
SESS0000893,모바일
SESS0000894,모바일
SESS0000895,모바일
SESS0000896,모바일
SESS0000897,모바일
SESS0000898,모바일
SESS0000899,모바일
SESS0000900,모바일
SESS0000901,모바일
SESS0000902,모바일
SESS0000903,모바일
SESS0000904,모바일
SESS0000905,모바일
SESS0000906,모바일
SESS0000907,모바일
SESS0000908,모바일
SESS0000909,모바일
SESS0000910,모바일
SESS0000911,모바일
SESS0000912,모바일
SESS0000913,모바일
SESS0000914,모바일
SESS0000915,모바일
SESS0000916,모바일
SESS0000917,모바일
SESS0000918,모바일
SESS0000919,모바일
SESS0000920,모바일
SESS0000921,모바일
SESS0000922,모바일
SESS0000923,모바일
SESS0000924,모바일
SESS0000925,모바일
SESS0000926,모바일
SESS0000927,모바일
SESS0000928,모바일
SESS0000929,모바일
SESS0000930,모바일
SESS0000931,모바일
SESS0000932,모바일
SESS0000933,모바일
SESS0000934,모바일
SESS0000935,모바일
SESS0000936,모바일
SESS0000937,모바일
SESS0000938,모바일
SESS0000939,모바일
SESS0000940,모바일
SESS0000941,모바일
SESS0000942,모바일
SESS0000943,모바일
SESS0000944,모바일
SESS0000945,모바일
SESS0000946,모바일
SESS0000947,모바일
SESS0000948,모바일
SESS0000949,모바일
SESS0000950,모바일
SESS0000951,모바일
SESS0000952,모바일
SESS0000953,PC
SESS0000954,모바일
SESS0000955,모바일
SESS0000956,모바일
SESS0000957,모바일
SESS0000958,모바일
SESS0000959,모바일
SESS0000960,모바일
SESS0000961,모바일
SESS0000962,모바일
SESS0000963,모바일
SESS0000964,모바일
SESS0000965,모바일
SESS0000966,PC
SESS0000967,PC
SESS0000968,PC
SESS0000969,PC
SESS0000970,태블릿
SESS0000971,모바일
SESS0000972,모바일
SESS0000973,모바일
SESS0000974,모바일
SESS0000975,모바일
SESS0000976,모바일
SESS0000977,모바일
SESS0000978,모바일
SESS0000979,모바일
SESS0000980,모바일
SESS0000981,모바일
SESS0000982,모바일
SESS0000983,모바일
SESS0000984,모바일
SESS0000985,모바일
SESS0000986,모바일
SESS0000987,모바일
SESS0000988,모바일
SESS0000989,모바일
SESS0000990,모바일
SESS0000991,모바일
SESS0000992,모바일
SESS0000993,모바일
SESS0000994,모바일
SESS0000995,모바일
SESS0000996,모바일
SESS0000997,모바일
SESS0000998,모바일
SESS0000999,모바일
SESS0001000,모바일
SESS0001001,모바일
SESS0001002,모바일
SESS0001003,모바일
SESS0001004,모바일
SESS0001005,모바일
SESS0001006,모바일
SESS0001007,PC
SESS0001008,PC
SESS0001009,모바일
SESS0001010,모바일
SESS0001011,모바일
SESS0001012,모바일
SESS0001013,모바일
SESS0001014,모바일
SESS0001015,모바일
SESS0001016,모바일
SESS0001017,태블릿
SESS0001018,태블릿
SESS0001019,태블릿
SESS0001020,태블릿
SESS0001021,모바일
SESS0001022,모바일
SESS0001023,태블릿
SESS0001024,태블릿
SESS0001025,태블릿
SESS0001026,태블릿
SESS0001027,PC
SESS0001028,PC
SESS0001029,PC
SESS0001030,PC
SESS0001031,모바일
SESS0001032,모바일
SESS0001033,모바일
SESS0001034,모바일
SESS0001035,모바일
SESS0001036,모바일
SESS0001037,모바일
SESS0001038,모바일
SESS0001039,모바일
SESS0001040,모바일
SESS0001041,모바일
SESS0001042,모바일
SESS0001043,모바일
SESS0001044,모바일
SESS0001045,모바일
SESS0001046,모바일
SESS0001047,모바일
SESS0001048,태블릿
SESS0001049,PC
SESS0001050,PC
SESS0001051,PC
SESS0001052,PC
SESS0001053,PC
SESS0001054,PC
SESS0001055,모바일
SESS0001056,모바일
SESS0001057,모바일
SESS0001058,PC
SESS0001059,PC
SESS0001060,PC
SESS0001061,PC
SESS0001062,PC
SESS0001063,PC
SESS0001064,PC
SESS0001065,PC
SESS0001066,모바일
SESS0001067,모바일
SESS0001068,모바일
SESS0001069,모바일
SESS0001070,모바일
SESS0001071,모바일
SESS0001072,모바일
SESS0001073,모바일
SESS0001074,모바일
SESS0001075,PC
SESS0001076,PC
SESS0001077,PC
SESS0001078,PC
SESS0001079,PC
SESS0001080,PC
SESS0001081,PC
SESS0001082,PC
SESS0001083,PC
SESS0001084,PC
SESS0001085,PC
SESS0001086,PC
SESS0001087,PC
SESS0001088,모바일
SESS0001089,모바일
SESS0001090,모바일
SESS0001091,모바일
SESS0001092,PC
SESS0001093,PC
SESS0001094,모바일
SESS0001095,모바일
SESS0001096,모바일
SESS0001097,모바일
SESS0001098,PC
SESS0001099,태블릿
SESS0001100,태블릿
SESS0001101,태블릿
SESS0001102,태블릿
SESS0001103,태블릿
SESS0001104,모바일
SESS0001105,모바일
SESS0001106,모바일
SESS0001107,모바일
SESS0001108,모바일
SESS0001109,모바일
SESS0001110,모바일
SESS0001111,태블릿
SESS0001112,태블릿
SESS0001113,태블릿
SESS0001114,모바일
SESS0001115,모바일
SESS0001116,모바일
SESS0001117,모바일
SESS0001118,모바일
SESS0001119,모바일
SESS0001120,모바일
SESS0001121,모바일
SESS0001122,모바일
SESS0001123,모바일
SESS0001124,모바일
SESS0001125,모바일
SESS0001126,PC
SESS0001127,PC
SESS0001128,PC
SESS0001129,PC
SESS0001130,PC
SESS0001131,모바일
SESS0001132,모바일
SESS0001133,모바일
SESS0001134,모바일
SESS0001135,모바일
SESS0001136,모바일
SESS0001137,모바일
SESS0001138,모바일
SESS0001139,모바일
SESS0001140,모바일
SESS0001141,모바일
SESS0001142,모바일
SESS0001143,모바일
SESS0001144,모바일
SESS0001145,태블릿
SESS0001146,태블릿
SESS0001147,태블릿
SESS0001148,태블릿
SESS0001149,태블릿
SESS0001150,태블릿
SESS0001151,모바일
SESS0001152,모바일
SESS0001153,모바일
SESS0001154,모바일
SESS0001155,PC
SESS0001156,모바일
SESS0001157,모바일
SESS0001158,모바일
SESS0001159,모바일
SESS0001160,모바일
SESS0001161,모바일
SESS0001162,모바일
SESS0001163,모바일
SESS0001164,모바일
SESS0001165,모바일
SESS0001166,모바일
SESS0001167,PC
SESS0001168,PC
SESS0001169,PC
SESS0001170,모바일
SESS0001171,모바일
SESS0001172,모바일
SESS0001173,PC
SESS0001174,태블릿
SESS0001175,태블릿
SESS0001176,태블릿
SESS0001177,태블릿
SESS0001178,태블릿
SESS0001179,모바일
SESS0001180,모바일
SESS0001181,모바일
SESS0001182,모바일
SESS0001183,모바일
SESS0001184,모바일
SESS0001185,모바일
SESS0001186,모바일
SESS0001187,모바일
SESS0001188,모바일
SESS0001189,모바일
SESS0001190,모바일
SESS0001191,모바일
SESS0001192,모바일
SESS0001193,PC
SESS0001194,PC
SESS0001195,PC
SESS0001196,PC
SESS0001197,모바일
SESS0001198,모바일
SESS0001199,모바일
SESS0001200,모바일
SESS0001201,모바일
SESS0001202,모바일
SESS0001203,모바일
SESS0001204,모바일
SESS0001205,모바일
SESS0001206,모바일
SESS0001207,모바일
SESS0001208,모바일
SESS0001209,모바일
SESS0001210,모바일
SESS0001211,모바일
SESS0001212,모바일
SESS0001213,모바일
SESS0001214,모바일
SESS0001215,모바일
SESS0001216,모바일
SESS0001217,모바일
SESS0001218,모바일
SESS0001219,모바일
SESS0001220,모바일
SESS0001221,모바일
SESS0001222,PC
SESS0001223,PC
SESS0001224,PC
SESS0001225,PC
SESS0001226,모바일
SESS0001227,모바일
SESS0001228,모바일
SESS0001229,모바일
SESS0001230,PC
SESS0001231,PC
SESS0001232,PC
SESS0001233,PC
SESS0001234,모바일
SESS0001235,모바일
SESS0001236,모바일
SESS0001237,모바일
SESS0001238,모바일
SESS0001239,모바일
SESS0001240,모바일
SESS0001241,모바일
SESS0001242,모바일
SESS0001243,모바일
SESS0001244,모바일
SESS0001245,모바일
SESS0001246,PC
SESS0001247,PC
SESS0001248,태블릿
SESS0001249,태블릿
SESS0001250,태블릿
SESS0001251,태블릿
SESS0001252,태블릿
SESS0001253,태블릿
SESS0001254,태블릿
SESS0001255,태블릿
SESS0001256,모바일
SESS0001257,모바일
SESS0001258,모바일
SESS0001259,모바일
SESS0001260,모바일
SESS0001261,모바일
SESS0001262,모바일
SESS0001263,모바일
SESS0001264,모바일
SESS0001265,모바일
SESS0001266,모바일
SESS0001267,모바일
SESS0001268,모바일
SESS0001269,모바일
SESS0001270,모바일
SESS0001271,모바일
SESS0001272,모바일
SESS0001273,모바일
SESS0001274,모바일
SESS0001275,모바일
SESS0001276,모바일
SESS0001277,모바일
SESS0001278,모바일
SESS0001279,모바일
SESS0001280,모바일
SESS0001281,모바일
SESS0001282,모바일
SESS0001283,모바일
SESS0001284,모바일
SESS0001285,모바일
SESS0001286,모바일
SESS0001287,모바일
SESS0001288,모바일
SESS0001289,모바일
SESS0001290,모바일
SESS0001291,모바일
SESS0001292,모바일
SESS0001293,모바일
SESS0001294,모바일
SESS0001295,모바일
SESS0001296,모바일
SESS0001297,모바일
SESS0001298,모바일
SESS0001299,모바일
SESS0001300,모바일
SESS0001301,모바일
SESS0001302,모바일
SESS0001303,모바일
SESS0001304,모바일
SESS0001305,모바일
SESS0001306,모바일
SESS0001307,모바일
SESS0001308,모바일
SESS0001309,모바일
SESS0001310,모바일
SESS0001311,모바일
SESS0001312,모바일
SESS0001313,모바일
SESS0001314,모바일
SESS0001315,모바일
SESS0001316,모바일
SESS0001317,모바일
SESS0001318,모바일
SESS0001319,모바일
SESS0001320,모바일
SESS0001321,모바일
SESS0001322,모바일
SESS0001323,모바일
SESS0001324,모바일
SESS0001325,모바일
SESS0001326,모바일
SESS0001327,모바일
SESS0001328,PC
SESS0001329,PC
SESS0001330,PC
SESS0001331,모바일
SESS0001332,모바일
SESS0001333,모바일
SESS0001334,모바일
SESS0001335,모바일
SESS0001336,모바일
SESS0001337,모바일
SESS0001338,모바일
SESS0001339,모바일
SESS0001340,모바일
SESS0001341,모바일
SESS0001342,모바일
SESS0001343,모바일
SESS0001344,모바일
SESS0001345,PC
SESS0001346,PC
SESS0001347,모바일
SESS0001348,모바일
SESS0001349,모바일
SESS0001350,모바일
SESS0001351,PC
SESS0001352,PC
SESS0001353,PC
SESS0001354,PC
SESS0001355,PC
SESS0001356,PC
SESS0001357,태블릿
SESS0001358,모바일
SESS0001359,모바일
SESS0001360,태블릿
SESS0001361,태블릿
SESS0001362,태블릿
SESS0001363,태블릿
SESS0001364,태블릿
SESS0001365,모바일
SESS0001366,모바일
SESS0001367,모바일
SESS0001368,모바일
SESS0001369,모바일
SESS0001370,PC
SESS0001371,모바일
SESS0001372,모바일
SESS0001373,모바일
SESS0001374,모바일
SESS0001375,모바일
SESS0001376,모바일
SESS0001377,모바일
SESS0001378,모바일
SESS0001379,모바일
SESS0001380,모바일
SESS0001381,모바일
SESS0001382,모바일
SESS0001383,모바일
SESS0001384,모바일
SESS0001385,PC
SESS0001386,PC
SESS0001387,PC
SESS0001388,PC
SESS0001389,PC
SESS0001390,모바일
SESS0001391,모바일
SESS0001392,모바일
SESS0001393,모바일
SESS0001394,모바일
SESS0001395,모바일
SESS0001396,모바일
SESS0001397,모바일
SESS0001398,PC
SESS0001399,PC
SESS0001400,PC
SESS0001401,모바일
SESS0001402,모바일
SESS0001403,PC
SESS0001404,PC
SESS0001405,PC
SESS0001406,PC
SESS0001407,모바일
SESS0001408,모바일
SESS0001409,모바일
SESS0001410,모바일
SESS0001411,모바일
SESS0001412,모바일
SESS0001413,모바일
SESS0001414,모바일
SESS0001415,모바일
SESS0001416,모바일
SESS0001417,모바일
SESS0001418,모바일
SESS0001419,모바일
SESS0001420,모바일
SESS0001421,PC
SESS0001422,PC
SESS0001423,PC
SESS0001424,PC
SESS0001425,모바일
SESS0001426,PC
SESS0001427,PC
SESS0001428,PC
SESS0001429,태블릿
SESS0001430,태블릿
SESS0001431,모바일
SESS0001432,모바일
SESS0001433,모바일
SESS0001434,모바일
SESS0001435,모바일
SESS0001436,PC
SESS0001437,PC
SESS0001438,모바일
SESS0001439,모바일
SESS0001440,모바일
SESS0001441,모바일
SESS0001442,모바일
SESS0001443,모바일
SESS0001444,모바일
SESS0001445,모바일
SESS0001446,모바일
SESS0001447,모바일
SESS0001448,PC
SESS0001449,모바일
SESS0001450,모바일
SESS0001451,모바일
SESS0001452,모바일
SESS0001453,모바일
SESS0001454,모바일
SESS0001455,모바일
SESS0001456,모바일
SESS0001457,모바일
SESS0001458,모바일
SESS0001459,모바일
SESS0001460,모바일
SESS0001461,모바일
SESS0001462,PC
SESS0001463,PC
SESS0001464,PC
SESS0001465,모바일
SESS0001466,모바일
SESS0001467,모바일
SESS0001468,모바일
SESS0001469,모바일
SESS0001470,모바일
SESS0001471,모바일
SESS0001472,모바일
SESS0001473,모바일
SESS0001474,모바일
SESS0001475,PC
SESS0001476,모바일
SESS0001477,모바일
SESS0001478,모바일
SESS0001479,PC
SESS0001480,PC
SESS0001481,모바일
SESS0001482,태블릿
SESS0001483,태블릿
SESS0001484,태블릿
SESS0001485,태블릿
SESS0001486,태블릿
SESS0001487,태블릿
SESS0001488,태블릿
SESS0001489,태블릿
SESS0001490,태블릿
SESS0001491,태블릿
SESS0001492,태블릿
SESS0001493,태블릿
SESS0001494,태블릿
SESS0001495,모바일
SESS0001496,모바일
SESS0001497,모바일
SESS0001498,모바일
SESS0001499,모바일
SESS0001500,모바일
SESS0001501,PC
SESS0001502,PC
SESS0001503,PC
SESS0001504,PC
SESS0001505,PC
SESS0001506,PC
SESS0001507,모바일
SESS0001508,모바일
SESS0001509,모바일
SESS0001510,모바일
SESS0001511,모바일
SESS0001512,모바일
SESS0001513,모바일
SESS0001514,모바일
SESS0001515,모바일
SESS0001516,모바일
SESS0001517,모바일
SESS0001518,모바일
SESS0001519,모바일
SESS0001520,모바일
SESS0001521,태블릿
SESS0001522,모바일
SESS0001523,모바일
SESS0001524,모바일
SESS0001525,모바일
SESS0001526,모바일
SESS0001527,모바일
SESS0001528,모바일
SESS0001529,태블릿
SESS0001530,태블릿
SESS0001531,태블릿
SESS0001532,태블릿
SESS0001533,태블릿
SESS0001534,모바일
SESS0001535,모바일
SESS0001536,모바일
SESS0001537,모바일
SESS0001538,모바일
SESS0001539,모바일
SESS0001540,모바일
SESS0001541,모바일
SESS0001542,모바일
SESS0001543,모바일
SESS0001544,PC
SESS0001545,PC
SESS0001546,PC
SESS0001547,모바일
SESS0001548,모바일
SESS0001549,모바일
SESS0001550,모바일
SESS0001551,모바일
SESS0001552,모바일
SESS0001553,모바일
SESS0001554,모바일
SESS0001555,모바일
SESS0001556,모바일
SESS0001557,모바일
SESS0001558,모바일
SESS0001559,모바일
SESS0001560,모바일
SESS0001561,모바일
SESS0001562,모바일
SESS0001563,모바일
SESS0001564,모바일
SESS0001565,모바일
SESS0001566,PC
SESS0001567,PC
SESS0001568,PC
SESS0001569,태블릿
SESS0001570,태블릿
SESS0001571,모바일
SESS0001572,모바일
SESS0001573,모바일
SESS0001574,모바일
SESS0001575,PC
SESS0001576,PC
SESS0001577,PC
SESS0001578,PC
SESS0001579,PC
SESS0001580,PC
SESS0001581,PC
SESS0001582,모바일
SESS0001583,모바일
SESS0001584,모바일
SESS0001585,모바일
SESS0001586,모바일
SESS0001587,모바일
SESS0001588,모바일
SESS0001589,모바일
SESS0001590,모바일
SESS0001591,모바일
SESS0001592,모바일
SESS0001593,모바일
SESS0001594,모바일
SESS0001595,모바일
SESS0001596,모바일
SESS0001597,모바일
SESS0001598,모바일
SESS0001599,모바일
SESS0001600,모바일
SESS0001601,모바일
SESS0001602,모바일
SESS0001603,모바일
SESS0001604,모바일
SESS0001605,모바일
SESS0001606,모바일
SESS0001607,모바일
SESS0001608,모바일
SESS0001609,모바일
SESS0001610,모바일
SESS0001611,모바일
SESS0001612,PC
SESS0001613,모바일
SESS0001614,모바일
SESS0001615,모바일
SESS0001616,모바일
SESS0001617,모바일
SESS0001618,모바일
SESS0001619,모바일
SESS0001620,모바일
SESS0001621,모바일
SESS0001622,모바일
SESS0001623,모바일
SESS0001624,모바일
SESS0001625,모바일
SESS0001626,모바일
SESS0001627,모바일
SESS0001628,모바일
SESS0001629,모바일
SESS0001630,모바일
SESS0001631,모바일
SESS0001632,모바일
SESS0001633,모바일
SESS0001634,모바일
SESS0001635,모바일
SESS0001636,모바일
SESS0001637,모바일
SESS0001638,모바일
SESS0001639,모바일
SESS0001640,모바일
SESS0001641,모바일
SESS0001642,모바일
SESS0001643,모바일
SESS0001644,모바일
SESS0001645,모바일
SESS0001646,모바일
SESS0001647,모바일
SESS0001648,모바일
SESS0001649,모바일
SESS0001650,모바일
SESS0001651,모바일
SESS0001652,모바일
SESS0001653,모바일
SESS0001654,모바일
SESS0001655,모바일
SESS0001656,모바일
SESS0001657,모바일
SESS0001658,모바일
SESS0001659,모바일
SESS0001660,모바일
SESS0001661,모바일
SESS0001662,모바일
SESS0001663,모바일
SESS0001664,모바일
SESS0001665,모바일
SESS0001666,모바일
SESS0001667,PC
SESS0001668,PC
SESS0001669,모바일
SESS0001670,태블릿
SESS0001671,태블릿
SESS0001672,모바일
SESS0001673,모바일
SESS0001674,모바일
SESS0001675,PC
SESS0001676,PC
SESS0001677,모바일
SESS0001678,모바일
SESS0001679,모바일
SESS0001680,모바일
SESS0001681,모바일
SESS0001682,모바일
SESS0001683,모바일
SESS0001684,태블릿
SESS0001685,태블릿
SESS0001686,모바일
SESS0001687,모바일
SESS0001688,PC
SESS0001689,PC
SESS0001690,PC
SESS0001691,PC
SESS0001692,모바일
SESS0001693,모바일
SESS0001694,모바일
SESS0001695,모바일
SESS0001696,모바일
SESS0001697,모바일
SESS0001698,모바일
SESS0001699,모바일
SESS0001700,모바일
SESS0001701,모바일
SESS0001702,모바일
SESS0001703,모바일
SESS0001704,모바일
SESS0001705,모바일
SESS0001706,모바일
SESS0001707,모바일
SESS0001708,모바일
SESS0001709,모바일
SESS0001710,모바일
SESS0001711,모바일
SESS0001712,모바일
SESS0001713,태블릿
SESS0001714,태블릿
SESS0001715,태블릿
SESS0001716,태블릿
SESS0001717,모바일
SESS0001718,모바일
SESS0001719,모바일
SESS0001720,PC
SESS0001721,PC
SESS0001722,PC
SESS0001723,PC
SESS0001724,PC
SESS0001725,모바일
SESS0001726,모바일
SESS0001727,PC
SESS0001728,PC
SESS0001729,PC
SESS0001730,PC
SESS0001731,PC
SESS0001732,PC
SESS0001733,모바일
SESS0001734,모바일
SESS0001735,모바일
SESS0001736,모바일
SESS0001737,모바일
SESS0001738,모바일
SESS0001739,모바일
SESS0001740,모바일
SESS0001741,모바일
SESS0001742,모바일
SESS0001743,모바일
SESS0001744,모바일
SESS0001745,모바일
SESS0001746,모바일
SESS0001747,모바일
SESS0001748,모바일
SESS0001749,모바일
SESS0001750,모바일
SESS0001751,모바일
SESS0001752,모바일
SESS0001753,모바일
SESS0001754,모바일
SESS0001755,모바일
SESS0001756,모바일
SESS0001757,모바일
SESS0001758,모바일
SESS0001759,모바일
SESS0001760,모바일
SESS0001761,모바일
SESS0001762,모바일
SESS0001763,모바일
SESS0001764,모바일
SESS0001765,모바일
SESS0001766,PC
SESS0001767,PC
SESS0001768,모바일
SESS0001769,모바일
SESS0001770,모바일
SESS0001771,모바일
SESS0001772,모바일
SESS0001773,모바일
SESS0001774,모바일
SESS0001775,모바일
SESS0001776,모바일
SESS0001777,모바일
SESS0001778,모바일
SESS0001779,모바일
SESS0001780,모바일
SESS0001781,모바일
SESS0001782,모바일
SESS0001783,모바일
SESS0001784,모바일
SESS0001785,모바일
SESS0001786,모바일
SESS0001787,모바일
SESS0001788,모바일
SESS0001789,모바일
SESS0001790,모바일
SESS0001791,모바일
SESS0001792,모바일
SESS0001793,모바일
SESS0001794,PC
SESS0001795,PC
SESS0001796,PC
SESS0001797,PC
SESS0001798,모바일
SESS0001799,모바일
SESS0001800,모바일
SESS0001801,모바일
SESS0001802,모바일
SESS0001803,모바일
SESS0001804,모바일
SESS0001805,모바일
SESS0001806,모바일
SESS0001807,모바일
SESS0001808,모바일
SESS0001809,모바일
SESS0001810,모바일
SESS0001811,모바일
SESS0001812,모바일
SESS0001813,모바일
SESS0001814,PC
SESS0001815,PC
SESS0001816,PC
SESS0001817,PC
SESS0001818,PC
SESS0001819,PC
SESS0001820,PC
SESS0001821,PC
SESS0001822,PC
SESS0001823,PC
SESS0001824,PC
SESS0001825,모바일
SESS0001826,모바일
SESS0001827,모바일
SESS0001828,모바일
SESS0001829,모바일
SESS0001830,모바일
SESS0001831,모바일
SESS0001832,PC
SESS0001833,모바일
SESS0001834,모바일
SESS0001835,모바일
SESS0001836,PC
SESS0001837,PC
SESS0001838,PC
SESS0001839,모바일
SESS0001840,모바일
SESS0001841,태블릿
SESS0001842,태블릿
SESS0001843,PC
SESS0001844,PC
SESS0001845,PC
SESS0001846,PC
SESS0001847,모바일
SESS0001848,모바일
SESS0001849,모바일
SESS0001850,모바일
SESS0001851,태블릿
SESS0001852,태블릿
SESS0001853,태블릿
SESS0001854,태블릿
SESS0001855,태블릿
SESS0001856,모바일
SESS0001857,모바일
SESS0001858,모바일
SESS0001859,모바일
SESS0001860,모바일
SESS0001861,모바일
SESS0001862,모바일
SESS0001863,모바일
SESS0001864,모바일
SESS0001865,모바일
SESS0001866,모바일
SESS0001867,모바일
SESS0001868,모바일
SESS0001869,모바일
SESS0001870,모바일
SESS0001871,모바일
SESS0001872,모바일
SESS0001873,모바일
SESS0001874,모바일
SESS0001875,모바일
SESS0001876,모바일
SESS0001877,모바일
SESS0001878,모바일
SESS0001879,모바일
SESS0001880,모바일
SESS0001881,모바일
SESS0001882,모바일
SESS0001883,모바일
SESS0001884,모바일
SESS0001885,모바일
SESS0001886,모바일
SESS0001887,모바일
SESS0001888,PC
SESS0001889,PC
SESS0001890,PC
SESS0001891,PC
SESS0001892,PC
SESS0001893,PC
SESS0001894,PC
SESS0001895,PC
SESS0001896,PC
SESS0001897,PC
SESS0001898,PC
SESS0001899,모바일
SESS0001900,모바일
SESS0001901,모바일
SESS0001902,모바일
SESS0001903,모바일
SESS0001904,모바일
SESS0001905,태블릿
SESS0001906,태블릿
SESS0001907,태블릿
SESS0001908,모바일
SESS0001909,모바일
SESS0001910,모바일
SESS0001911,모바일
SESS0001912,모바일
SESS0001913,모바일
SESS0001914,모바일
SESS0001915,PC
SESS0001916,PC
SESS0001917,PC
SESS0001918,PC
SESS0001919,PC
SESS0001920,PC
SESS0001921,PC
SESS0001922,PC
SESS0001923,PC
SESS0001924,PC
SESS0001925,PC
SESS0001926,PC
SESS0001927,PC
SESS0001928,PC
SESS0001929,PC
SESS0001930,PC
SESS0001931,PC
SESS0001932,모바일
SESS0001933,모바일
SESS0001934,모바일
SESS0001935,모바일
SESS0001936,모바일
SESS0001937,모바일
SESS0001938,모바일
SESS0001939,PC
SESS0001940,PC
SESS0001941,모바일
SESS0001942,모바일
SESS0001943,모바일
SESS0001944,모바일
SESS0001945,모바일
SESS0001946,모바일
SESS0001947,모바일
SESS0001948,모바일
SESS0001949,모바일
SESS0001950,모바일
SESS0001951,모바일
SESS0001952,모바일
SESS0001953,모바일
SESS0001954,모바일
SESS0001955,모바일
SESS0001956,모바일
SESS0001957,모바일
SESS0001958,PC
SESS0001959,PC
SESS0001960,PC
SESS0001961,PC
SESS0001962,PC
SESS0001963,PC
SESS0001964,PC
SESS0001965,모바일
SESS0001966,모바일
SESS0001967,모바일
SESS0001968,모바일
SESS0001969,모바일
SESS0001970,모바일
SESS0001971,모바일
SESS0001972,PC
SESS0001973,PC
SESS0001974,PC
SESS0001975,PC
SESS0001976,PC
SESS0001977,모바일
SESS0001978,모바일
SESS0001979,모바일
SESS0001980,모바일
SESS0001981,모바일
SESS0001982,모바일
SESS0001983,모바일
SESS0001984,모바일
SESS0001985,모바일
SESS0001986,모바일
SESS0001987,태블릿
SESS0001988,모바일
SESS0001989,모바일
SESS0001990,모바일
SESS0001991,모바일
SESS0001992,모바일
SESS0001993,모바일
SESS0001994,모바일
SESS0001995,모바일
SESS0001996,모바일
SESS0001997,모바일
SESS0001998,모바일
SESS0001999,모바일
SESS0002000,모바일
SESS0002001,모바일
SESS0002002,모바일
SESS0002003,모바일
SESS0002004,모바일
SESS0002005,모바일
SESS0002006,모바일
SESS0002007,모바일
SESS0002008,PC
SESS0002009,PC
SESS0002010,PC
SESS0002011,모바일
SESS0002012,모바일
SESS0002013,모바일
SESS0002014,모바일
SESS0002015,모바일
SESS0002016,모바일
SESS0002017,모바일
SESS0002018,모바일
SESS0002019,모바일
SESS0002020,모바일
SESS0002021,모바일
SESS0002022,모바일
SESS0002023,모바일
SESS0002024,모바일
SESS0002025,모바일
SESS0002026,모바일
SESS0002027,모바일
SESS0002028,모바일
SESS0002029,모바일
SESS0002030,모바일
SESS0002031,모바일
SESS0002032,모바일
SESS0002033,모바일
SESS0002034,모바일
SESS0002035,모바일
SESS0002036,모바일
SESS0002037,PC
SESS0002038,PC
SESS0002039,PC
SESS0002040,PC
SESS0002041,PC
SESS0002042,PC
SESS0002043,모바일
SESS0002044,모바일
SESS0002045,모바일
SESS0002046,모바일
SESS0002047,PC
SESS0002048,PC
SESS0002049,모바일
SESS0002050,모바일
SESS0002051,모바일
SESS0002052,모바일
SESS0002053,모바일
SESS0002054,모바일
SESS0002055,모바일
SESS0002056,모바일
SESS0002057,모바일
SESS0002058,모바일
SESS0002059,모바일
SESS0002060,모바일
SESS0002061,모바일
SESS0002062,모바일
SESS0002063,모바일
SESS0002064,태블릿
SESS0002065,태블릿
SESS0002066,태블릿
SESS0002067,모바일
SESS0002068,PC
SESS0002069,PC
SESS0002070,PC
SESS0002071,PC
SESS0002072,PC
SESS0002073,PC
SESS0002074,PC
SESS0002075,모바일
SESS0002076,모바일
SESS0002077,모바일
SESS0002078,모바일
SESS0002079,모바일
SESS0002080,모바일
SESS0002081,PC
SESS0002082,PC
SESS0002083,모바일
SESS0002084,모바일
SESS0002085,모바일
SESS0002086,모바일
SESS0002087,모바일
SESS0002088,모바일
SESS0002089,모바일
SESS0002090,모바일
SESS0002091,모바일
SESS0002092,모바일
SESS0002093,모바일
SESS0002094,모바일
SESS0002095,모바일
SESS0002096,모바일
SESS0002097,모바일
SESS0002098,모바일
SESS0002099,모바일
SESS0002100,모바일
SESS0002101,모바일
SESS0002102,모바일
SESS0002103,모바일
SESS0002104,모바일
SESS0002105,모바일
SESS0002106,모바일
SESS0002107,모바일
SESS0002108,모바일
SESS0002109,모바일
SESS0002110,모바일
SESS0002111,모바일
SESS0002112,모바일
SESS0002113,모바일
SESS0002114,모바일
SESS0002115,모바일
SESS0002116,모바일
SESS0002117,모바일
SESS0002118,모바일
SESS0002119,모바일
SESS0002120,모바일
SESS0002121,모바일
SESS0002122,모바일
SESS0002123,모바일
SESS0002124,PC
SESS0002125,PC
SESS0002126,PC
SESS0002127,PC
SESS0002128,PC
SESS0002129,모바일
SESS0002130,모바일
SESS0002131,모바일
SESS0002132,모바일
SESS0002133,모바일
SESS0002134,모바일
SESS0002135,모바일
SESS0002136,모바일
SESS0002137,모바일
SESS0002138,모바일
SESS0002139,태블릿
SESS0002140,태블릿
SESS0002141,태블릿
SESS0002142,모바일
SESS0002143,모바일
SESS0002144,모바일
SESS0002145,모바일
SESS0002146,모바일
SESS0002147,모바일
SESS0002148,모바일
SESS0002149,모바일
SESS0002150,PC
SESS0002151,PC
SESS0002152,모바일
SESS0002153,모바일
SESS0002154,모바일
SESS0002155,모바일
SESS0002156,모바일
SESS0002157,모바일
SESS0002158,모바일
SESS0002159,모바일
SESS0002160,모바일
SESS0002161,모바일
SESS0002162,모바일
SESS0002163,모바일
SESS0002164,모바일
SESS0002165,모바일
SESS0002166,모바일
SESS0002167,모바일
SESS0002168,모바일
SESS0002169,모바일
SESS0002170,모바일
SESS0002171,PC
SESS0002172,모바일
SESS0002173,모바일
SESS0002174,모바일
SESS0002175,모바일
SESS0002176,모바일
SESS0002177,모바일
SESS0002178,PC
SESS0002179,PC
SESS0002180,모바일
SESS0002181,모바일
SESS0002182,모바일
SESS0002183,모바일
SESS0002184,모바일
SESS0002185,모바일
SESS0002186,모바일
SESS0002187,모바일
SESS0002188,모바일
SESS0002189,모바일
SESS0002190,모바일
SESS0002191,PC
SESS0002192,PC
SESS0002193,PC
SESS0002194,PC
SESS0002195,모바일
SESS0002196,모바일
SESS0002197,모바일
SESS0002198,모바일
SESS0002199,모바일
SESS0002200,모바일
SESS0002201,모바일
SESS0002202,모바일
SESS0002203,모바일
SESS0002204,모바일
SESS0002205,모바일
SESS0002206,모바일
SESS0002207,모바일
SESS0002208,모바일
SESS0002209,모바일
SESS0002210,모바일
SESS0002211,모바일
SESS0002212,모바일
SESS0002213,모바일
SESS0002214,모바일
SESS0002215,모바일
SESS0002216,모바일
SESS0002217,모바일
SESS0002218,모바일
SESS0002219,모바일
SESS0002220,모바일
SESS0002221,모바일
SESS0002222,모바일
SESS0002223,모바일
SESS0002224,모바일
SESS0002225,모바일
SESS0002226,모바일
SESS0002227,모바일
SESS0002228,모바일
SESS0002229,모바일
SESS0002230,모바일
SESS0002231,모바일
SESS0002232,모바일
SESS0002233,PC
SESS0002234,PC
SESS0002235,모바일
SESS0002236,모바일
SESS0002237,모바일
SESS0002238,모바일
SESS0002239,모바일
SESS0002240,모바일
SESS0002241,모바일
SESS0002242,모바일
SESS0002243,모바일
SESS0002244,모바일
SESS0002245,모바일
SESS0002246,모바일
SESS0002247,모바일
SESS0002248,모바일
SESS0002249,모바일
SESS0002250,모바일
SESS0002251,모바일
SESS0002252,모바일
SESS0002253,모바일
SESS0002254,모바일
SESS0002255,모바일
SESS0002256,모바일
SESS0002257,모바일
SESS0002258,모바일
SESS0002259,모바일
SESS0002260,모바일
SESS0002261,모바일
SESS0002262,모바일
SESS0002263,모바일
SESS0002264,모바일
SESS0002265,모바일
SESS0002266,모바일
SESS0002267,모바일
SESS0002268,모바일
SESS0002269,모바일
SESS0002270,모바일
SESS0002271,모바일
SESS0002272,모바일
SESS0002273,모바일
SESS0002274,모바일
SESS0002275,모바일
SESS0002276,태블릿
SESS0002277,모바일
SESS0002278,모바일
SESS0002279,모바일
SESS0002280,태블릿
SESS0002281,태블릿
SESS0002282,모바일
SESS0002283,모바일
SESS0002284,모바일
SESS0002285,모바일
SESS0002286,모바일
SESS0002287,모바일
SESS0002288,모바일
SESS0002289,모바일
SESS0002290,모바일
SESS0002291,모바일
SESS0002292,모바일
SESS0002293,PC
SESS0002294,모바일
SESS0002295,모바일
SESS0002296,모바일
SESS0002297,모바일
SESS0002298,모바일
SESS0002299,모바일
SESS0002300,모바일
SESS0002301,모바일
SESS0002302,모바일
SESS0002303,모바일
SESS0002304,모바일
SESS0002305,모바일
SESS0002306,모바일
SESS0002307,모바일
SESS0002308,모바일
SESS0002309,모바일
SESS0002310,모바일
SESS0002311,모바일
SESS0002312,모바일
SESS0002313,모바일
SESS0002314,모바일
SESS0002315,모바일
SESS0002316,모바일
SESS0002317,모바일
SESS0002318,모바일
SESS0002319,모바일
SESS0002320,모바일
SESS0002321,모바일
SESS0002322,모바일
SESS0002323,모바일
SESS0002324,모바일
SESS0002325,모바일
SESS0002326,모바일
SESS0002327,모바일
SESS0002328,모바일
SESS0002329,모바일
SESS0002330,모바일
SESS0002331,모바일
SESS0002332,모바일
SESS0002333,모바일
SESS0002334,모바일
SESS0002335,모바일
SESS0002336,PC
SESS0002337,모바일
SESS0002338,모바일
SESS0002339,모바일
SESS0002340,모바일
SESS0002341,모바일
SESS0002342,모바일
SESS0002343,모바일
SESS0002344,모바일
SESS0002345,모바일
SESS0002346,모바일
SESS0002347,모바일
SESS0002348,모바일
SESS0002349,모바일
SESS0002350,모바일
SESS0002351,모바일
SESS0002352,모바일
SESS0002353,모바일
SESS0002354,모바일
SESS0002355,모바일
SESS0002356,모바일
SESS0002357,모바일
SESS0002358,모바일
SESS0002359,모바일
SESS0002360,모바일
SESS0002361,모바일
SESS0002362,모바일
SESS0002363,PC
SESS0002364,PC
SESS0002365,모바일
SESS0002366,모바일
SESS0002367,PC
SESS0002368,PC
SESS0002369,PC
SESS0002370,모바일
SESS0002371,모바일
SESS0002372,모바일
SESS0002373,모바일
SESS0002374,모바일
SESS0002375,모바일
SESS0002376,모바일
SESS0002377,모바일
SESS0002378,모바일
SESS0002379,모바일
SESS0002380,모바일
SESS0002381,모바일
SESS0002382,모바일
SESS0002383,모바일
SESS0002384,모바일
SESS0002385,모바일
SESS0002386,모바일
SESS0002387,모바일
SESS0002388,모바일
SESS0002389,모바일
SESS0002390,모바일
SESS0002391,모바일
SESS0002392,모바일
SESS0002393,모바일
SESS0002394,모바일
SESS0002395,PC
SESS0002396,PC
SESS0002397,모바일
SESS0002398,모바일
SESS0002399,모바일
SESS0002400,모바일
SESS0002401,모바일
SESS0002402,모바일
SESS0002403,모바일
SESS0002404,PC
SESS0002405,PC
SESS0002406,PC
SESS0002407,PC
SESS0002408,PC
SESS0002409,모바일
SESS0002410,PC
SESS0002411,PC
SESS0002412,PC
SESS0002413,PC
SESS0002414,PC
SESS0002415,PC
SESS0002416,PC
SESS0002417,모바일
SESS0002418,모바일
SESS0002419,모바일
SESS0002420,모바일
SESS0002421,모바일
SESS0002422,모바일
SESS0002423,PC
SESS0002424,PC
SESS0002425,PC
SESS0002426,PC
SESS0002427,태블릿
SESS0002428,태블릿
SESS0002429,PC
SESS0002430,PC
SESS0002431,PC
SESS0002432,PC
SESS0002433,PC
SESS0002434,모바일
SESS0002435,모바일
SESS0002436,태블릿
SESS0002437,태블릿
SESS0002438,태블릿
SESS0002439,모바일
SESS0002440,모바일
SESS0002441,PC
SESS0002442,PC
SESS0002443,PC
SESS0002444,PC
SESS0002445,PC
SESS0002446,PC
SESS0002447,PC
SESS0002448,모바일
SESS0002449,모바일
SESS0002450,모바일
SESS0002451,모바일
SESS0002452,모바일
SESS0002453,모바일
SESS0002454,모바일
SESS0002455,모바일
SESS0002456,모바일
SESS0002457,모바일
SESS0002458,모바일
SESS0002459,모바일
SESS0002460,모바일
SESS0002461,모바일
SESS0002462,모바일
SESS0002463,모바일
SESS0002464,모바일
SESS0002465,모바일
SESS0002466,모바일
SESS0002467,태블릿
SESS0002468,태블릿
SESS0002469,태블릿
SESS0002470,태블릿
SESS0002471,태블릿
SESS0002472,태블릿
SESS0002473,태블릿
SESS0002474,태블릿
SESS0002475,모바일
SESS0002476,모바일
SESS0002477,모바일
SESS0002478,모바일
SESS0002479,모바일
SESS0002480,모바일
SESS0002481,모바일
SESS0002482,모바일
SESS0002483,모바일
SESS0002484,모바일
SESS0002485,PC
SESS0002486,PC
SESS0002487,모바일
SESS0002488,모바일
SESS0002489,모바일
SESS0002490,모바일
SESS0002491,모바일
SESS0002492,모바일
SESS0002493,모바일
SESS0002494,모바일
SESS0002495,모바일
SESS0002496,모바일
SESS0002497,모바일
SESS0002498,모바일
SESS0002499,모바일
SESS0002500,모바일
SESS0002501,모바일
SESS0002502,모바일
SESS0002503,PC
SESS0002504,PC
SESS0002505,PC
SESS0002506,PC
SESS0002507,모바일
SESS0002508,모바일
SESS0002509,모바일
SESS0002510,모바일
SESS0002511,모바일
SESS0002512,모바일
SESS0002513,태블릿
SESS0002514,태블릿
SESS0002515,태블릿
SESS0002516,태블릿
SESS0002517,태블릿
SESS0002518,모바일
SESS0002519,모바일
SESS0002520,모바일
SESS0002521,모바일
SESS0002522,PC
SESS0002523,PC
SESS0002524,PC
SESS0002525,모바일
SESS0002526,모바일
SESS0002527,모바일
SESS0002528,모바일
SESS0002529,모바일
SESS0002530,모바일
SESS0002531,모바일
SESS0002532,모바일
SESS0002533,모바일
SESS0002534,모바일
SESS0002535,태블릿
SESS0002536,태블릿
SESS0002537,태블릿
SESS0002538,모바일
SESS0002539,모바일
SESS0002540,태블릿
SESS0002541,태블릿
SESS0002542,모바일
SESS0002543,모바일
SESS0002544,모바일
SESS0002545,모바일
SESS0002546,모바일
SESS0002547,PC
SESS0002548,PC
SESS0002549,PC
SESS0002550,PC
SESS0002551,PC
SESS0002552,모바일
SESS0002553,모바일
SESS0002554,모바일
SESS0002555,PC
SESS0002556,PC
SESS0002557,모바일
SESS0002558,모바일
SESS0002559,모바일
SESS0002560,PC
SESS0002561,모바일
SESS0002562,모바일
SESS0002563,모바일
SESS0002564,모바일
SESS0002565,모바일
SESS0002566,모바일
SESS0002567,모바일
SESS0002568,모바일
SESS0002569,모바일
SESS0002570,모바일
SESS0002571,모바일
SESS0002572,모바일
SESS0002573,모바일
SESS0002574,모바일
SESS0002575,모바일
SESS0002576,모바일
SESS0002577,모바일
SESS0002578,모바일
SESS0002579,모바일
SESS0002580,모바일
SESS0002581,모바일
SESS0002582,모바일
SESS0002583,모바일
SESS0002584,모바일
SESS0002585,모바일
SESS0002586,모바일
SESS0002587,모바일
SESS0002588,모바일
SESS0002589,PC
SESS0002590,PC
SESS0002591,모바일
SESS0002592,모바일
SESS0002593,모바일
SESS0002594,모바일
SESS0002595,모바일
SESS0002596,모바일
SESS0002597,모바일
SESS0002598,모바일
SESS0002599,모바일
SESS0002600,모바일
SESS0002601,모바일
SESS0002602,모바일
SESS0002603,모바일
SESS0002604,모바일
SESS0002605,모바일
SESS0002606,모바일
SESS0002607,모바일
SESS0002608,모바일
SESS0002609,PC
SESS0002610,PC
SESS0002611,PC
SESS0002612,PC
SESS0002613,PC
SESS0002614,PC
SESS0002615,PC
SESS0002616,PC
SESS0002617,PC
SESS0002618,태블릿
SESS0002619,태블릿
SESS0002620,태블릿
SESS0002621,태블릿
SESS0002622,태블릿
SESS0002623,태블릿
SESS0002624,태블릿
SESS0002625,태블릿
SESS0002626,모바일
SESS0002627,모바일
SESS0002628,모바일
SESS0002629,모바일
SESS0002630,모바일
SESS0002631,PC
SESS0002632,PC
SESS0002633,PC
SESS0002634,PC
SESS0002635,PC
SESS0002636,PC
SESS0002637,PC
SESS0002638,PC
SESS0002639,PC
SESS0002640,PC
SESS0002641,태블릿
SESS0002642,태블릿
SESS0002643,태블릿
SESS0002644,모바일
SESS0002645,모바일
SESS0002646,모바일
SESS0002647,모바일
SESS0002648,모바일
SESS0002649,모바일
SESS0002650,모바일
SESS0002651,모바일
SESS0002652,모바일
SESS0002653,PC
SESS0002654,PC
SESS0002655,모바일
SESS0002656,모바일
SESS0002657,모바일
SESS0002658,모바일
SESS0002659,모바일
SESS0002660,모바일
SESS0002661,모바일
SESS0002662,모바일
SESS0002663,모바일
SESS0002664,모바일
SESS0002665,모바일
SESS0002666,모바일
SESS0002667,모바일
SESS0002668,모바일
SESS0002669,모바일
SESS0002670,모바일
SESS0002671,PC
SESS0002672,PC
SESS0002673,PC
SESS0002674,PC
SESS0002675,모바일
SESS0002676,모바일
SESS0002677,모바일
SESS0002678,모바일
SESS0002679,모바일
SESS0002680,모바일
SESS0002681,모바일
SESS0002682,모바일
SESS0002683,모바일
SESS0002684,모바일
SESS0002685,모바일
SESS0002686,모바일
SESS0002687,모바일
SESS0002688,모바일
SESS0002689,모바일
SESS0002690,모바일
SESS0002691,모바일
SESS0002692,모바일
SESS0002693,PC
SESS0002694,태블릿
SESS0002695,모바일
SESS0002696,모바일
SESS0002697,모바일
SESS0002698,모바일
SESS0002699,모바일
SESS0002700,모바일
SESS0002701,모바일
SESS0002702,모바일
SESS0002703,모바일
SESS0002704,모바일
SESS0002705,모바일
SESS0002706,모바일
SESS0002707,모바일
SESS0002708,모바일
SESS0002709,모바일
SESS0002710,모바일
SESS0002711,모바일
SESS0002712,모바일
SESS0002713,모바일
SESS0002714,모바일
SESS0002715,모바일
SESS0002716,모바일
SESS0002717,모바일
SESS0002718,모바일
SESS0002719,모바일
SESS0002720,모바일
SESS0002721,모바일
SESS0002722,모바일
SESS0002723,모바일
SESS0002724,모바일
SESS0002725,모바일
SESS0002726,태블릿
SESS0002727,태블릿
SESS0002728,PC
SESS0002729,모바일
SESS0002730,모바일
SESS0002731,PC
SESS0002732,PC
SESS0002733,PC
SESS0002734,모바일
SESS0002735,모바일
SESS0002736,모바일
SESS0002737,모바일
SESS0002738,태블릿
SESS0002739,PC
SESS0002740,PC
SESS0002741,PC
SESS0002742,PC
SESS0002743,PC
SESS0002744,PC
SESS0002745,모바일
SESS0002746,모바일
SESS0002747,모바일
SESS0002748,모바일
SESS0002749,모바일
SESS0002750,PC
SESS0002751,PC
SESS0002752,PC
SESS0002753,모바일
SESS0002754,모바일
SESS0002755,PC
SESS0002756,PC
SESS0002757,PC
SESS0002758,PC
SESS0002759,PC
SESS0002760,PC
SESS0002761,모바일
SESS0002762,모바일
SESS0002763,모바일
SESS0002764,모바일
SESS0002765,모바일
SESS0002766,모바일
SESS0002767,모바일
SESS0002768,모바일
SESS0002769,모바일
SESS0002770,모바일
SESS0002771,PC
SESS0002772,PC
SESS0002773,PC
SESS0002774,PC
SESS0002775,PC
SESS0002776,PC
SESS0002777,PC
SESS0002778,PC
SESS0002779,PC
SESS0002780,PC
SESS0002781,PC
SESS0002782,PC
SESS0002783,PC
SESS0002784,PC
SESS0002785,PC
SESS0002786,PC
SESS0002787,PC
SESS0002788,모바일
SESS0002789,모바일
SESS0002790,모바일
SESS0002791,모바일
SESS0002792,모바일
SESS0002793,모바일
SESS0002794,모바일
SESS0002795,태블릿
SESS0002796,태블릿
SESS0002797,태블릿
SESS0002798,태블릿
SESS0002799,모바일
SESS0002800,모바일
SESS0002801,모바일
SESS0002802,모바일
SESS0002803,모바일
SESS0002804,모바일
SESS0002805,모바일
SESS0002806,모바일
SESS0002807,모바일
SESS0002808,모바일
SESS0002809,모바일
SESS0002810,모바일
SESS0002811,모바일
SESS0002812,모바일
SESS0002813,모바일
SESS0002814,모바일
SESS0002815,모바일
SESS0002816,모바일
SESS0002817,모바일
SESS0002818,모바일
SESS0002819,모바일
SESS0002820,모바일
SESS0002821,모바일
SESS0002822,모바일
SESS0002823,PC
SESS0002824,모바일
SESS0002825,모바일
SESS0002826,모바일
SESS0002827,PC
SESS0002828,PC
SESS0002829,PC
SESS0002830,PC
SESS0002831,PC
SESS0002832,PC
SESS0002833,PC
SESS0002834,PC
SESS0002835,모바일
SESS0002836,모바일
SESS0002837,모바일
SESS0002838,모바일
SESS0002839,모바일
SESS0002840,모바일
SESS0002841,태블릿
SESS0002842,태블릿
SESS0002843,모바일
SESS0002844,모바일
SESS0002845,모바일
SESS0002846,모바일
SESS0002847,모바일
SESS0002848,모바일
SESS0002849,모바일
SESS0002850,모바일
SESS0002851,모바일
SESS0002852,모바일
SESS0002853,모바일
SESS0002854,모바일
SESS0002855,모바일
SESS0002856,모바일
SESS0002857,모바일
SESS0002858,모바일
SESS0002859,모바일
SESS0002860,모바일
SESS0002861,모바일
SESS0002862,모바일
SESS0002863,모바일
SESS0002864,모바일
SESS0002865,모바일
SESS0002866,모바일
SESS0002867,태블릿
SESS0002868,태블릿
SESS0002869,태블릿
SESS0002870,모바일
SESS0002871,모바일
SESS0002872,모바일
SESS0002873,모바일
SESS0002874,모바일
SESS0002875,모바일
SESS0002876,모바일
SESS0002877,모바일
SESS0002878,모바일
SESS0002879,모바일
SESS0002880,모바일
SESS0002881,모바일
SESS0002882,모바일
SESS0002883,PC
SESS0002884,PC
SESS0002885,PC
SESS0002886,PC
SESS0002887,PC
SESS0002888,PC
SESS0002889,PC
SESS0002890,PC
SESS0002891,PC
SESS0002892,PC
SESS0002893,PC
SESS0002894,PC
SESS0002895,태블릿
SESS0002896,모바일
SESS0002897,모바일
SESS0002898,모바일
SESS0002899,PC
SESS0002900,PC
SESS0002901,PC
SESS0002902,PC
SESS0002903,모바일
SESS0002904,모바일
SESS0002905,PC
SESS0002906,모바일
SESS0002907,모바일
SESS0002908,모바일
SESS0002909,모바일
SESS0002910,모바일
SESS0002911,모바일
SESS0002912,모바일
SESS0002913,모바일
SESS0002914,모바일
SESS0002915,모바일
SESS0002916,모바일
SESS0002917,모바일
SESS0002918,PC
SESS0002919,모바일
SESS0002920,모바일
SESS0002921,PC
SESS0002922,PC
SESS0002923,PC
SESS0002924,PC
SESS0002925,PC
SESS0002926,PC
SESS0002927,PC
SESS0002928,PC
SESS0002929,모바일
SESS0002930,모바일
SESS0002931,모바일
SESS0002932,모바일
SESS0002933,모바일
SESS0002934,모바일
SESS0002935,모바일
SESS0002936,모바일
SESS0002937,모바일
SESS0002938,모바일
SESS0002939,모바일
SESS0002940,모바일
SESS0002941,모바일
SESS0002942,모바일
SESS0002943,모바일
SESS0002944,모바일
SESS0002945,모바일
SESS0002946,모바일
SESS0002947,모바일
SESS0002948,태블릿
SESS0002949,태블릿
SESS0002950,태블릿
SESS0002951,태블릿
SESS0002952,모바일
SESS0002953,PC
SESS0002954,PC
SESS0002955,PC
SESS0002956,PC
SESS0002957,PC
SESS0002958,모바일
SESS0002959,모바일
SESS0002960,모바일
SESS0002961,모바일
SESS0002962,모바일
SESS0002963,모바일
SESS0002964,모바일
SESS0002965,모바일
SESS0002966,태블릿
SESS0002967,태블릿
SESS0002968,모바일
SESS0002969,모바일
SESS0002970,모바일
SESS0002971,모바일
SESS0002972,모바일
SESS0002973,모바일
SESS0002974,모바일
SESS0002975,모바일
SESS0002976,PC
SESS0002977,PC
SESS0002978,PC
SESS0002979,PC
SESS0002980,PC
SESS0002981,PC
SESS0002982,모바일
SESS0002983,모바일
SESS0002984,모바일
SESS0002985,모바일
SESS0002986,모바일
SESS0002987,모바일
SESS0002988,모바일
SESS0002989,모바일
SESS0002990,모바일
SESS0002991,모바일
SESS0002992,모바일
SESS0002993,PC
SESS0002994,PC
SESS0002995,PC
SESS0002996,PC
SESS0002997,PC
SESS0002998,PC
SESS0002999,PC
SESS0003000,PC
SESS0003001,PC
SESS0003002,모바일
SESS0003003,모바일
SESS0003004,모바일
SESS0003005,모바일
SESS0003006,모바일
SESS0003007,모바일
SESS0003008,모바일
SESS0003009,PC
SESS0003010,PC
SESS0003011,PC
SESS0003012,모바일
SESS0003013,모바일
SESS0003014,모바일
SESS0003015,모바일
SESS0003016,모바일
SESS0003017,모바일
SESS0003018,모바일
SESS0003019,모바일
SESS0003020,모바일
SESS0003021,모바일
SESS0003022,모바일
SESS0003023,모바일
SESS0003024,모바일
SESS0003025,모바일
SESS0003026,모바일
SESS0003027,모바일
SESS0003028,모바일
SESS0003029,모바일
SESS0003030,모바일
SESS0003031,모바일
SESS0003032,모바일
SESS0003033,모바일
SESS0003034,모바일
SESS0003035,모바일
SESS0003036,모바일
SESS0003037,모바일
SESS0003038,모바일
SESS0003039,모바일
SESS0003040,모바일
SESS0003041,모바일
SESS0003042,모바일
SESS0003043,PC
SESS0003044,PC
SESS0003045,PC
SESS0003046,PC
SESS0003047,PC
SESS0003048,PC
SESS0003049,PC
SESS0003050,PC
SESS0003051,PC
SESS0003052,PC
SESS0003053,PC
SESS0003054,PC
SESS0003055,PC
SESS0003056,모바일
SESS0003057,모바일
SESS0003058,모바일
SESS0003059,모바일
SESS0003060,모바일
SESS0003061,모바일
SESS0003062,모바일
SESS0003063,모바일
SESS0003064,모바일
SESS0003065,모바일
SESS0003066,모바일
SESS0003067,PC
SESS0003068,PC
SESS0003069,PC
SESS0003070,PC
SESS0003071,모바일
SESS0003072,모바일
SESS0003073,모바일
SESS0003074,모바일
SESS0003075,모바일
SESS0003076,모바일
SESS0003077,모바일
SESS0003078,모바일
SESS0003079,모바일
SESS0003080,모바일
SESS0003081,모바일
SESS0003082,모바일
SESS0003083,모바일
SESS0003084,모바일
SESS0003085,모바일
SESS0003086,PC
SESS0003087,PC
SESS0003088,PC
SESS0003089,PC
SESS0003090,모바일
SESS0003091,모바일
SESS0003092,모바일
SESS0003093,모바일
SESS0003094,모바일
SESS0003095,모바일
SESS0003096,태블릿
SESS0003097,모바일
SESS0003098,모바일
SESS0003099,모바일
SESS0003100,모바일
SESS0003101,모바일
SESS0003102,모바일
SESS0003103,모바일
SESS0003104,모바일
SESS0003105,모바일
SESS0003106,PC
SESS0003107,PC
SESS0003108,PC
SESS0003109,PC
SESS0003110,PC
SESS0003111,PC
SESS0003112,PC
SESS0003113,PC
SESS0003114,PC
SESS0003115,모바일
SESS0003116,PC
SESS0003117,PC
SESS0003118,PC
SESS0003119,PC
SESS0003120,모바일
SESS0003121,모바일
SESS0003122,모바일
SESS0003123,모바일
SESS0003124,모바일
SESS0003125,모바일
SESS0003126,PC
SESS0003127,모바일
SESS0003128,모바일
SESS0003129,모바일
SESS0003130,모바일
SESS0003131,모바일
SESS0003132,모바일
SESS0003133,모바일
SESS0003134,모바일
SESS0003135,태블릿
SESS0003136,PC
SESS0003137,PC
SESS0003138,PC
SESS0003139,PC
SESS0003140,PC
SESS0003141,PC
SESS0003142,PC
SESS0003143,PC
SESS0003144,PC
SESS0003145,모바일
SESS0003146,모바일
SESS0003147,모바일
SESS0003148,모바일
SESS0003149,모바일
SESS0003150,모바일
SESS0003151,PC
SESS0003152,PC
SESS0003153,PC
SESS0003154,모바일
SESS0003155,모바일
SESS0003156,모바일
SESS0003157,모바일
SESS0003158,모바일
SESS0003159,모바일
SESS0003160,모바일
SESS0003161,모바일
SESS0003162,태블릿
SESS0003163,태블릿
SESS0003164,모바일
SESS0003165,모바일
SESS0003166,모바일
SESS0003167,모바일
SESS0003168,모바일
SESS0003169,모바일
SESS0003170,모바일
SESS0003171,모바일
SESS0003172,모바일
SESS0003173,모바일
SESS0003174,모바일
SESS0003175,모바일
SESS0003176,모바일
SESS0003177,모바일
SESS0003178,모바일
SESS0003179,모바일
SESS0003180,모바일
SESS0003181,모바일
SESS0003182,모바일
SESS0003183,모바일
SESS0003184,태블릿
SESS0003185,태블릿
SESS0003186,모바일
SESS0003187,모바일
SESS0003188,모바일
SESS0003189,모바일
SESS0003190,모바일
SESS0003191,모바일
SESS0003192,PC
SESS0003193,PC
SESS0003194,모바일
SESS0003195,모바일
SESS0003196,모바일
SESS0003197,모바일
SESS0003198,모바일
SESS0003199,PC
SESS0003200,PC
SESS0003201,PC
SESS0003202,PC
SESS0003203,PC
SESS0003204,PC
SESS0003205,PC
SESS0003206,모바일
SESS0003207,PC
SESS0003208,PC
SESS0003209,PC
SESS0003210,PC
SESS0003211,PC
SESS0003212,모바일
SESS0003213,모바일
SESS0003214,모바일
SESS0003215,태블릿
SESS0003216,태블릿
SESS0003217,태블릿
SESS0003218,모바일
SESS0003219,모바일
SESS0003220,모바일
SESS0003221,모바일
SESS0003222,모바일
SESS0003223,모바일
SESS0003224,모바일
SESS0003225,모바일
SESS0003226,모바일
SESS0003227,모바일
SESS0003228,모바일
SESS0003229,모바일
SESS0003230,PC
SESS0003231,PC
SESS0003232,모바일
SESS0003233,PC
SESS0003234,PC
SESS0003235,PC
SESS0003236,PC
SESS0003237,PC
SESS0003238,PC
SESS0003239,PC
SESS0003240,모바일
SESS0003241,모바일
SESS0003242,모바일
SESS0003243,모바일
SESS0003244,모바일
SESS0003245,모바일
SESS0003246,PC
SESS0003247,PC
SESS0003248,모바일
SESS0003249,모바일
SESS0003250,모바일
SESS0003251,모바일
SESS0003252,모바일
SESS0003253,모바일
SESS0003254,모바일
SESS0003255,모바일
SESS0003256,모바일
SESS0003257,모바일
SESS0003258,모바일
SESS0003259,모바일
SESS0003260,모바일
SESS0003261,모바일
SESS0003262,모바일
SESS0003263,모바일
SESS0003264,모바일
SESS0003265,모바일
SESS0003266,모바일
SESS0003267,모바일
SESS0003268,모바일
SESS0003269,모바일
SESS0003270,모바일
SESS0003271,모바일
SESS0003272,모바일
SESS0003273,모바일
SESS0003274,PC
SESS0003275,PC
SESS0003276,PC
SESS0003277,모바일
SESS0003278,모바일
SESS0003279,모바일
SESS0003280,모바일
SESS0003281,모바일
SESS0003282,모바일
SESS0003283,모바일
SESS0003284,모바일
SESS0003285,모바일
SESS0003286,모바일
SESS0003287,모바일
SESS0003288,모바일
SESS0003289,모바일
SESS0003290,PC
SESS0003291,PC
SESS0003292,PC
SESS0003293,PC
SESS0003294,PC
SESS0003295,모바일
SESS0003296,모바일
SESS0003297,모바일
SESS0003298,모바일
SESS0003299,모바일
SESS0003300,모바일
SESS0003301,모바일
SESS0003302,모바일
SESS0003303,모바일
SESS0003304,모바일
SESS0003305,모바일
SESS0003306,모바일
SESS0003307,PC
SESS0003308,모바일
SESS0003309,모바일
SESS0003310,모바일
SESS0003311,모바일
SESS0003312,모바일
SESS0003313,모바일
SESS0003314,모바일
SESS0003315,모바일
SESS0003316,모바일
SESS0003317,모바일
SESS0003318,모바일
SESS0003319,모바일
SESS0003320,모바일
SESS0003321,모바일
SESS0003322,모바일
SESS0003323,모바일
SESS0003324,모바일
SESS0003325,태블릿
SESS0003326,태블릿
SESS0003327,태블릿
SESS0003328,태블릿
SESS0003329,모바일
SESS0003330,모바일
SESS0003331,모바일
SESS0003332,태블릿
SESS0003333,태블릿
SESS0003334,태블릿
SESS0003335,태블릿
SESS0003336,태블릿
SESS0003337,태블릿
SESS0003338,태블릿
SESS0003339,모바일
SESS0003340,모바일
SESS0003341,모바일
SESS0003342,모바일
SESS0003343,모바일
SESS0003344,태블릿
SESS0003345,태블릿
SESS0003346,모바일
SESS0003347,모바일
SESS0003348,모바일
SESS0003349,모바일
SESS0003350,모바일
SESS0003351,모바일
SESS0003352,모바일
SESS0003353,모바일
SESS0003354,모바일
SESS0003355,모바일
SESS0003356,모바일
SESS0003357,모바일
SESS0003358,모바일
SESS0003359,태블릿
SESS0003360,태블릿
SESS0003361,태블릿
SESS0003362,모바일
SESS0003363,모바일
SESS0003364,모바일
SESS0003365,모바일
SESS0003366,PC
SESS0003367,PC
SESS0003368,PC
SESS0003369,모바일
SESS0003370,모바일
SESS0003371,모바일
SESS0003372,모바일
SESS0003373,모바일
SESS0003374,모바일
SESS0003375,모바일
SESS0003376,모바일
SESS0003377,모바일
SESS0003378,태블릿
SESS0003379,태블릿
SESS0003380,태블릿
SESS0003381,모바일
SESS0003382,모바일
SESS0003383,모바일
SESS0003384,모바일
SESS0003385,모바일
SESS0003386,모바일
SESS0003387,모바일
SESS0003388,모바일
SESS0003389,모바일
SESS0003390,모바일
SESS0003391,모바일
SESS0003392,PC
SESS0003393,PC
SESS0003394,PC
SESS0003395,태블릿
SESS0003396,태블릿
SESS0003397,모바일
SESS0003398,모바일
SESS0003399,모바일
SESS0003400,모바일
SESS0003401,모바일
SESS0003402,모바일
SESS0003403,모바일
SESS0003404,PC
SESS0003405,PC
SESS0003406,PC
SESS0003407,모바일
SESS0003408,모바일
SESS0003409,모바일
SESS0003410,모바일
SESS0003411,모바일
SESS0003412,모바일
SESS0003413,모바일
SESS0003414,모바일
SESS0003415,모바일
SESS0003416,모바일
SESS0003417,모바일
SESS0003418,PC
SESS0003419,PC
SESS0003420,PC
SESS0003421,PC
SESS0003422,PC
SESS0003423,모바일
SESS0003424,모바일
SESS0003425,모바일
SESS0003426,모바일
SESS0003427,모바일
SESS0003428,모바일
SESS0003429,모바일
SESS0003430,모바일
SESS0003431,모바일
SESS0003432,모바일
SESS0003433,모바일
SESS0003434,모바일
SESS0003435,모바일
SESS0003436,모바일
SESS0003437,모바일
SESS0003438,모바일
SESS0003439,모바일
SESS0003440,모바일
SESS0003441,모바일
SESS0003442,모바일
SESS0003443,모바일
SESS0003444,모바일
SESS0003445,모바일
SESS0003446,모바일
SESS0003447,PC
SESS0003448,PC
SESS0003449,PC
SESS0003450,PC
SESS0003451,PC
SESS0003452,PC
SESS0003453,모바일
SESS0003454,모바일
SESS0003455,모바일
SESS0003456,모바일
SESS0003457,모바일
SESS0003458,모바일
SESS0003459,모바일
SESS0003460,모바일
SESS0003461,모바일
SESS0003462,모바일
SESS0003463,모바일
SESS0003464,모바일
SESS0003465,모바일
SESS0003466,모바일
SESS0003467,모바일
SESS0003468,모바일
SESS0003469,모바일
SESS0003470,모바일
SESS0003471,모바일
SESS0003472,모바일
SESS0003473,모바일
SESS0003474,모바일
SESS0003475,PC
SESS0003476,PC
SESS0003477,PC
SESS0003478,PC
SESS0003479,모바일
SESS0003480,모바일
SESS0003481,모바일
SESS0003482,모바일
SESS0003483,모바일
SESS0003484,모바일
SESS0003485,모바일
SESS0003486,모바일
SESS0003487,모바일
SESS0003488,모바일
SESS0003489,모바일
SESS0003490,모바일
SESS0003491,PC
SESS0003492,PC
SESS0003493,모바일
SESS0003494,모바일
SESS0003495,모바일
SESS0003496,모바일
SESS0003497,모바일
SESS0003498,모바일
SESS0003499,모바일
SESS0003500,모바일
SESS0003501,모바일
SESS0003502,모바일
SESS0003503,모바일
SESS0003504,모바일
SESS0003505,모바일
SESS0003506,모바일
SESS0003507,모바일
SESS0003508,모바일
SESS0003509,태블릿
SESS0003510,태블릿
SESS0003511,모바일
SESS0003512,PC
SESS0003513,PC
SESS0003514,태블릿
SESS0003515,태블릿
SESS0003516,모바일
SESS0003517,모바일
SESS0003518,모바일
SESS0003519,모바일
SESS0003520,모바일
SESS0003521,모바일
SESS0003522,모바일
SESS0003523,모바일
SESS0003524,모바일
SESS0003525,모바일
SESS0003526,모바일
SESS0003527,모바일
SESS0003528,모바일
SESS0003529,모바일
SESS0003530,모바일
SESS0003531,모바일
SESS0003532,모바일
SESS0003533,모바일
SESS0003534,모바일
SESS0003535,모바일
SESS0003536,모바일
SESS0003537,모바일
SESS0003538,모바일
SESS0003539,모바일
SESS0003540,모바일
SESS0003541,모바일
SESS0003542,모바일
SESS0003543,모바일
SESS0003544,모바일
SESS0003545,모바일
SESS0003546,모바일
SESS0003547,모바일
SESS0003548,모바일
SESS0003549,PC
SESS0003550,모바일
SESS0003551,모바일
SESS0003552,모바일
SESS0003553,모바일
SESS0003554,모바일
SESS0003555,모바일
SESS0003556,모바일
SESS0003557,모바일
SESS0003558,모바일
SESS0003559,모바일
SESS0003560,모바일
SESS0003561,모바일
SESS0003562,모바일
SESS0003563,모바일
SESS0003564,모바일
SESS0003565,모바일
SESS0003566,모바일
SESS0003567,모바일
SESS0003568,모바일
SESS0003569,모바일
SESS0003570,모바일
SESS0003571,모바일
SESS0003572,모바일
SESS0003573,모바일
SESS0003574,모바일
SESS0003575,모바일
SESS0003576,PC
SESS0003577,PC
SESS0003578,PC
SESS0003579,PC
SESS0003580,PC
SESS0003581,모바일
SESS0003582,모바일
SESS0003583,모바일
SESS0003584,모바일
SESS0003585,PC
SESS0003586,모바일
SESS0003587,모바일
SESS0003588,모바일
SESS0003589,모바일
SESS0003590,모바일
SESS0003591,모바일
SESS0003592,모바일
SESS0003593,모바일
SESS0003594,모바일
SESS0003595,모바일
SESS0003596,모바일
SESS0003597,모바일
SESS0003598,모바일
SESS0003599,모바일
SESS0003600,모바일
SESS0003601,모바일
SESS0003602,모바일
SESS0003603,모바일
SESS0003604,모바일
SESS0003605,모바일
SESS0003606,모바일
SESS0003607,모바일
SESS0003608,모바일
SESS0003609,모바일
SESS0003610,모바일
SESS0003611,모바일
SESS0003612,모바일
SESS0003613,모바일
SESS0003614,모바일
SESS0003615,모바일
SESS0003616,PC
SESS0003617,PC
SESS0003618,PC
SESS0003619,모바일
SESS0003620,PC
SESS0003621,PC
SESS0003622,PC
SESS0003623,PC
SESS0003624,PC
SESS0003625,모바일
SESS0003626,모바일
SESS0003627,모바일
SESS0003628,모바일
SESS0003629,모바일
SESS0003630,태블릿
SESS0003631,태블릿
SESS0003632,태블릿
SESS0003633,태블릿
SESS0003634,태블릿
SESS0003635,태블릿
SESS0003636,태블릿
SESS0003637,태블릿
SESS0003638,모바일
SESS0003639,모바일
SESS0003640,모바일
SESS0003641,모바일
SESS0003642,모바일
SESS0003643,모바일
SESS0003644,모바일
SESS0003645,모바일
SESS0003646,PC
SESS0003647,PC
SESS0003648,PC
SESS0003649,PC
SESS0003650,PC
SESS0003651,PC
SESS0003652,모바일
SESS0003653,모바일
SESS0003654,모바일
SESS0003655,모바일
SESS0003656,PC
SESS0003657,PC
SESS0003658,PC
SESS0003659,태블릿
SESS0003660,태블릿
SESS0003661,모바일
SESS0003662,모바일
SESS0003663,모바일
SESS0003664,모바일
SESS0003665,PC
SESS0003666,PC
SESS0003667,PC
SESS0003668,PC
SESS0003669,모바일
SESS0003670,모바일
SESS0003671,모바일
SESS0003672,모바일
SESS0003673,모바일
SESS0003674,모바일
SESS0003675,모바일
SESS0003676,모바일
SESS0003677,모바일
SESS0003678,모바일
SESS0003679,모바일
SESS0003680,모바일
SESS0003681,모바일
SESS0003682,모바일
SESS0003683,모바일
SESS0003684,모바일
SESS0003685,모바일
SESS0003686,모바일
SESS0003687,모바일
SESS0003688,모바일
SESS0003689,PC
SESS0003690,PC
SESS0003691,PC
SESS0003692,PC
SESS0003693,모바일
SESS0003694,모바일
SESS0003695,태블릿
SESS0003696,태블릿
SESS0003697,태블릿
SESS0003698,태블릿
SESS0003699,태블릿
SESS0003700,PC
SESS0003701,모바일
SESS0003702,모바일
SESS0003703,모바일
SESS0003704,모바일
SESS0003705,모바일
SESS0003706,모바일
SESS0003707,모바일
SESS0003708,PC
SESS0003709,PC
SESS0003710,PC
SESS0003711,PC
SESS0003712,모바일
SESS0003713,모바일
SESS0003714,모바일
SESS0003715,모바일
SESS0003716,모바일
SESS0003717,모바일
SESS0003718,모바일
SESS0003719,모바일
SESS0003720,모바일
SESS0003721,모바일
SESS0003722,모바일
SESS0003723,모바일
SESS0003724,모바일
SESS0003725,태블릿
SESS0003726,모바일
SESS0003727,모바일
SESS0003728,모바일
SESS0003729,모바일
SESS0003730,태블릿
SESS0003731,태블릿
SESS0003732,태블릿
SESS0003733,태블릿
SESS0003734,모바일
SESS0003735,모바일
SESS0003736,모바일
SESS0003737,모바일
SESS0003738,모바일
SESS0003739,모바일
SESS0003740,모바일
SESS0003741,모바일
SESS0003742,모바일
SESS0003743,모바일
SESS0003744,모바일
SESS0003745,모바일
SESS0003746,모바일
SESS0003747,모바일
SESS0003748,모바일
SESS0003749,모바일
SESS0003750,모바일
SESS0003751,모바일
SESS0003752,모바일
SESS0003753,모바일
SESS0003754,모바일
SESS0003755,모바일
SESS0003756,모바일
SESS0003757,모바일
SESS0003758,모바일
SESS0003759,모바일
SESS0003760,모바일
SESS0003761,모바일
SESS0003762,모바일
SESS0003763,모바일
SESS0003764,모바일
SESS0003765,모바일
SESS0003766,모바일
SESS0003767,모바일
SESS0003768,모바일
SESS0003769,모바일
SESS0003770,모바일
SESS0003771,모바일
SESS0003772,모바일
SESS0003773,모바일
SESS0003774,모바일
SESS0003775,모바일
SESS0003776,모바일
SESS0003777,모바일
SESS0003778,모바일
SESS0003779,모바일
SESS0003780,모바일
SESS0003781,모바일
SESS0003782,모바일
SESS0003783,모바일
SESS0003784,모바일
SESS0003785,모바일
SESS0003786,모바일
SESS0003787,모바일
SESS0003788,모바일
SESS0003789,모바일
SESS0003790,모바일
SESS0003791,모바일
SESS0003792,모바일
SESS0003793,모바일
SESS0003794,모바일
SESS0003795,모바일
SESS0003796,모바일
SESS0003797,태블릿
SESS0003798,태블릿
SESS0003799,태블릿
SESS0003800,태블릿
SESS0003801,태블릿
SESS0003802,태블릿
SESS0003803,모바일
SESS0003804,모바일
SESS0003805,모바일
SESS0003806,PC
SESS0003807,PC
SESS0003808,모바일
SESS0003809,모바일
SESS0003810,모바일
SESS0003811,모바일
SESS0003812,모바일
SESS0003813,모바일
SESS0003814,모바일
SESS0003815,모바일
SESS0003816,모바일
SESS0003817,모바일
SESS0003818,모바일
SESS0003819,모바일
SESS0003820,모바일
SESS0003821,모바일
SESS0003822,모바일
SESS0003823,모바일
SESS0003824,모바일
SESS0003825,모바일
SESS0003826,모바일
SESS0003827,모바일
SESS0003828,모바일
SESS0003829,모바일
SESS0003830,모바일
SESS0003831,모바일
SESS0003832,모바일
SESS0003833,모바일
SESS0003834,모바일
SESS0003835,모바일
SESS0003836,태블릿
SESS0003837,모바일
SESS0003838,모바일
SESS0003839,모바일
SESS0003840,모바일
SESS0003841,모바일
SESS0003842,모바일
SESS0003843,모바일
SESS0003844,모바일
SESS0003845,모바일
SESS0003846,태블릿
SESS0003847,태블릿
SESS0003848,모바일
SESS0003849,모바일
SESS0003850,모바일
SESS0003851,모바일
SESS0003852,모바일
SESS0003853,모바일
SESS0003854,PC
SESS0003855,PC
SESS0003856,모바일
SESS0003857,모바일
SESS0003858,모바일
SESS0003859,모바일
SESS0003860,모바일
SESS0003861,태블릿
SESS0003862,태블릿
SESS0003863,모바일
SESS0003864,PC
SESS0003865,모바일
SESS0003866,태블릿
SESS0003867,태블릿
SESS0003868,태블릿
SESS0003869,태블릿
SESS0003870,태블릿
SESS0003871,태블릿
SESS0003872,모바일
SESS0003873,모바일
SESS0003874,모바일
SESS0003875,모바일
SESS0003876,PC
SESS0003877,PC
SESS0003878,PC
SESS0003879,PC
SESS0003880,PC
SESS0003881,모바일
SESS0003882,모바일
SESS0003883,모바일
SESS0003884,모바일
SESS0003885,모바일
SESS0003886,모바일
SESS0003887,모바일
SESS0003888,태블릿
SESS0003889,모바일
SESS0003890,PC
SESS0003891,PC
SESS0003892,PC
SESS0003893,PC
SESS0003894,PC
SESS0003895,PC
SESS0003896,PC
SESS0003897,모바일
SESS0003898,태블릿
SESS0003899,태블릿
SESS0003900,태블릿
SESS0003901,PC
SESS0003902,PC
SESS0003903,PC
SESS0003904,PC
SESS0003905,모바일
SESS0003906,모바일
SESS0003907,모바일
SESS0003908,모바일
SESS0003909,모바일
SESS0003910,PC
SESS0003911,PC
SESS0003912,PC
SESS0003913,PC
SESS0003914,PC
SESS0003915,모바일
SESS0003916,모바일
SESS0003917,모바일
SESS0003918,태블릿
SESS0003919,태블릿
SESS0003920,태블릿
SESS0003921,태블릿
SESS0003922,태블릿
SESS0003923,태블릿
SESS0003924,PC
SESS0003925,모바일
SESS0003926,모바일
SESS0003927,모바일
SESS0003928,모바일
SESS0003929,모바일
SESS0003930,모바일
SESS0003931,모바일
SESS0003932,PC
SESS0003933,PC
SESS0003934,PC
SESS0003935,PC
SESS0003936,PC
SESS0003937,모바일
SESS0003938,모바일
SESS0003939,모바일
SESS0003940,모바일
SESS0003941,모바일
SESS0003942,모바일
SESS0003943,모바일
SESS0003944,모바일
SESS0003945,모바일
SESS0003946,모바일
SESS0003947,모바일
SESS0003948,PC
SESS0003949,모바일
SESS0003950,모바일
SESS0003951,모바일
SESS0003952,PC
SESS0003953,PC
SESS0003954,모바일
SESS0003955,모바일
SESS0003956,모바일
SESS0003957,모바일
SESS0003958,모바일
SESS0003959,모바일
SESS0003960,PC
SESS0003961,PC
SESS0003962,PC
SESS0003963,PC
SESS0003964,PC
SESS0003965,PC
SESS0003966,PC
SESS0003967,PC
SESS0003968,PC
SESS0003969,PC
SESS0003970,PC
SESS0003971,태블릿
SESS0003972,태블릿
SESS0003973,태블릿
SESS0003974,태블릿
SESS0003975,모바일
SESS0003976,모바일
SESS0003977,모바일
SESS0003978,모바일
SESS0003979,모바일
SESS0003980,모바일
SESS0003981,모바일
SESS0003982,모바일
SESS0003983,모바일
SESS0003984,모바일
SESS0003985,모바일
SESS0003986,모바일
SESS0003987,모바일
SESS0003988,모바일
SESS0003989,모바일
SESS0003990,모바일
SESS0003991,모바일
SESS0003992,모바일
SESS0003993,모바일
SESS0003994,모바일
SESS0003995,PC
SESS0003996,모바일
SESS0003997,모바일
SESS0003998,모바일
SESS0003999,모바일
SESS0004000,모바일
SESS0004001,모바일
SESS0004002,모바일
SESS0004003,모바일
SESS0004004,모바일
SESS0004005,모바일
SESS0004006,모바일
SESS0004007,모바일
SESS0004008,모바일
SESS0004009,모바일
SESS0004010,모바일
SESS0004011,모바일
SESS0004012,모바일
SESS0004013,모바일
SESS0004014,모바일
SESS0004015,모바일
SESS0004016,모바일
SESS0004017,모바일
SESS0004018,모바일
SESS0004019,모바일
SESS0004020,모바일
SESS0004021,모바일
SESS0004022,PC
SESS0004023,PC
SESS0004024,PC
SESS0004025,PC
SESS0004026,모바일
SESS0004027,모바일
SESS0004028,모바일
SESS0004029,모바일
SESS0004030,모바일
SESS0004031,모바일
SESS0004032,PC
SESS0004033,PC
SESS0004034,PC
SESS0004035,모바일
SESS0004036,모바일
SESS0004037,모바일
SESS0004038,모바일
SESS0004039,모바일
SESS0004040,태블릿
SESS0004041,태블릿
SESS0004042,모바일
SESS0004043,모바일
SESS0004044,모바일
SESS0004045,모바일
SESS0004046,모바일
SESS0004047,모바일
SESS0004048,모바일
SESS0004049,모바일
SESS0004050,모바일
SESS0004051,모바일
SESS0004052,모바일
SESS0004053,모바일
SESS0004054,모바일
SESS0004055,모바일
SESS0004056,모바일
SESS0004057,모바일
SESS0004058,모바일
SESS0004059,모바일
SESS0004060,모바일
SESS0004061,모바일
SESS0004062,모바일
SESS0004063,모바일
SESS0004064,모바일
SESS0004065,모바일
SESS0004066,모바일
SESS0004067,모바일
SESS0004068,모바일
SESS0004069,모바일
SESS0004070,모바일
SESS0004071,모바일
SESS0004072,모바일
SESS0004073,모바일
SESS0004074,모바일
SESS0004075,모바일
SESS0004076,모바일
SESS0004077,모바일
SESS0004078,모바일
SESS0004079,모바일
SESS0004080,모바일
SESS0004081,모바일
SESS0004082,모바일
SESS0004083,모바일
SESS0004084,모바일
SESS0004085,모바일
SESS0004086,모바일
SESS0004087,모바일
SESS0004088,모바일
SESS0004089,모바일
SESS0004090,모바일
SESS0004091,모바일
SESS0004092,모바일
SESS0004093,PC
SESS0004094,모바일
SESS0004095,모바일
SESS0004096,모바일
SESS0004097,모바일
SESS0004098,모바일
SESS0004099,모바일
SESS0004100,모바일
SESS0004101,모바일
SESS0004102,모바일
SESS0004103,모바일
SESS0004104,모바일
SESS0004105,태블릿
SESS0004106,태블릿
SESS0004107,모바일
SESS0004108,모바일
SESS0004109,모바일
SESS0004110,PC
SESS0004111,PC
SESS0004112,PC
SESS0004113,PC
SESS0004114,모바일
SESS0004115,모바일
SESS0004116,모바일
SESS0004117,모바일
SESS0004118,모바일
SESS0004119,모바일
SESS0004120,모바일
SESS0004121,모바일
SESS0004122,모바일
SESS0004123,모바일
SESS0004124,모바일
SESS0004125,모바일
SESS0004126,모바일
SESS0004127,PC
SESS0004128,모바일
SESS0004129,모바일
SESS0004130,모바일
SESS0004131,모바일
SESS0004132,모바일
SESS0004133,모바일
SESS0004134,모바일
SESS0004135,모바일
SESS0004136,모바일
SESS0004137,모바일
SESS0004138,모바일
SESS0004139,모바일
SESS0004140,모바일
SESS0004141,모바일
SESS0004142,모바일
SESS0004143,모바일
SESS0004144,PC
SESS0004145,PC
SESS0004146,PC
SESS0004147,PC
SESS0004148,PC
SESS0004149,PC
SESS0004150,모바일
SESS0004151,모바일
SESS0004152,모바일
SESS0004153,모바일
SESS0004154,모바일
SESS0004155,모바일
SESS0004156,모바일
SESS0004157,모바일
SESS0004158,모바일
SESS0004159,모바일
SESS0004160,모바일
SESS0004161,모바일
SESS0004162,모바일
SESS0004163,모바일
SESS0004164,모바일
SESS0004165,모바일
SESS0004166,PC
SESS0004167,PC
SESS0004168,모바일
SESS0004169,모바일
SESS0004170,모바일
SESS0004171,모바일
SESS0004172,모바일
SESS0004173,모바일
SESS0004174,모바일
SESS0004175,모바일
SESS0004176,모바일
SESS0004177,모바일
SESS0004178,PC
SESS0004179,PC
SESS0004180,PC
SESS0004181,PC
SESS0004182,PC
SESS0004183,모바일
SESS0004184,모바일
SESS0004185,모바일
SESS0004186,모바일
SESS0004187,모바일
SESS0004188,모바일
SESS0004189,모바일
SESS0004190,모바일
SESS0004191,모바일
SESS0004192,모바일
SESS0004193,모바일
SESS0004194,모바일
SESS0004195,모바일
SESS0004196,모바일
SESS0004197,모바일
SESS0004198,모바일
SESS0004199,모바일
SESS0004200,모바일
SESS0004201,모바일
SESS0004202,모바일
SESS0004203,모바일
SESS0004204,PC
SESS0004205,PC
SESS0004206,PC
SESS0004207,모바일
SESS0004208,모바일
SESS0004209,모바일
SESS0004210,모바일
SESS0004211,모바일
SESS0004212,모바일
SESS0004213,모바일
SESS0004214,모바일
SESS0004215,모바일
SESS0004216,모바일
SESS0004217,모바일
SESS0004218,모바일
SESS0004219,모바일
SESS0004220,PC
SESS0004221,PC
SESS0004222,PC
SESS0004223,PC
SESS0004224,PC
SESS0004225,PC
SESS0004226,PC
SESS0004227,PC
SESS0004228,모바일
SESS0004229,모바일
SESS0004230,PC
SESS0004231,PC
SESS0004232,PC
SESS0004233,PC
SESS0004234,PC
SESS0004235,태블릿
SESS0004236,태블릿
SESS0004237,태블릿
SESS0004238,태블릿
SESS0004239,모바일
SESS0004240,모바일
SESS0004241,모바일
SESS0004242,모바일
SESS0004243,모바일
SESS0004244,모바일
SESS0004245,모바일
SESS0004246,모바일
SESS0004247,모바일
SESS0004248,모바일
SESS0004249,모바일
SESS0004250,모바일
SESS0004251,모바일
SESS0004252,모바일
SESS0004253,모바일
SESS0004254,모바일
SESS0004255,모바일
SESS0004256,모바일
SESS0004257,모바일
SESS0004258,모바일
SESS0004259,모바일
SESS0004260,모바일
SESS0004261,모바일
SESS0004262,모바일
SESS0004263,모바일
SESS0004264,PC
SESS0004265,PC
SESS0004266,PC
SESS0004267,PC
SESS0004268,모바일
SESS0004269,모바일
SESS0004270,모바일
SESS0004271,모바일
SESS0004272,모바일
SESS0004273,모바일
SESS0004274,모바일
SESS0004275,모바일
SESS0004276,모바일
SESS0004277,모바일
SESS0004278,모바일
SESS0004279,모바일
SESS0004280,PC
SESS0004281,PC
SESS0004282,PC
SESS0004283,모바일
SESS0004284,모바일
SESS0004285,모바일
SESS0004286,모바일
SESS0004287,모바일
SESS0004288,모바일
SESS0004289,태블릿
SESS0004290,모바일
SESS0004291,모바일
SESS0004292,모바일
SESS0004293,모바일
SESS0004294,모바일
SESS0004295,모바일
SESS0004296,모바일
SESS0004297,모바일
SESS0004298,모바일
SESS0004299,태블릿
SESS0004300,모바일
SESS0004301,모바일
SESS0004302,모바일
SESS0004303,모바일
SESS0004304,모바일
SESS0004305,모바일
SESS0004306,모바일
SESS0004307,모바일
SESS0004308,모바일
SESS0004309,PC
SESS0004310,모바일
SESS0004311,모바일
SESS0004312,모바일
SESS0004313,모바일
SESS0004314,PC
SESS0004315,PC
SESS0004316,PC
SESS0004317,PC
SESS0004318,PC
SESS0004319,PC
SESS0004320,모바일
SESS0004321,모바일
SESS0004322,태블릿
SESS0004323,태블릿
SESS0004324,태블릿
SESS0004325,태블릿
SESS0004326,태블릿
SESS0004327,태블릿
SESS0004328,태블릿
SESS0004329,태블릿
SESS0004330,모바일
SESS0004331,모바일
SESS0004332,모바일
SESS0004333,모바일
SESS0004334,모바일
SESS0004335,모바일
SESS0004336,모바일
SESS0004337,모바일
SESS0004338,모바일
SESS0004339,PC
SESS0004340,PC
SESS0004341,PC
SESS0004342,모바일
SESS0004343,모바일
SESS0004344,모바일
SESS0004345,모바일
SESS0004346,PC
SESS0004347,PC
SESS0004348,모바일
SESS0004349,모바일
SESS0004350,모바일
SESS0004351,모바일
SESS0004352,모바일
SESS0004353,모바일
SESS0004354,모바일
SESS0004355,모바일
SESS0004356,태블릿
SESS0004357,태블릿
SESS0004358,태블릿
SESS0004359,모바일
SESS0004360,모바일
SESS0004361,모바일
SESS0004362,모바일
SESS0004363,모바일
SESS0004364,모바일
SESS0004365,모바일
SESS0004366,모바일
SESS0004367,모바일
SESS0004368,모바일
SESS0004369,모바일
SESS0004370,PC
SESS0004371,PC
SESS0004372,PC
SESS0004373,모바일
SESS0004374,모바일
SESS0004375,모바일
SESS0004376,모바일
SESS0004377,모바일
SESS0004378,PC
SESS0004379,모바일
SESS0004380,모바일
SESS0004381,모바일
SESS0004382,모바일
SESS0004383,모바일
SESS0004384,모바일
SESS0004385,PC
SESS0004386,PC
SESS0004387,PC
SESS0004388,모바일
SESS0004389,모바일
SESS0004390,모바일
SESS0004391,모바일
SESS0004392,모바일
SESS0004393,모바일
SESS0004394,모바일
SESS0004395,모바일
SESS0004396,모바일
SESS0004397,모바일
SESS0004398,모바일
SESS0004399,모바일
SESS0004400,모바일
SESS0004401,모바일
SESS0004402,모바일
SESS0004403,모바일
SESS0004404,모바일
SESS0004405,모바일
SESS0004406,PC
SESS0004407,PC
SESS0004408,PC
SESS0004409,PC
SESS0004410,PC
SESS0004411,PC
SESS0004412,태블릿
SESS0004413,태블릿
SESS0004414,태블릿
SESS0004415,태블릿
SESS0004416,태블릿
SESS0004417,모바일
SESS0004418,모바일
SESS0004419,모바일
SESS0004420,모바일
SESS0004421,모바일
SESS0004422,모바일
SESS0004423,모바일
SESS0004424,태블릿
SESS0004425,태블릿
SESS0004426,태블릿
SESS0004427,태블릿
SESS0004428,태블릿
SESS0004429,모바일
SESS0004430,모바일
SESS0004431,모바일
SESS0004432,모바일
SESS0004433,모바일
SESS0004434,모바일
SESS0004435,모바일
SESS0004436,모바일
SESS0004437,모바일
SESS0004438,모바일
SESS0004439,PC
SESS0004440,PC
SESS0004441,PC
SESS0004442,PC
SESS0004443,PC
SESS0004444,PC
SESS0004445,PC
SESS0004446,PC
SESS0004447,PC
SESS0004448,PC
SESS0004449,PC
SESS0004450,PC
SESS0004451,모바일
SESS0004452,모바일
SESS0004453,모바일
SESS0004454,모바일
SESS0004455,모바일
SESS0004456,모바일
SESS0004457,모바일
SESS0004458,모바일
SESS0004459,모바일
SESS0004460,PC
SESS0004461,PC
SESS0004462,모바일
SESS0004463,모바일
SESS0004464,모바일
SESS0004465,모바일
SESS0004466,모바일
SESS0004467,모바일
SESS0004468,모바일
SESS0004469,모바일
SESS0004470,모바일
SESS0004471,모바일
SESS0004472,모바일
SESS0004473,모바일
SESS0004474,모바일
SESS0004475,모바일
SESS0004476,모바일
SESS0004477,모바일
SESS0004478,모바일
SESS0004479,모바일
SESS0004480,모바일
SESS0004481,태블릿
SESS0004482,태블릿
SESS0004483,태블릿
SESS0004484,PC
SESS0004485,PC
SESS0004486,PC
SESS0004487,PC
SESS0004488,PC
SESS0004489,PC
SESS0004490,PC
SESS0004491,PC
SESS0004492,모바일
SESS0004493,모바일
SESS0004494,모바일
SESS0004495,모바일
SESS0004496,모바일
SESS0004497,모바일
SESS0004498,모바일
SESS0004499,모바일
SESS0004500,모바일
SESS0004501,모바일
SESS0004502,모바일
SESS0004503,모바일
SESS0004504,모바일
SESS0004505,모바일
SESS0004506,태블릿
SESS0004507,태블릿
SESS0004508,모바일
SESS0004509,모바일
SESS0004510,모바일
SESS0004511,모바일
SESS0004512,모바일
SESS0004513,모바일
SESS0004514,모바일
SESS0004515,모바일
SESS0004516,PC
SESS0004517,PC
SESS0004518,PC
SESS0004519,PC
SESS0004520,PC
SESS0004521,PC
SESS0004522,PC
SESS0004523,PC
SESS0004524,PC
SESS0004525,모바일
SESS0004526,모바일
SESS0004527,모바일
SESS0004528,모바일
SESS0004529,모바일
SESS0004530,모바일
SESS0004531,모바일
SESS0004532,모바일
SESS0004533,PC
SESS0004534,PC
SESS0004535,PC
SESS0004536,PC
SESS0004537,PC
SESS0004538,PC
SESS0004539,모바일
SESS0004540,모바일
SESS0004541,모바일
SESS0004542,모바일
SESS0004543,모바일
SESS0004544,모바일
SESS0004545,모바일
SESS0004546,모바일
SESS0004547,태블릿
SESS0004548,태블릿
SESS0004549,태블릿
SESS0004550,태블릿
SESS0004551,모바일
SESS0004552,모바일
SESS0004553,모바일
SESS0004554,모바일
SESS0004555,모바일
SESS0004556,모바일
SESS0004557,모바일
SESS0004558,모바일
SESS0004559,모바일
SESS0004560,모바일
SESS0004561,모바일
SESS0004562,모바일
SESS0004563,모바일
SESS0004564,모바일
SESS0004565,모바일
SESS0004566,모바일
SESS0004567,모바일
SESS0004568,모바일
SESS0004569,PC
SESS0004570,모바일
SESS0004571,모바일
SESS0004572,모바일
SESS0004573,모바일
SESS0004574,모바일
SESS0004575,모바일
SESS0004576,모바일
SESS0004577,모바일
SESS0004578,모바일
SESS0004579,모바일
SESS0004580,모바일
SESS0004581,모바일
SESS0004582,모바일
SESS0004583,모바일
SESS0004584,모바일
SESS0004585,모바일
SESS0004586,모바일
SESS0004587,모바일
SESS0004588,모바일
SESS0004589,모바일
SESS0004590,PC
SESS0004591,PC
SESS0004592,모바일
SESS0004593,모바일
SESS0004594,모바일
SESS0004595,모바일
SESS0004596,모바일
SESS0004597,모바일
SESS0004598,모바일
SESS0004599,모바일
SESS0004600,모바일
SESS0004601,PC
SESS0004602,PC
SESS0004603,모바일
SESS0004604,모바일
SESS0004605,모바일
SESS0004606,모바일
SESS0004607,모바일
SESS0004608,모바일
SESS0004609,모바일
SESS0004610,모바일
SESS0004611,모바일
SESS0004612,모바일
SESS0004613,모바일
SESS0004614,모바일
SESS0004615,모바일
SESS0004616,모바일
SESS0004617,모바일
SESS0004618,모바일
SESS0004619,모바일
SESS0004620,모바일
SESS0004621,모바일
SESS0004622,모바일
SESS0004623,모바일
SESS0004624,모바일
SESS0004625,PC
SESS0004626,모바일
SESS0004627,모바일
SESS0004628,PC
SESS0004629,모바일
SESS0004630,모바일
SESS0004631,모바일
SESS0004632,모바일
SESS0004633,모바일
SESS0004634,모바일
SESS0004635,모바일
SESS0004636,모바일
SESS0004637,모바일
SESS0004638,모바일
SESS0004639,모바일
SESS0004640,모바일
SESS0004641,모바일
SESS0004642,모바일
SESS0004643,모바일
SESS0004644,모바일
SESS0004645,모바일
SESS0004646,모바일
SESS0004647,모바일
SESS0004648,태블릿
SESS0004649,태블릿
SESS0004650,모바일
SESS0004651,모바일
SESS0004652,모바일
SESS0004653,모바일
SESS0004654,모바일
SESS0004655,모바일
SESS0004656,모바일
SESS0004657,모바일
SESS0004658,모바일
SESS0004659,모바일
SESS0004660,모바일
SESS0004661,모바일
SESS0004662,모바일
SESS0004663,모바일
SESS0004664,모바일
SESS0004665,모바일
SESS0004666,모바일
SESS0004667,모바일
SESS0004668,모바일
SESS0004669,모바일
SESS0004670,모바일
SESS0004671,PC
SESS0004672,PC
SESS0004673,PC
SESS0004674,PC
SESS0004675,PC
SESS0004676,PC
SESS0004677,PC
SESS0004678,PC
SESS0004679,모바일
SESS0004680,모바일
SESS0004681,모바일
SESS0004682,태블릿
SESS0004683,모바일
SESS0004684,PC
SESS0004685,PC
SESS0004686,PC
SESS0004687,모바일
SESS0004688,모바일
SESS0004689,모바일
SESS0004690,모바일
SESS0004691,모바일
SESS0004692,모바일
SESS0004693,모바일
SESS0004694,모바일
SESS0004695,모바일
SESS0004696,모바일
SESS0004697,모바일
SESS0004698,모바일
SESS0004699,모바일
SESS0004700,모바일
SESS0004701,PC
SESS0004702,PC
SESS0004703,PC
SESS0004704,PC
SESS0004705,PC
SESS0004706,모바일
SESS0004707,모바일
SESS0004708,모바일
SESS0004709,PC
SESS0004710,PC
SESS0004711,PC
SESS0004712,PC
SESS0004713,모바일
SESS0004714,모바일
SESS0004715,모바일
SESS0004716,모바일
SESS0004717,모바일
SESS0004718,모바일
SESS0004719,모바일
SESS0004720,모바일
SESS0004721,PC
SESS0004722,PC
SESS0004723,PC
SESS0004724,PC
SESS0004725,모바일
SESS0004726,모바일
SESS0004727,모바일
SESS0004728,모바일
SESS0004729,모바일
SESS0004730,모바일
SESS0004731,모바일
SESS0004732,모바일
SESS0004733,모바일
SESS0004734,모바일
SESS0004735,모바일
SESS0004736,모바일
SESS0004737,모바일
SESS0004738,모바일
SESS0004739,모바일
SESS0004740,모바일
SESS0004741,모바일
SESS0004742,모바일
SESS0004743,모바일
SESS0004744,모바일
SESS0004745,모바일
SESS0004746,모바일
SESS0004747,PC
SESS0004748,태블릿
SESS0004749,태블릿
SESS0004750,모바일
SESS0004751,모바일
SESS0004752,PC
SESS0004753,모바일
SESS0004754,모바일
SESS0004755,모바일
SESS0004756,모바일
SESS0004757,모바일
SESS0004758,모바일
SESS0004759,모바일
SESS0004760,태블릿
SESS0004761,태블릿
SESS0004762,태블릿
SESS0004763,모바일
SESS0004764,모바일
SESS0004765,모바일
SESS0004766,모바일
SESS0004767,모바일
SESS0004768,모바일
SESS0004769,모바일
SESS0004770,모바일
SESS0004771,모바일
SESS0004772,모바일
SESS0004773,모바일
SESS0004774,모바일
SESS0004775,모바일
SESS0004776,모바일
SESS0004777,모바일
SESS0004778,모바일
SESS0004779,태블릿
SESS0004780,PC
SESS0004781,PC
SESS0004782,PC
SESS0004783,PC
SESS0004784,PC
SESS0004785,PC
SESS0004786,모바일
SESS0004787,모바일
SESS0004788,모바일
SESS0004789,모바일
SESS0004790,모바일
SESS0004791,모바일
SESS0004792,모바일
SESS0004793,모바일
SESS0004794,모바일
SESS0004795,모바일
SESS0004796,모바일
SESS0004797,모바일
SESS0004798,모바일
SESS0004799,모바일
SESS0004800,모바일
SESS0004801,태블릿
SESS0004802,태블릿
SESS0004803,모바일
SESS0004804,모바일
SESS0004805,모바일
SESS0004806,모바일
SESS0004807,모바일
SESS0004808,모바일
SESS0004809,모바일
SESS0004810,모바일
SESS0004811,모바일
SESS0004812,모바일
SESS0004813,모바일
SESS0004814,모바일
SESS0004815,모바일
SESS0004816,모바일
SESS0004817,모바일
SESS0004818,모바일
SESS0004819,모바일
SESS0004820,모바일
SESS0004821,모바일
SESS0004822,모바일
SESS0004823,PC
SESS0004824,PC
SESS0004825,PC
SESS0004826,PC
SESS0004827,모바일
SESS0004828,모바일
SESS0004829,모바일
SESS0004830,모바일
SESS0004831,모바일
SESS0004832,모바일
SESS0004833,모바일
SESS0004834,모바일
SESS0004835,모바일
SESS0004836,모바일
SESS0004837,모바일
SESS0004838,모바일
SESS0004839,모바일
SESS0004840,모바일
SESS0004841,모바일
SESS0004842,모바일
SESS0004843,모바일
SESS0004844,PC
SESS0004845,PC
SESS0004846,PC
SESS0004847,모바일
SESS0004848,모바일
SESS0004849,모바일
SESS0004850,모바일
SESS0004851,모바일
SESS0004852,모바일
SESS0004853,모바일
SESS0004854,PC
SESS0004855,PC
SESS0004856,PC
SESS0004857,태블릿
SESS0004858,태블릿
SESS0004859,태블릿
SESS0004860,태블릿
SESS0004861,모바일
SESS0004862,PC
SESS0004863,PC
SESS0004864,PC
SESS0004865,PC
SESS0004866,모바일
SESS0004867,모바일
SESS0004868,모바일
SESS0004869,모바일
SESS0004870,모바일
SESS0004871,모바일
SESS0004872,모바일
SESS0004873,모바일
SESS0004874,모바일
SESS0004875,모바일
SESS0004876,PC
SESS0004877,모바일
SESS0004878,모바일
SESS0004879,모바일
SESS0004880,모바일
SESS0004881,모바일
SESS0004882,모바일
SESS0004883,모바일
SESS0004884,모바일
SESS0004885,모바일
SESS0004886,모바일
SESS0004887,모바일
SESS0004888,모바일
SESS0004889,모바일
SESS0004890,모바일
SESS0004891,모바일
SESS0004892,모바일
SESS0004893,모바일
SESS0004894,모바일
SESS0004895,모바일
SESS0004896,모바일
SESS0004897,모바일
SESS0004898,모바일
SESS0004899,모바일
SESS0004900,모바일
SESS0004901,모바일
SESS0004902,모바일
SESS0004903,모바일
SESS0004904,모바일
SESS0004905,PC
SESS0004906,PC
